Student_ID,Name,Department,Semester,CGPA,Attendance,Marks
110000,Aarav Joshi,EEE,7,4.65,26.39,82
109999,Aarav Jha,CSE,1,7.66,67.35,49
109998,Sneha Singh,CSE,1,4.7,63.92,89
109997,Aditya Jha,CSE,3,9.83,37.0,39
109996,Vikram Sharma,CE,3,5.31,45.08,17
109995,Sneha Jha,ME,3,8.2,21.92,68
109994,Priya Singh,ME,8,0.88,79.65,2
109993,Rohan Singh,ME,7,1.84,85.3,33
109992,Priya Patel,ECE,2,9.95,42.84,78
109991,Isha Sharma,CSE,2,3.29,3.39,90
109990,Sneha Reddy,EEE,4,3.94,76.41,42
109989,Priya Verma,CE,4,1.97,92.6,71
109988,Aditya Verma,CE,4,8.31,61.73,55
109987,Vikram Reddy,ECE,7,2.14,35.87,17
109986,Sneha Jha,EEE,3,8.3,36.78,81
109985,Ananya Rao,EEE,6,1.32,7.49,35
109984,Diya Sharma,ME,8,9.07,20.22,7
109983,Kabir Patel,ME,6,7.87,54.14,95
109982,Aditya Rao,EEE,3,4.58,68.84,43
109981,Aarav Gupta,ME,4,5.02,6.66,27
109980,Diya Joshi,CE,6,5.3,99.46,100
109979,Aditya Joshi,CSE,6,8.45,47.85,33
109978,Diya Reddy,CSE,1,2.91,51.49,2
109977,Priya Sharma,CE,4,3.28,52.62,24
109976,Vikram Verma,CE,7,6.36,98.62,12
109975,Aditya Sharma,ME,1,8.07,76.98,12
109974,Aarav Singh,CSE,8,8.75,52.79,27
109973,Rohan Patel,EEE,6,4.17,57.2,8
109972,Aditya Singh,EEE,7,0.58,56.87,88
109971,Sneha Singh,ECE,1,5.33,32.82,76
109970,Priya Verma,ME,7,7.64,96.94,1
109969,Priya Singh,EEE,1,4.91,1.26,80
109968,Diya Rao,ME,8,5.13,7.1,71
109967,Rohan Reddy,CSE,5,8.0,63.63,3
109966,Rohan Patel,ME,2,4.55,27.09,91
109965,Priya Patel,EEE,5,8.14,33.94,57
109964,Rohan Gupta,CE,2,9.47,65.92,16
109963,Vikram Reddy,ME,8,6.29,41.67,3
109962,Priya Reddy,ME,8,4.12,94.26,58
109961,Aarav Jha,ECE,8,6.81,75.78,100
109960,Vikram Reddy,CE,4,10.0,5.59,87
109959,Diya Gupta,CSE,8,2.24,38.73,43
109958,Kabir Gupta,EEE,7,4.05,14.36,12
109957,Vikram Sharma,ECE,7,8.76,20.27,21
109956,Vikram Sharma,EEE,6,8.56,90.17,39
109955,Aarav Reddy,CSE,5,3.82,55.42,63
109954,Ananya Reddy,ME,5,6.11,88.65,80
109953,Sneha Singh,ME,6,0.37,32.82,70
109952,Aarav Jha,EEE,7,4.78,77.25,5
109951,Isha Singh,ECE,4,4.15,94.07,14
109950,Priya Jha,EEE,5,4.44,63.08,8
109949,Rohan Joshi,ME,2,3.45,18.56,67
109948,Diya Reddy,ECE,4,3.11,20.09,76
109947,Diya Reddy,EEE,4,6.16,96.93,35
109946,Isha Verma,CSE,1,4.22,82.36,58
109945,Vikram Singh,ECE,7,3.58,50.88,14
109944,Sneha Reddy,CE,6,9.02,40.2,1
109943,Isha Patel,CSE,7,1.23,81.92,54
109942,Aditya Singh,EEE,7,8.12,36.85,60
109941,Vikram Jha,ECE,6,6.19,97.92,88
109940,Isha Kumar,ME,7,5.67,84.93,33
109939,Sneha Rao,CSE,2,3.48,82.2,1
109938,Priya Sharma,CSE,5,8.2,81.25,25
109937,Vikram Reddy,ME,6,3.9,89.1,54
109936,Diya Patel,CE,3,2.45,10.53,10
109935,Diya Gupta,ME,2,1.64,12.02,64
109934,Aditya Gupta,EEE,2,0.13,72.11,43
109933,Isha Joshi,CE,5,0.67,43.43,69
109932,Diya Kumar,ME,1,5.68,79.1,38
109931,Rohan Jha,EEE,7,7.41,0.35,35
109930,Aditya Singh,ECE,6,6.67,89.02,37
109929,Isha Rao,ME,5,9.04,90.93,23
109928,Kabir Rao,CSE,3,7.54,21.08,12
109927,Kabir Rao,ECE,1,5.93,28.0,46
109926,Sneha Sharma,ME,5,7.52,99.66,81
109925,Ananya Rao,CE,5,6.99,77.63,98
109924,Sneha Joshi,ME,7,3.56,61.61,46
109923,Sneha Rao,EEE,1,9.82,25.82,6
109922,Aarav Joshi,ME,3,0.43,36.32,33
109921,Priya Singh,CSE,1,9.81,17.63,98
109920,Aarav Rao,ECE,7,6.01,50.51,83
109919,Priya Patel,ME,4,1.92,29.78,26
109918,Diya Verma,ECE,7,5.63,9.52,31
109917,Sneha Reddy,ME,8,6.77,84.34,18
109916,Rohan Jha,EEE,2,2.83,47.38,4
109915,Vikram Sharma,ME,6,8.29,74.84,69
109914,Rohan Kumar,EEE,5,5.18,62.29,2
109913,Sneha Sharma,CSE,6,7.97,74.85,16
109912,Vikram Verma,CE,7,7.86,51.99,32
109911,Rohan Gupta,EEE,6,2.89,26.81,18
109910,Vikram Verma,EEE,3,9.42,82.54,91
109909,Aarav Reddy,EEE,7,8.67,50.96,70
109908,Rohan Patel,EEE,8,8.06,45.82,25
109907,Sneha Rao,CE,3,3.21,20.21,83
109906,Isha Rao,ME,5,7.05,9.69,2
109905,Diya Verma,CE,8,9.46,7.17,18
109904,Rohan Sharma,ME,7,3.51,68.77,59
109903,Diya Singh,EEE,8,1.31,98.62,93
109902,Rohan Jha,ECE,7,7.67,14.51,88
109901,Sneha Reddy,ECE,1,6.3,61.62,24
109900,Kabir Joshi,EEE,3,8.15,40.64,85
109899,Ananya Reddy,CE,1,0.78,29.24,0
109898,Ananya Rao,CSE,2,3.48,80.19,26
109897,Isha Rao,EEE,2,4.86,24.16,85
109896,Sneha Verma,EEE,5,6.88,12.22,73
109895,Kabir Gupta,EEE,2,7.98,93.22,31
109894,Sneha Singh,ECE,2,0.0,61.07,64
109893,Ananya Reddy,CSE,1,6.9,8.44,74
109892,Sneha Sharma,ECE,3,1.0,26.88,79
109891,Aditya Kumar,EEE,2,2.83,18.66,29
109890,Priya Gupta,CSE,4,5.69,63.75,17
109889,Rohan Rao,ME,1,0.78,12.71,22
109888,Aditya Gupta,ECE,3,2.87,22.43,91
109887,Vikram Patel,CSE,6,8.4,96.83,15
109886,Isha Sharma,ME,2,5.79,40.76,0
109885,Priya Sharma,CE,2,0.0,37.1,84
109884,Rohan Gupta,ME,5,6.81,71.85,15
109883,Diya Singh,ECE,1,0.38,70.76,67
109882,Diya Singh,EEE,6,3.27,3.93,80
109881,Vikram Joshi,ME,1,6.16,40.9,18
109880,Ananya Singh,ECE,8,5.34,88.79,7
109879,Rohan Patel,CE,1,2.31,64.09,88
109878,Rohan Verma,ME,1,3.3,0.55,23
109877,Priya Jha,ME,2,1.76,15.1,62
109876,Vikram Rao,CE,6,4.92,52.89,43
109875,Diya Gupta,EEE,5,8.27,78.25,73
109874,Aarav Verma,ECE,8,8.66,17.81,34
109873,Ananya Patel,ECE,5,1.93,50.33,65
109872,Diya Gupta,ECE,5,7.98,22.09,57
109871,Sneha Patel,CE,5,1.81,2.84,68
109870,Aditya Patel,EEE,1,7.52,89.46,73
109869,Sneha Sharma,ME,5,6.49,46.61,66
109868,Kabir Kumar,CE,4,7.27,83.97,18
109867,Diya Kumar,ECE,7,2.61,39.53,36
109866,Priya Reddy,ECE,5,0.05,74.32,10
109865,Aditya Singh,ECE,2,8.8,10.81,96
109864,Aditya Rao,ECE,1,5.0,90.49,73
109863,Isha Rao,EEE,1,7.15,56.7,94
109862,Diya Gupta,CE,4,3.89,71.47,99
109861,Diya Reddy,CE,7,6.87,57.23,74
109860,Diya Rao,CE,6,4.59,71.0,8
109859,Aarav Patel,ECE,2,8.05,97.65,100
109858,Isha Kumar,ME,5,7.2,50.1,4
109857,Sneha Rao,CSE,7,2.42,88.98,58
109856,Aditya Reddy,CSE,4,3.95,19.47,31
109855,Aarav Patel,CSE,5,8.32,33.62,69
109854,Rohan Singh,CE,4,5.89,59.16,57
109853,Isha Joshi,CSE,3,7.24,33.16,34
109852,Diya Joshi,CSE,8,0.74,24.78,54
109851,Rohan Jha,ME,8,5.95,20.21,88
109850,Isha Patel,ME,8,1.11,83.4,57
109849,Aditya Joshi,CE,4,3.17,28.01,29
109848,Priya Rao,ME,7,2.33,44.67,13
109847,Kabir Joshi,ECE,3,4.67,69.86,34
109846,Isha Verma,ME,2,7.75,75.01,75
109845,Kabir Verma,EEE,2,8.22,68.87,16
109844,Aditya Joshi,CSE,5,5.65,81.05,56
109843,Rohan Jha,ECE,7,2.27,30.34,10
109842,Kabir Gupta,CSE,2,0.9,41.95,65
109841,Sneha Jha,CE,5,4.19,96.63,47
109840,Rohan Singh,CSE,1,4.45,95.68,66
109839,Aarav Verma,ME,6,9.67,15.22,26
109838,Sneha Singh,ME,1,7.63,39.12,15
109837,Rohan Jha,ME,7,6.95,9.66,64
109836,Priya Singh,ME,4,7.46,98.17,60
109835,Sneha Kumar,ME,1,1.1,97.45,25
109834,Priya Singh,ME,1,5.67,68.21,6
109833,Aarav Jha,CE,5,4.24,80.95,32
109832,Aarav Singh,CE,6,9.66,69.99,97
109831,Diya Sharma,CSE,8,9.43,95.2,82
109830,Sneha Jha,CE,3,4.32,21.36,55
109829,Aditya Reddy,CSE,2,4.96,32.31,95
109828,Priya Reddy,CSE,5,5.34,81.18,36
109827,Rohan Gupta,EEE,6,0.23,67.17,36
109826,Diya Reddy,CSE,7,9.22,52.1,45
109825,Kabir Sharma,ECE,3,6.59,82.63,43
109824,Sneha Jha,CSE,1,4.83,38.41,12
109823,Aditya Patel,EEE,1,5.25,60.66,91
109822,Vikram Reddy,CSE,5,3.06,42.39,47
109821,Aditya Verma,CSE,8,3.59,83.23,75
109820,Rohan Reddy,ECE,4,2.61,68.24,7
109819,Kabir Kumar,ME,6,2.42,45.47,24
109818,Aditya Verma,ME,1,7.8,83.49,68
109817,Sneha Rao,CE,6,7.65,37.52,86
109816,Aditya Singh,CE,4,6.47,60.68,13
109815,Diya Joshi,CSE,2,3.01,38.69,73
109814,Sneha Patel,ECE,3,9.27,64.05,70
109813,Diya Gupta,CE,1,8.81,57.68,62
109812,Sneha Rao,EEE,7,2.72,27.33,88
109811,Rohan Patel,ME,7,2.61,15.85,25
109810,Vikram Joshi,CSE,8,4.08,49.49,6
109809,Aditya Sharma,ME,8,4.86,95.12,75
109808,Aditya Reddy,ECE,4,8.83,36.93,91
109807,Ananya Joshi,CSE,5,2.36,76.44,82
109806,Aditya Gupta,EEE,7,6.57,66.39,64
109805,Ananya Rao,EEE,7,8.22,2.1,2
109804,Priya Sharma,EEE,2,1.88,80.54,77
109803,Aditya Singh,CSE,8,5.85,21.33,28
109802,Ananya Verma,CSE,2,5.17,3.0,73
109801,Rohan Verma,ECE,6,7.26,17.59,19
109800,Rohan Singh,CE,8,7.17,62.05,65
109799,Priya Verma,CSE,2,6.71,69.95,63
109798,Priya Singh,CSE,6,4.28,80.71,80
109797,Sneha Kumar,EEE,7,8.57,23.52,94
109796,Ananya Patel,CSE,4,7.52,73.64,18
109795,Sneha Patel,EEE,5,8.09,16.91,43
109794,Kabir Kumar,ME,3,7.14,13.51,47
109793,Kabir Verma,ECE,4,9.41,93.46,65
109792,Sneha Rao,ME,1,1.93,38.53,74
109791,Kabir Verma,CSE,5,3.7,3.15,16
109790,Isha Singh,CE,8,3.67,95.0,95
109789,Aarav Singh,ECE,8,6.02,96.43,45
109788,Priya Singh,EEE,8,2.07,4.51,49
109787,Rohan Verma,ECE,2,7.94,79.02,79
109786,Vikram Verma,EEE,2,1.3,6.34,91
109785,Priya Reddy,CSE,3,3.39,28.49,97
109784,Isha Joshi,ME,1,9.61,81.45,38
109783,Ananya Patel,ME,1,6.7,55.34,71
109782,Priya Gupta,EEE,7,3.24,99.75,49
109781,Ananya Rao,ME,2,7.93,9.16,78
109780,Ananya Sharma,CSE,1,4.35,68.64,89
109779,Isha Reddy,ECE,5,0.03,92.25,48
109778,Diya Singh,CSE,6,5.57,95.3,68
109777,Rohan Kumar,CE,2,6.68,24.58,95
109776,Priya Sharma,CSE,5,6.8,96.07,49
109775,Aditya Verma,EEE,7,2.09,55.44,11
109774,Sneha Patel,CE,2,2.46,13.41,41
109773,Isha Gupta,CSE,2,7.72,25.53,83
109772,Isha Sharma,EEE,7,5.05,85.81,91
109771,Diya Kumar,ECE,7,0.93,12.26,53
109770,Ananya Reddy,CE,3,9.59,14.3,8
109769,Aditya Kumar,ME,2,7.12,68.98,44
109768,Vikram Sharma,CSE,6,7.15,4.48,47
109767,Vikram Jha,ECE,5,6.19,88.99,66
109766,Isha Jha,ECE,3,3.79,59.86,99
109765,Aarav Jha,ME,4,0.18,75.51,88
109764,Isha Sharma,EEE,1,4.39,14.07,19
109763,Vikram Rao,CSE,3,7.24,66.67,12
109762,Aarav Kumar,EEE,1,6.94,53.54,41
109761,Rohan Verma,ECE,1,4.26,87.36,50
109760,Isha Rao,CSE,5,9.76,88.27,34
109759,Vikram Patel,CSE,8,0.55,6.24,28
109758,Kabir Patel,CSE,7,9.32,9.17,92
109757,Aarav Patel,ME,7,1.68,2.48,99
109756,Priya Patel,EEE,6,4.16,87.0,95
109755,Priya Sharma,ME,5,1.26,47.84,41
109754,Priya Gupta,CSE,2,6.71,81.27,29
109753,Aarav Reddy,EEE,6,9.37,97.17,77
109752,Kabir Gupta,CE,6,7.38,29.12,50
109751,Aditya Gupta,CE,4,2.65,52.35,7
109750,Ananya Reddy,CE,3,6.03,67.21,49
109749,Rohan Singh,EEE,1,3.61,11.68,19
109748,Aarav Gupta,EEE,8,2.15,75.25,63
109747,Kabir Rao,CE,7,0.3,81.87,62
109746,Vikram Rao,CE,8,7.15,13.1,47
109745,Isha Sharma,ME,3,3.69,69.23,59
109744,Sneha Rao,ME,6,5.35,63.36,87
109743,Ananya Sharma,CE,7,8.55,76.33,4
109742,Diya Joshi,EEE,2,1.04,96.84,18
109741,Isha Patel,CE,8,1.34,58.76,98
109740,Ananya Kumar,CSE,5,5.75,3.93,2
109739,Priya Jha,ME,4,2.08,93.94,40
109738,Priya Verma,CSE,1,7.93,81.81,40
109737,Ananya Rao,EEE,1,2.37,95.74,57
109736,Aditya Verma,CSE,8,2.01,46.34,91
109735,Diya Singh,CSE,5,5.64,35.5,68
109734,Isha Jha,ECE,3,1.79,36.87,54
109733,Aditya Jha,CE,5,7.45,10.68,30
109732,Rohan Sharma,CSE,1,5.33,51.24,95
109731,Rohan Verma,CE,6,3.57,30.0,55
109730,Kabir Kumar,ECE,7,3.54,75.64,81
109729,Ananya Rao,ME,2,9.58,8.65,72
109728,Sneha Reddy,CE,3,0.89,82.74,88
109727,Kabir Patel,ME,4,7.75,84.31,17
109726,Aarav Patel,CE,1,5.09,64.34,35
109725,Diya Joshi,CSE,4,4.73,5.5,14
109724,Priya Jha,CE,2,0.32,7.27,69
109723,Rohan Joshi,CE,1,8.4,99.85,64
109722,Ananya Patel,CE,6,9.21,3.16,86
109721,Diya Sharma,ECE,4,0.58,81.66,60
109720,Aditya Patel,ME,8,8.58,50.22,32
109719,Kabir Patel,EEE,5,6.17,0.49,83
109718,Diya Reddy,ME,2,1.8,63.21,76
109717,Aarav Rao,ECE,2,6.2,49.16,85
109716,Diya Patel,ME,7,5.11,84.79,56
109715,Diya Reddy,EEE,6,4.08,71.59,52
109714,Priya Kumar,ECE,8,2.4,20.47,92
109713,Ananya Gupta,CE,3,8.73,38.47,69
109712,Kabir Verma,CSE,4,9.32,7.89,70
109711,Kabir Reddy,CSE,6,9.02,35.83,19
109710,Diya Singh,ME,4,1.01,19.01,18
109709,Kabir Patel,CSE,8,6.2,27.34,66
109708,Priya Gupta,EEE,5,0.22,69.77,12
109707,Sneha Sharma,CE,5,0.28,9.55,69
109706,Vikram Jha,CSE,1,3.84,1.0,6
109705,Aarav Jha,CSE,4,4.88,95.24,49
109704,Priya Patel,ME,1,8.32,55.05,54
109703,Diya Kumar,CSE,6,8.04,14.69,96
109702,Aditya Singh,EEE,6,1.91,7.46,55
109701,Rohan Sharma,CSE,6,5.52,11.45,3
109700,Rohan Patel,CSE,3,9.48,56.01,86
109699,Vikram Verma,CSE,6,8.46,32.86,42
109698,Aarav Jha,CSE,3,6.81,22.87,36
109697,Diya Jha,CSE,7,2.67,66.1,33
109696,Diya Jha,ME,6,0.15,96.4,2
109695,Sneha Verma,CE,2,5.89,26.92,95
109694,Sneha Joshi,EEE,3,8.04,45.1,30
109693,Kabir Reddy,CSE,1,2.46,29.41,0
109692,Aditya Joshi,CE,7,7.34,44.61,59
109691,Ananya Joshi,EEE,7,3.32,32.58,23
109690,Isha Kumar,EEE,5,9.08,1.99,28
109689,Vikram Sharma,ECE,7,6.26,45.5,14
109688,Aarav Singh,CSE,4,4.14,24.33,66
109687,Isha Patel,EEE,7,2.05,28.27,62
109686,Ananya Reddy,CE,3,0.71,34.79,54
109685,Sneha Jha,CE,4,1.33,88.39,83
109684,Aarav Verma,CE,2,6.08,85.95,45
109683,Priya Jha,CSE,7,7.46,14.61,6
109682,Diya Reddy,CE,4,2.48,36.61,87
109681,Isha Gupta,EEE,2,1.86,50.4,88
109680,Kabir Gupta,ECE,1,3.21,72.87,64
109679,Diya Joshi,ME,6,5.6,31.97,40
109678,Diya Gupta,EEE,8,4.83,3.33,46
109677,Ananya Rao,EEE,6,7.75,35.81,21
109676,Aditya Rao,CE,3,2.33,76.54,76
109675,Vikram Gupta,ME,6,1.5,3.13,46
109674,Diya Jha,EEE,6,0.83,79.36,87
109673,Rohan Sharma,ECE,6,5.14,78.05,98
109672,Ananya Gupta,ME,1,3.77,50.96,14
109671,Isha Sharma,ME,8,0.42,16.4,58
109670,Priya Reddy,ME,2,8.52,21.77,99
109669,Isha Patel,ME,8,9.3,95.79,96
109668,Aditya Rao,EEE,6,1.16,10.92,86
109667,Aditya Sharma,ME,6,3.26,93.52,22
109666,Aditya Patel,ME,3,9.53,97.29,81
109665,Vikram Verma,CE,3,3.53,85.59,17
109664,Isha Sharma,EEE,3,9.68,8.8,75
109663,Aditya Patel,ME,1,7.34,11.63,32
109662,Kabir Patel,CE,8,1.61,9.65,69
109661,Ananya Verma,EEE,5,1.11,72.36,51
109660,Rohan Jha,CE,2,5.66,72.7,77
109659,Rohan Rao,CE,5,3.22,90.94,66
109658,Diya Gupta,CE,5,9.26,11.4,80
109657,Aarav Singh,CSE,7,5.04,82.55,46
109656,Aditya Jha,ME,6,7.9,80.47,53
109655,Aditya Gupta,ECE,2,6.0,58.53,60
109654,Diya Reddy,CSE,7,7.0,87.22,25
109653,Aditya Joshi,ME,4,7.58,24.78,28
109652,Kabir Patel,ECE,4,8.9,77.46,51
109651,Sneha Jha,EEE,3,6.18,58.89,19
109650,Isha Jha,CSE,7,2.81,7.87,30
109649,Aarav Patel,CSE,3,5.55,46.47,39
109648,Ananya Kumar,CE,6,7.43,75.96,48
109647,Rohan Jha,ECE,3,9.11,53.26,65
109646,Kabir Singh,ME,4,8.96,22.73,33
109645,Sneha Patel,CE,1,1.18,7.94,10
109644,Diya Reddy,ECE,7,2.47,54.48,58
109643,Vikram Singh,CE,7,4.04,19.38,27
109642,Isha Gupta,EEE,5,9.56,67.28,40
109641,Sneha Sharma,CE,4,0.42,73.76,7
109640,Ananya Gupta,ECE,6,7.67,48.65,0
109639,Kabir Joshi,ECE,7,5.59,97.06,48
109638,Aarav Jha,ME,7,3.68,14.2,41
109637,Diya Patel,CSE,8,3.5,50.14,86
109636,Priya Kumar,ECE,4,9.61,24.46,54
109635,Aarav Sharma,CE,5,5.16,92.14,87
109634,Aditya Patel,ME,8,3.72,61.91,54
109633,Ananya Gupta,CSE,6,7.19,55.32,76
109632,Aarav Reddy,CSE,2,8.4,29.14,93
109631,Rohan Verma,ME,4,5.92,95.44,33
109630,Vikram Reddy,ECE,2,9.6,92.21,48
109629,Priya Verma,ECE,5,1.98,70.84,48
109628,Vikram Jha,ECE,2,1.99,10.73,15
109627,Kabir Kumar,CSE,4,3.63,62.71,76
109626,Isha Sharma,ECE,2,3.75,54.51,97
109625,Vikram Joshi,CE,3,3.79,11.82,30
109624,Ananya Patel,EEE,2,8.75,9.95,37
109623,Diya Verma,CE,3,8.23,65.43,43
109622,Priya Reddy,CSE,5,2.68,82.65,90
109621,Rohan Joshi,CSE,4,1.51,35.51,68
109620,Ananya Joshi,CSE,2,6.46,76.71,26
109619,Vikram Reddy,ME,6,9.09,21.67,5
109618,Sneha Rao,ECE,5,0.7,69.45,14
109617,Rohan Verma,ME,6,9.1,35.68,78
109616,Aarav Joshi,ME,6,0.03,19.12,12
109615,Aarav Gupta,EEE,5,1.75,72.81,88
109614,Priya Kumar,ME,6,1.12,91.08,35
109613,Aarav Jha,ME,1,9.69,59.04,7
109612,Aarav Kumar,CE,4,7.66,9.12,69
109611,Isha Reddy,ME,4,6.19,57.67,4
109610,Vikram Rao,CSE,6,5.95,8.56,29
109609,Sneha Joshi,CSE,4,4.22,7.55,37
109608,Kabir Rao,EEE,4,3.15,62.09,6
109607,Kabir Patel,ECE,2,3.06,9.51,2
109606,Ananya Reddy,ME,6,2.0,13.58,86
109605,Diya Patel,CSE,4,1.66,77.88,20
109604,Kabir Rao,CSE,4,3.03,51.04,50
109603,Vikram Patel,CE,7,4.96,39.68,56
109602,Isha Rao,ME,8,3.15,40.48,45
109601,Priya Singh,ME,8,3.57,57.83,91
109600,Ananya Joshi,CSE,2,1.39,92.04,49
109599,Sneha Reddy,ME,7,9.17,21.82,61
109598,Diya Kumar,ECE,5,1.17,22.21,35
109597,Ananya Reddy,ME,1,7.94,28.02,64
109596,Diya Gupta,ECE,3,3.15,44.51,97
109595,Priya Patel,ECE,5,4.89,41.61,38
109594,Priya Joshi,ECE,5,1.73,11.45,95
109593,Vikram Patel,EEE,3,8.26,1.0,7
109592,Aarav Jha,EEE,2,8.63,96.56,84
109591,Kabir Gupta,CSE,5,1.45,9.15,35
109590,Isha Verma,EEE,2,6.67,67.98,25
109589,Rohan Sharma,ECE,8,2.82,28.8,45
109588,Diya Jha,CSE,7,9.14,30.87,49
109587,Kabir Jha,ECE,8,6.75,6.83,71
109586,Rohan Rao,CE,2,7.08,49.16,98
109585,Kabir Sharma,ME,7,8.59,70.2,36
109584,Aarav Rao,ECE,5,2.57,18.2,45
109583,Aarav Gupta,CSE,7,1.95,78.37,8
109582,Rohan Reddy,ECE,2,3.77,27.12,23
109581,Vikram Gupta,CSE,1,5.84,81.58,78
109580,Rohan Patel,CSE,2,1.01,40.94,58
109579,Sneha Sharma,CSE,2,4.33,3.78,12
109578,Kabir Sharma,CE,7,7.94,91.23,34
109577,Isha Patel,ECE,7,3.62,81.82,69
109576,Rohan Kumar,CSE,5,4.08,95.98,11
109575,Rohan Gupta,ECE,3,7.91,39.86,32
109574,Kabir Joshi,EEE,5,4.16,43.93,69
109573,Diya Joshi,CE,6,9.99,9.68,63
109572,Kabir Kumar,CSE,3,9.24,63.69,87
109571,Isha Verma,ME,4,8.81,93.24,95
109570,Aditya Verma,EEE,1,2.37,27.86,3
109569,Kabir Gupta,CE,1,7.93,51.49,13
109568,Isha Patel,CSE,1,5.89,99.9,43
109567,Diya Rao,ECE,3,0.95,89.53,51
109566,Rohan Patel,ECE,5,2.84,8.73,16
109565,Isha Sharma,EEE,8,4.76,86.16,40
109564,Rohan Sharma,ECE,3,9.89,57.83,72
109563,Isha Rao,EEE,1,0.36,75.51,57
109562,Diya Verma,EEE,2,4.29,94.74,27
109561,Kabir Rao,CE,8,1.49,29.86,57
109560,Diya Patel,EEE,2,8.55,92.31,6
109559,Aarav Joshi,EEE,4,0.04,40.07,17
109558,Sneha Singh,CE,5,3.74,78.84,88
109557,Aarav Kumar,EEE,8,2.14,1.65,58
109556,Rohan Sharma,CE,7,4.63,97.02,74
109555,Diya Joshi,ME,4,1.81,44.49,56
109554,Sneha Singh,CE,7,1.68,85.73,92
109553,Vikram Gupta,EEE,3,1.51,78.07,72
109552,Aarav Patel,CSE,7,8.74,87.67,94
109551,Priya Sharma,ECE,2,9.02,73.05,50
109550,Rohan Singh,EEE,8,8.09,53.6,86
109549,Sneha Verma,ECE,3,7.32,88.45,7
109548,Diya Kumar,CE,1,0.45,42.24,37
109547,Vikram Rao,EEE,6,4.62,96.56,81
109546,Priya Patel,ECE,7,5.6,61.3,99
109545,Diya Kumar,ME,1,1.41,9.39,100
109544,Vikram Jha,ME,8,6.59,69.58,48
109543,Kabir Joshi,CSE,6,1.17,25.24,51
109542,Ananya Verma,CE,8,9.84,53.51,25
109541,Aditya Rao,EEE,6,0.89,54.32,82
109540,Ananya Kumar,ME,2,6.66,94.02,51
109539,Sneha Gupta,EEE,6,4.68,29.89,7
109538,Aditya Kumar,CSE,7,5.5,2.31,71
109537,Aarav Rao,EEE,7,4.3,81.21,69
109536,Ananya Reddy,CE,2,4.24,32.06,60
109535,Isha Joshi,CSE,6,4.48,26.09,74
109534,Ananya Verma,EEE,8,0.22,84.64,66
109533,Aditya Rao,CE,6,7.38,69.54,28
109532,Diya Reddy,CSE,1,8.61,61.56,75
109531,Aditya Sharma,EEE,5,7.69,1.9,59
109530,Aarav Kumar,ME,1,0.28,32.52,28
109529,Ananya Reddy,ME,5,8.79,9.85,84
109528,Kabir Kumar,ECE,2,5.64,70.62,40
109527,Kabir Jha,ECE,3,8.16,12.55,88
109526,Rohan Verma,ECE,7,0.53,11.37,11
109525,Sneha Kumar,CSE,8,1.45,55.77,32
109524,Sneha Rao,CSE,7,3.91,97.25,100
109523,Vikram Kumar,ME,8,3.92,44.87,11
109522,Sneha Verma,CE,4,7.58,19.38,8
109521,Isha Kumar,CE,5,7.09,68.06,97
109520,Isha Singh,CSE,2,2.93,27.74,28
109519,Ananya Sharma,CSE,4,8.31,27.82,6
109518,Sneha Jha,CSE,4,0.8,40.21,84
109517,Sneha Gupta,ECE,6,7.2,57.54,36
109516,Priya Gupta,ECE,6,1.01,24.64,74
109515,Aditya Joshi,CE,7,0.33,65.72,22
109514,Sneha Rao,ME,2,1.64,42.56,93
109513,Sneha Gupta,ECE,2,9.79,62.5,11
109512,Diya Verma,ECE,2,0.83,7.03,99
109511,Priya Patel,CE,5,4.81,56.93,43
109510,Diya Jha,ECE,5,3.06,30.58,49
109509,Kabir Gupta,EEE,6,7.49,49.62,37
109508,Diya Joshi,CE,1,2.22,92.11,20
109507,Aarav Rao,CE,4,8.73,21.1,5
109506,Rohan Jha,EEE,5,0.87,35.04,44
109505,Diya Rao,CSE,3,3.84,23.55,67
109504,Ananya Reddy,EEE,5,7.59,66.84,64
109503,Isha Joshi,EEE,2,2.03,47.99,55
109502,Kabir Gupta,CSE,5,0.55,74.16,36
109501,Kabir Gupta,CSE,8,9.73,17.54,62
109500,Kabir Patel,CSE,2,1.29,50.29,64
109499,Rohan Kumar,EEE,6,9.76,47.09,60
109498,Rohan Jha,CE,7,7.92,38.91,50
109497,Aarav Sharma,ECE,5,1.77,91.37,9
109496,Kabir Joshi,EEE,2,6.18,2.52,96
109495,Sneha Reddy,ECE,4,4.97,95.52,24
109494,Ananya Sharma,ME,4,4.42,99.15,52
109493,Rohan Jha,ME,4,0.9,48.83,74
109492,Isha Patel,EEE,6,9.44,26.59,47
109491,Rohan Reddy,ME,2,2.03,32.16,75
109490,Aarav Patel,CSE,2,0.16,4.03,80
109489,Vikram Reddy,ECE,5,3.06,41.19,61
109488,Aditya Verma,CE,7,9.36,9.17,20
109487,Aditya Kumar,ME,6,3.63,4.93,12
109486,Rohan Reddy,EEE,7,0.61,11.05,29
109485,Rohan Singh,CSE,3,0.11,91.28,77
109484,Aditya Patel,EEE,7,1.53,1.77,26
109483,Aditya Sharma,CSE,6,7.71,66.62,47
109482,Priya Rao,ME,4,8.57,17.79,47
109481,Diya Joshi,EEE,5,4.78,24.52,36
109480,Aarav Kumar,ME,4,9.96,23.02,48
109479,Rohan Jha,ECE,5,6.06,4.46,34
109478,Vikram Kumar,CSE,4,2.25,53.24,84
109477,Vikram Reddy,CE,5,9.31,82.28,11
109476,Aditya Verma,EEE,7,5.52,92.37,1
109475,Aarav Sharma,CE,8,7.83,55.9,100
109474,Aditya Jha,CE,4,9.29,96.68,70
109473,Aarav Joshi,CSE,2,6.82,99.85,27
109472,Priya Verma,EEE,4,0.74,15.55,9
109471,Sneha Kumar,ME,4,4.16,18.62,28
109470,Sneha Jha,CE,4,8.5,57.5,33
109469,Priya Patel,EEE,2,4.15,86.6,47
109468,Kabir Rao,ECE,1,6.2,41.08,55
109467,Diya Joshi,CSE,5,3.89,39.46,24
109466,Kabir Sharma,ECE,2,1.23,26.88,38
109465,Aarav Singh,ECE,7,5.76,38.08,28
109464,Isha Sharma,CSE,5,1.77,91.88,43
109463,Kabir Patel,CSE,3,4.58,36.28,81
109462,Aditya Singh,ME,1,3.55,82.41,30
109461,Isha Reddy,EEE,1,6.08,35.41,50
109460,Rohan Rao,CE,6,2.39,4.59,32
109459,Sneha Patel,ME,1,6.27,89.7,84
109458,Aditya Joshi,CSE,7,2.02,33.98,36
109457,Isha Rao,CSE,2,3.26,35.55,2
109456,Aarav Rao,CE,4,2.48,49.69,89
109455,Vikram Patel,CSE,5,3.0,15.42,95
109454,Priya Sharma,EEE,5,5.58,40.44,4
109453,Priya Reddy,CSE,5,2.4,49.31,36
109452,Sneha Rao,EEE,6,1.2,27.03,37
109451,Priya Kumar,ECE,6,5.34,86.83,40
109450,Isha Patel,EEE,8,5.14,84.63,46
109449,Sneha Jha,CSE,4,3.9,6.87,56
109448,Priya Jha,ECE,4,0.39,70.29,28
109447,Isha Jha,EEE,8,2.11,11.04,91
109446,Aditya Gupta,ME,2,6.73,54.76,46
109445,Rohan Sharma,EEE,5,2.22,17.41,3
109444,Rohan Sharma,CSE,3,7.45,45.9,99
109443,Sneha Sharma,CE,7,1.65,71.82,34
109442,Sneha Gupta,ECE,1,8.82,2.54,11
109441,Rohan Singh,ME,1,0.45,8.19,89
109440,Isha Jha,ME,6,4.28,87.79,8
109439,Kabir Patel,EEE,6,9.06,74.43,72
109438,Vikram Kumar,CE,1,5.52,38.66,47
109437,Sneha Rao,ME,1,0.58,95.36,77
109436,Priya Kumar,EEE,2,3.69,29.75,69
109435,Diya Sharma,EEE,2,6.46,38.06,77
109434,Aarav Sharma,EEE,8,3.07,90.69,99
109433,Rohan Gupta,EEE,5,4.58,92.41,49
109432,Sneha Singh,ME,6,7.42,42.8,21
109431,Priya Jha,ECE,8,7.04,8.11,30
109430,Vikram Singh,CE,1,4.94,63.17,98
109429,Ananya Joshi,CE,5,0.98,38.64,53
109428,Rohan Rao,ME,3,0.52,66.38,64
109427,Aditya Verma,EEE,5,0.12,0.39,11
109426,Rohan Kumar,ECE,1,9.82,90.88,81
109425,Isha Verma,CE,7,8.12,15.16,36
109424,Priya Singh,ECE,1,0.42,72.85,34
109423,Aditya Gupta,EEE,6,2.59,83.95,61
109422,Kabir Singh,ME,7,7.99,82.85,41
109421,Diya Patel,CE,8,4.04,51.52,43
109420,Aarav Kumar,CE,3,2.43,90.25,4
109419,Aditya Verma,ME,8,9.98,62.52,53
109418,Ananya Sharma,ECE,8,0.86,1.76,82
109417,Ananya Joshi,ECE,2,2.48,81.27,41
109416,Sneha Gupta,CSE,8,6.31,65.76,13
109415,Priya Reddy,CE,1,9.54,87.66,28
109414,Rohan Gupta,EEE,6,3.55,85.73,28
109413,Aditya Joshi,ME,8,8.31,6.4,28
109412,Aarav Patel,CE,8,2.41,3.58,15
109411,Sneha Joshi,CSE,6,7.45,7.53,39
109410,Ananya Singh,CE,5,9.76,69.03,75
109409,Ananya Reddy,CSE,2,5.45,42.96,74
109408,Vikram Kumar,CE,3,6.66,53.69,85
109407,Aditya Singh,CSE,3,0.36,2.92,45
109406,Aarav Verma,CSE,8,1.75,65.08,72
109405,Priya Reddy,EEE,4,0.05,62.58,70
109404,Aarav Reddy,CE,5,1.49,21.68,65
109403,Vikram Rao,CE,5,7.41,69.37,39
109402,Rohan Joshi,ME,1,8.73,94.44,62
109401,Sneha Reddy,ME,6,3.59,21.8,76
109400,Kabir Gupta,CE,2,7.37,72.44,54
109399,Aarav Patel,ECE,8,8.56,50.2,70
109398,Aditya Joshi,ECE,8,8.12,47.36,20
109397,Vikram Rao,ECE,6,3.56,41.84,63
109396,Vikram Rao,ME,5,1.96,24.47,35
109395,Sneha Rao,ME,2,2.36,22.64,91
109394,Sneha Joshi,EEE,4,1.62,27.32,26
109393,Kabir Jha,ECE,1,7.7,47.93,24
109392,Ananya Rao,ECE,1,3.83,91.35,83
109391,Kabir Gupta,ME,3,2.69,40.91,59
109390,Ananya Rao,CSE,2,4.79,27.17,66
109389,Kabir Rao,ECE,4,7.5,38.04,54
109388,Isha Sharma,ME,5,3.41,59.93,48
109387,Sneha Verma,CE,5,6.16,71.33,2
109386,Ananya Reddy,EEE,2,8.06,87.18,89
109385,Diya Jha,ME,5,4.21,76.82,25
109384,Ananya Sharma,CSE,7,1.51,97.45,66
109383,Priya Kumar,ECE,3,2.75,52.4,91
109382,Priya Joshi,EEE,2,7.45,79.39,68
109381,Rohan Kumar,ME,8,8.64,97.33,42
109380,Diya Reddy,ME,7,6.98,55.91,57
109379,Aditya Kumar,ECE,2,3.4,83.51,100
109378,Ananya Jha,CSE,1,8.92,66.44,35
109377,Aditya Kumar,ME,2,0.09,52.5,19
109376,Priya Singh,ME,5,0.41,37.3,71
109375,Sneha Verma,EEE,6,2.53,94.55,85
109374,Ananya Singh,CSE,8,6.27,26.12,68
109373,Diya Rao,CSE,4,9.15,32.26,39
109372,Aarav Rao,CE,6,1.49,24.59,98
109371,Isha Rao,CE,5,1.57,46.06,58
109370,Aarav Rao,CSE,1,7.41,48.41,86
109369,Aarav Patel,ECE,4,5.07,67.06,64
109368,Rohan Joshi,CE,8,0.73,91.45,95
109367,Ananya Singh,EEE,8,1.43,54.1,60
109366,Ananya Verma,EEE,3,2.3,48.18,29
109365,Diya Singh,EEE,5,8.43,78.21,31
109364,Priya Gupta,CSE,2,3.04,22.64,15
109363,Rohan Reddy,ECE,2,0.17,20.65,70
109362,Isha Sharma,ECE,3,7.31,7.93,100
109361,Ananya Reddy,CE,2,3.86,69.03,23
109360,Isha Gupta,CSE,4,4.8,18.11,55
109359,Vikram Rao,EEE,2,8.97,88.86,8
109358,Rohan Jha,EEE,3,6.01,69.97,90
109357,Diya Kumar,EEE,3,3.16,2.57,93
109356,Rohan Sharma,ME,8,0.59,22.33,46
109355,Sneha Singh,EEE,5,4.42,19.62,33
109354,Vikram Verma,CE,1,5.26,91.85,25
109353,Sneha Verma,EEE,3,0.55,63.85,70
109352,Ananya Jha,ECE,5,3.5,73.6,99
109351,Rohan Kumar,ME,2,2.95,17.65,9
109350,Vikram Patel,EEE,7,0.66,18.81,71
109349,Sneha Rao,ECE,3,1.34,87.57,62
109348,Kabir Patel,CSE,7,4.32,90.44,10
109347,Rohan Gupta,ECE,5,5.85,69.06,34
109346,Aarav Verma,EEE,6,8.05,58.1,77
109345,Vikram Kumar,CSE,4,9.61,51.63,15
109344,Sneha Reddy,CE,3,1.86,10.75,65
109343,Isha Singh,CSE,2,7.65,43.85,50
109342,Rohan Sharma,CSE,6,5.86,77.18,20
109341,Vikram Jha,ECE,2,6.01,24.31,34
109340,Aditya Singh,CSE,1,2.71,62.67,11
109339,Isha Sharma,ME,2,7.29,62.0,67
109338,Vikram Kumar,EEE,1,9.74,45.95,48
109337,Isha Reddy,CSE,1,7.64,13.46,13
109336,Rohan Rao,ME,1,1.15,67.57,75
109335,Vikram Gupta,CSE,4,1.7,97.75,74
109334,Isha Kumar,CE,7,8.48,8.93,76
109333,Isha Rao,ME,4,3.11,28.51,14
109332,Vikram Sharma,EEE,3,2.6,44.39,1
109331,Isha Joshi,ECE,5,5.3,7.18,34
109330,Sneha Sharma,EEE,7,8.3,60.23,33
109329,Aditya Reddy,CSE,1,1.39,23.76,2
109328,Vikram Reddy,ECE,3,7.61,15.31,4
109327,Ananya Reddy,CE,6,5.46,68.38,28
109326,Aditya Singh,CE,6,6.04,53.94,95
109325,Isha Verma,ECE,4,0.41,38.96,43
109324,Aditya Verma,CE,7,1.42,8.06,55
109323,Vikram Reddy,EEE,8,6.42,2.75,84
109322,Aditya Jha,ECE,2,9.24,2.74,92
109321,Aditya Sharma,ECE,5,9.45,0.13,48
109320,Isha Patel,CSE,5,2.72,63.85,10
109319,Aarav Sharma,CE,6,7.21,62.4,61
109318,Aditya Kumar,EEE,3,1.5,86.23,94
109317,Aarav Patel,ME,6,4.69,65.36,51
109316,Vikram Reddy,ME,3,5.49,90.47,6
109315,Kabir Reddy,CSE,8,6.86,35.12,0
109314,Priya Rao,ME,6,2.93,87.85,48
109313,Ananya Patel,CE,1,0.73,61.87,69
109312,Rohan Reddy,CE,2,9.91,96.51,74
109311,Rohan Sharma,CSE,7,4.73,68.84,57
109310,Rohan Patel,ECE,7,5.82,94.57,96
109309,Vikram Singh,CE,4,0.65,41.3,66
109308,Isha Gupta,CE,4,2.15,80.96,22
109307,Diya Verma,CE,3,4.33,41.53,53
109306,Priya Patel,ME,1,4.12,15.24,4
109305,Diya Jha,ME,2,0.87,48.54,53
109304,Kabir Sharma,EEE,7,1.08,63.36,81
109303,Isha Verma,EEE,2,6.74,48.24,29
109302,Vikram Joshi,CE,7,3.66,90.75,37
109301,Kabir Rao,CE,4,9.72,82.22,57
109300,Isha Reddy,ECE,2,3.94,63.17,79
109299,Ananya Singh,CSE,3,9.89,62.71,20
109298,Diya Rao,CE,3,5.29,34.38,54
109297,Isha Singh,EEE,2,3.42,42.41,57
109296,Ananya Patel,ME,8,8.91,35.37,44
109295,Kabir Patel,ECE,1,6.68,88.27,35
109294,Vikram Kumar,EEE,5,1.95,55.3,71
109293,Vikram Kumar,ECE,2,4.75,87.48,83
109292,Priya Sharma,CSE,7,6.25,86.84,39
109291,Aarav Gupta,CE,8,7.31,69.99,63
109290,Vikram Verma,ME,8,2.28,45.25,69
109289,Vikram Sharma,CSE,8,9.33,15.76,79
109288,Vikram Patel,CSE,6,4.39,49.34,54
109287,Sneha Kumar,CE,2,8.94,92.0,76
109286,Kabir Kumar,CE,7,7.32,86.66,13
109285,Aarav Singh,ME,3,4.3,94.28,70
109284,Kabir Patel,EEE,4,2.83,70.09,29
109283,Sneha Singh,EEE,4,2.23,37.79,97
109282,Kabir Joshi,ECE,7,8.03,74.04,8
109281,Vikram Rao,CSE,8,5.52,95.47,46
109280,Rohan Joshi,CSE,5,6.15,60.6,44
109279,Aditya Reddy,CE,1,1.61,53.9,85
109278,Rohan Gupta,ME,8,0.56,11.07,52
109277,Diya Joshi,CSE,6,9.94,62.6,31
109276,Aditya Sharma,EEE,6,5.69,64.13,27
109275,Ananya Sharma,CE,7,7.64,1.27,71
109274,Kabir Sharma,ME,1,0.57,82.77,100
109273,Vikram Singh,EEE,6,8.39,92.82,17
109272,Ananya Gupta,EEE,1,3.11,54.49,72
109271,Sneha Reddy,ECE,4,3.28,86.27,46
109270,Vikram Kumar,ECE,2,2.08,47.22,75
109269,Rohan Sharma,ECE,4,1.93,12.55,3
109268,Kabir Jha,CE,1,1.14,94.58,48
109267,Ananya Kumar,ECE,1,7.29,50.12,96
109266,Aditya Reddy,ME,2,9.3,2.56,33
109265,Kabir Jha,CSE,7,3.47,39.16,24
109264,Sneha Joshi,CE,5,5.21,3.02,20
109263,Aarav Patel,CSE,7,4.72,98.45,18
109262,Aditya Verma,ECE,8,3.47,96.37,92
109261,Aditya Verma,EEE,5,6.93,3.72,90
109260,Diya Rao,EEE,8,4.48,56.72,36
109259,Rohan Joshi,ECE,7,9.75,15.95,91
109258,Rohan Joshi,CE,7,7.7,96.81,13
109257,Rohan Patel,ECE,8,5.1,78.26,9
109256,Priya Jha,CE,8,9.11,18.54,98
109255,Priya Jha,ME,8,3.76,79.32,77
109254,Sneha Singh,CSE,4,6.17,48.07,67
109253,Rohan Patel,CE,7,8.93,97.18,1
109252,Kabir Reddy,ME,4,0.27,71.92,56
109251,Vikram Kumar,CE,3,4.22,87.09,7
109250,Kabir Sharma,ME,3,2.66,28.86,88
109249,Vikram Gupta,CSE,8,2.7,43.58,38
109248,Aditya Verma,ECE,6,5.6,4.7,40
109247,Vikram Rao,CSE,4,2.77,22.25,97
109246,Aarav Kumar,CE,6,6.66,16.79,10
109245,Aarav Kumar,CE,3,9.11,25.23,47
109244,Vikram Verma,EEE,7,6.85,64.57,51
109243,Rohan Rao,ECE,2,2.47,13.82,0
109242,Isha Jha,ECE,3,2.49,15.7,75
109241,Diya Reddy,EEE,7,8.52,72.25,91
109240,Aditya Joshi,ECE,4,1.41,26.48,25
109239,Priya Verma,ME,7,2.8,33.39,3
109238,Rohan Jha,ECE,3,2.67,38.99,68
109237,Ananya Patel,CE,2,9.28,46.96,7
109236,Ananya Rao,EEE,1,6.88,47.21,4
109235,Aarav Rao,ME,2,4.06,83.91,24
109234,Kabir Reddy,EEE,4,3.83,20.63,19
109233,Aditya Reddy,EEE,7,4.28,43.86,49
109232,Ananya Gupta,EEE,1,2.51,8.29,20
109231,Priya Patel,ECE,7,0.69,33.71,4
109230,Ananya Gupta,CSE,8,5.56,95.47,90
109229,Aarav Singh,ECE,5,0.09,30.34,2
109228,Vikram Sharma,CE,4,8.65,17.19,39
109227,Isha Singh,CSE,6,9.4,70.56,81
109226,Isha Verma,ECE,8,4.85,58.06,95
109225,Vikram Verma,CSE,2,3.89,53.41,0
109224,Kabir Patel,ME,6,0.15,67.73,96
109223,Ananya Gupta,CSE,2,7.44,76.28,41
109222,Aarav Patel,CSE,7,1.73,27.53,17
109221,Priya Gupta,ME,5,7.71,78.04,88
109220,Rohan Jha,EEE,2,7.87,14.34,28
109219,Diya Gupta,ME,4,5.41,10.11,99
109218,Priya Reddy,CE,8,0.61,14.11,63
109217,Ananya Kumar,ECE,1,1.63,57.99,26
109216,Isha Jha,CE,4,0.51,95.56,64
109215,Ananya Rao,EEE,1,1.87,0.09,98
109214,Aarav Rao,ME,5,0.48,67.96,16
109213,Kabir Sharma,CE,1,1.46,38.82,96
109212,Aditya Jha,EEE,5,6.22,83.27,38
109211,Diya Joshi,CSE,7,5.74,30.59,74
109210,Kabir Kumar,CSE,6,3.23,54.07,42
109209,Sneha Gupta,ME,8,6.2,31.95,45
109208,Ananya Sharma,ME,3,8.51,55.1,85
109207,Ananya Gupta,EEE,3,6.32,68.47,66
109206,Isha Joshi,ME,8,7.54,21.1,9
109205,Sneha Singh,CSE,7,8.57,33.42,50
109204,Sneha Kumar,ECE,2,1.05,69.66,76
109203,Vikram Verma,ECE,1,9.92,93.44,77
109202,Vikram Singh,ME,8,8.15,77.82,46
109201,Priya Verma,CE,1,6.45,15.44,65
109200,Diya Jha,ECE,6,3.33,38.36,79
109199,Isha Singh,ME,6,1.23,57.35,14
109198,Aarav Jha,ECE,5,1.94,41.02,64
109197,Aarav Patel,ME,1,2.17,99.8,52
109196,Diya Gupta,ECE,2,7.65,20.69,59
109195,Sneha Sharma,EEE,3,1.31,50.44,5
109194,Rohan Reddy,ECE,1,9.13,85.89,13
109193,Vikram Rao,CE,6,2.63,22.72,99
109192,Aditya Patel,CSE,8,1.56,21.03,7
109191,Priya Kumar,ECE,1,0.39,33.22,49
109190,Rohan Patel,CE,7,9.91,46.25,6
109189,Rohan Patel,ECE,3,1.16,58.12,73
109188,Kabir Verma,ME,7,0.7,92.92,11
109187,Sneha Jha,ECE,3,7.02,8.46,80
109186,Rohan Verma,CSE,5,4.38,28.27,59
109185,Priya Singh,ME,8,5.24,61.55,38
109184,Rohan Sharma,CSE,7,3.64,37.51,89
109183,Kabir Patel,CSE,1,8.22,76.56,26
109182,Kabir Singh,ECE,7,7.29,64.5,78
109181,Isha Singh,ECE,1,8.67,25.28,11
109180,Diya Jha,CSE,4,5.68,90.21,93
109179,Sneha Verma,EEE,6,2.12,76.07,23
109178,Diya Sharma,ME,4,9.62,54.14,63
109177,Priya Rao,CSE,3,6.44,46.06,61
109176,Vikram Joshi,EEE,8,5.15,53.89,3
109175,Ananya Singh,CE,5,4.24,95.63,6
109174,Isha Verma,CSE,5,3.03,5.88,12
109173,Vikram Rao,EEE,2,5.52,12.86,100
109172,Diya Rao,ME,8,0.39,65.89,2
109171,Ananya Patel,ECE,3,5.1,94.72,67
109170,Aarav Singh,CSE,5,6.92,85.52,51
109169,Vikram Gupta,EEE,8,3.71,97.27,19
109168,Vikram Patel,EEE,6,0.26,59.94,22
109167,Ananya Jha,CE,6,4.16,61.34,28
109166,Diya Reddy,ME,5,3.48,32.93,40
109165,Rohan Kumar,ME,1,5.77,10.59,24
109164,Sneha Reddy,ECE,2,1.48,88.24,2
109163,Sneha Gupta,ECE,1,6.02,10.14,33
109162,Vikram Patel,ECE,4,5.12,13.65,43
109161,Rohan Gupta,CSE,1,6.48,25.0,89
109160,Diya Jha,CE,7,3.83,66.86,6
109159,Isha Singh,CSE,1,0.29,7.92,57
109158,Ananya Joshi,EEE,2,7.02,40.98,5
109157,Rohan Rao,CE,8,7.17,82.25,60
109156,Diya Gupta,CE,5,8.48,38.84,41
109155,Aarav Jha,CSE,6,3.0,15.44,96
109154,Kabir Gupta,CE,4,8.38,56.79,33
109153,Ananya Jha,CE,5,5.76,36.53,56
109152,Aditya Patel,CSE,2,1.87,39.54,76
109151,Priya Singh,EEE,3,1.98,96.9,93
109150,Sneha Jha,CSE,5,9.07,54.45,67
109149,Ananya Jha,ME,7,3.98,99.28,51
109148,Kabir Patel,CE,7,0.83,69.66,41
109147,Aarav Gupta,EEE,1,1.45,90.58,22
109146,Ananya Reddy,CE,5,0.4,17.11,82
109145,Aditya Joshi,CE,2,9.17,17.42,53
109144,Isha Rao,CSE,8,4.83,64.14,74
109143,Ananya Jha,ME,3,7.94,64.57,0
109142,Ananya Singh,EEE,4,7.81,57.37,12
109141,Isha Kumar,ME,1,2.57,65.11,35
109140,Vikram Singh,ME,3,4.75,40.3,2
109139,Priya Reddy,CE,8,8.28,23.07,48
109138,Aarav Joshi,CE,3,5.7,53.97,49
109137,Ananya Reddy,CE,3,9.08,70.23,78
109136,Kabir Jha,EEE,3,5.85,85.3,51
109135,Aditya Kumar,CSE,1,6.2,44.83,86
109134,Sneha Rao,CE,4,2.99,78.08,52
109133,Aditya Jha,CE,4,3.28,67.22,6
109132,Aditya Verma,CE,3,3.83,96.76,73
109131,Sneha Reddy,ECE,3,0.74,50.36,58
109130,Priya Singh,EEE,2,4.74,49.06,26
109129,Priya Sharma,CSE,8,5.9,94.8,22
109128,Rohan Patel,ECE,7,6.59,5.0,51
109127,Vikram Rao,CE,2,6.96,13.76,51
109126,Isha Gupta,CSE,5,3.42,89.19,56
109125,Isha Kumar,EEE,5,8.11,29.85,62
109124,Priya Gupta,ECE,2,7.02,64.29,83
109123,Ananya Singh,CE,2,5.83,41.24,56
109122,Aditya Joshi,EEE,3,9.3,73.46,7
109121,Sneha Patel,ECE,7,1.34,41.37,10
109120,Priya Kumar,ECE,6,8.68,16.38,13
109119,Diya Singh,ME,7,2.8,80.51,76
109118,Diya Jha,ME,1,6.18,76.47,87
109117,Ananya Reddy,CSE,4,2.98,16.7,64
109116,Diya Singh,CE,7,4.91,32.57,18
109115,Vikram Kumar,ME,8,2.81,26.42,37
109114,Rohan Joshi,CE,4,1.49,6.62,22
109113,Isha Sharma,CSE,6,5.3,80.58,32
109112,Priya Jha,CSE,3,0.98,39.41,6
109111,Isha Singh,CE,5,8.47,20.12,96
109110,Diya Gupta,ME,1,4.88,87.07,29
109109,Isha Patel,ME,8,2.75,41.15,74
109108,Ananya Patel,CSE,1,5.12,84.37,23
109107,Diya Reddy,CE,6,1.37,63.42,89
109106,Isha Patel,EEE,3,1.44,66.18,24
109105,Ananya Kumar,CE,8,6.64,99.46,7
109104,Sneha Reddy,ECE,5,6.3,11.97,33
109103,Priya Singh,CE,1,1.69,76.76,41
109102,Ananya Patel,CE,2,2.32,35.11,56
109101,Aditya Verma,ECE,3,2.96,3.82,19
109100,Kabir Rao,CSE,5,6.57,49.74,11
109099,Priya Joshi,EEE,3,4.74,48.81,99
109098,Kabir Joshi,CSE,6,7.46,78.71,32
109097,Rohan Singh,ECE,2,0.29,9.94,45
109096,Aditya Kumar,EEE,3,2.62,55.97,6
109095,Priya Gupta,CE,5,0.28,37.98,43
109094,Aditya Singh,ECE,3,4.81,31.22,33
109093,Aditya Jha,ECE,1,2.09,86.63,25
109092,Aditya Patel,CE,7,2.15,91.19,91
109091,Isha Verma,ME,7,2.23,34.32,18
109090,Ananya Rao,ME,1,4.91,79.12,18
109089,Aditya Gupta,EEE,2,9.24,8.02,58
109088,Isha Kumar,ME,1,7.93,14.78,29
109087,Aarav Kumar,ECE,5,9.27,93.13,81
109086,Vikram Singh,ME,5,7.39,94.46,29
109085,Isha Kumar,ME,8,5.38,43.69,9
109084,Ananya Sharma,ECE,2,0.7,64.29,1
109083,Aarav Gupta,EEE,1,2.27,2.01,69
109082,Kabir Singh,ECE,8,9.07,20.63,33
109081,Sneha Rao,EEE,3,6.91,51.65,37
109080,Priya Sharma,ME,4,2.5,27.25,14
109079,Isha Sharma,ME,6,8.67,18.87,94
109078,Aarav Kumar,ME,2,8.36,80.08,94
109077,Diya Reddy,EEE,4,6.18,85.85,19
109076,Kabir Patel,CE,8,6.5,93.0,62
109075,Kabir Rao,ECE,5,0.73,72.19,90
109074,Ananya Joshi,CSE,3,8.05,31.08,14
109073,Isha Kumar,CE,5,8.7,91.53,44
109072,Rohan Joshi,CE,5,0.13,67.1,75
109071,Sneha Joshi,CSE,4,3.44,63.9,23
109070,Kabir Sharma,CSE,1,1.35,57.39,63
109069,Rohan Joshi,CE,2,7.96,93.53,20
109068,Priya Rao,CE,6,2.02,49.43,41
109067,Vikram Singh,ECE,2,3.68,22.16,97
109066,Priya Verma,CE,4,3.09,60.69,72
109065,Ananya Reddy,CSE,2,7.36,56.16,93
109064,Kabir Sharma,CE,4,2.75,0.55,56
109063,Diya Verma,ME,7,1.13,16.72,14
109062,Rohan Patel,CE,6,0.76,18.89,47
109061,Aditya Patel,CE,3,4.5,36.96,27
109060,Aarav Gupta,ECE,1,6.38,1.8,24
109059,Aditya Reddy,ME,6,4.03,55.14,84
109058,Priya Singh,CSE,3,8.14,83.47,26
109057,Kabir Rao,CSE,5,7.74,44.32,25
109056,Rohan Kumar,EEE,1,7.34,59.65,76
109055,Sneha Singh,ME,1,8.55,42.98,77
109054,Priya Sharma,ME,2,5.01,36.03,65
109053,Vikram Patel,ECE,4,9.9,5.65,2
109052,Diya Gupta,ME,6,6.64,45.26,36
109051,Priya Patel,EEE,2,7.15,64.78,64
109050,Kabir Verma,CE,2,3.12,34.17,35
109049,Sneha Jha,CSE,4,1.67,99.53,4
109048,Vikram Gupta,CE,5,6.69,74.16,100
109047,Sneha Joshi,ECE,4,3.31,85.87,3
109046,Aarav Singh,CE,8,0.15,14.2,27
109045,Priya Kumar,EEE,1,8.62,68.33,9
109044,Rohan Gupta,EEE,5,2.96,23.29,86
109043,Aditya Jha,EEE,8,3.31,12.69,28
109042,Aarav Patel,ECE,1,7.6,47.94,2
109041,Aditya Patel,EEE,6,6.58,8.71,95
109040,Aarav Kumar,ME,7,5.64,37.34,5
109039,Sneha Gupta,EEE,1,9.85,31.0,53
109038,Ananya Jha,CE,3,8.45,32.5,15
109037,Rohan Kumar,EEE,3,2.12,38.69,12
109036,Aarav Verma,ME,2,0.47,2.91,93
109035,Rohan Rao,CE,6,7.93,54.61,11
109034,Aditya Jha,ECE,7,1.25,86.88,38
109033,Aditya Rao,CE,2,6.9,92.63,81
109032,Kabir Patel,CSE,8,7.93,46.8,55
109031,Priya Verma,CSE,7,7.63,42.38,71
109030,Rohan Patel,ECE,6,0.46,60.69,49
109029,Diya Gupta,ECE,5,9.0,2.81,95
109028,Diya Verma,CSE,5,6.41,73.89,56
109027,Aditya Singh,CSE,1,6.03,37.42,8
109026,Aditya Patel,CE,8,0.43,21.51,16
109025,Rohan Patel,EEE,5,0.92,49.59,42
109024,Priya Patel,ME,5,1.51,24.82,37
109023,Aarav Verma,EEE,5,2.67,0.59,68
109022,Rohan Gupta,CE,5,9.97,43.98,30
109021,Aarav Joshi,EEE,2,9.19,48.08,29
109020,Diya Kumar,EEE,4,6.44,14.72,8
109019,Rohan Gupta,ECE,2,7.42,49.04,64
109018,Vikram Rao,EEE,5,6.61,15.11,74
109017,Ananya Kumar,EEE,2,5.05,64.52,1
109016,Isha Reddy,CSE,5,8.85,88.88,53
109015,Isha Singh,CE,2,2.99,94.21,36
109014,Aarav Singh,ECE,4,8.31,91.78,95
109013,Rohan Reddy,EEE,4,0.88,54.88,88
109012,Rohan Singh,CE,7,7.49,62.32,69
109011,Kabir Rao,CSE,2,9.82,60.4,68
109010,Aarav Joshi,ME,1,9.24,93.69,90
109009,Isha Sharma,ME,6,8.83,88.23,91
109008,Diya Gupta,EEE,3,8.88,6.79,26
109007,Diya Sharma,CSE,3,6.0,58.97,87
109006,Isha Rao,ECE,8,6.3,70.83,44
109005,Priya Jha,CSE,2,1.74,20.09,98
109004,Diya Joshi,ECE,1,3.02,53.71,72
109003,Priya Sharma,ME,3,0.97,23.09,76
109002,Aditya Verma,ECE,3,7.96,81.09,22
109001,Vikram Reddy,ECE,7,7.49,20.98,24
109000,Rohan Sharma,ME,7,3.38,32.66,40
108999,Aditya Sharma,CE,5,9.56,78.29,88
108998,Priya Jha,CSE,8,0.73,43.33,68
108997,Rohan Singh,CE,4,4.49,52.45,86
108996,Vikram Verma,ME,8,8.79,79.38,36
108995,Diya Singh,ECE,7,7.32,24.79,69
108994,Priya Sharma,ECE,7,9.32,87.45,73
108993,Rohan Patel,EEE,8,7.66,79.89,78
108992,Aditya Reddy,CE,8,5.27,33.29,93
108991,Sneha Reddy,CSE,2,4.35,42.27,43
108990,Kabir Reddy,EEE,5,5.14,98.4,65
108989,Aditya Jha,CSE,1,5.69,25.5,15
108988,Rohan Rao,EEE,5,4.97,37.37,38
108987,Aditya Jha,CSE,6,4.69,89.54,55
108986,Priya Reddy,CSE,2,2.46,95.37,66
108985,Rohan Jha,ECE,4,3.34,39.14,91
108984,Vikram Sharma,ME,4,7.57,4.23,50
108983,Aditya Patel,CSE,3,0.8,23.79,72
108982,Aditya Jha,CE,2,5.38,80.0,36
108981,Aditya Gupta,ECE,6,5.68,50.09,68
108980,Priya Kumar,ME,1,8.3,38.74,19
108979,Aarav Patel,ECE,6,8.25,44.9,2
108978,Ananya Kumar,CSE,2,0.08,43.48,56
108977,Aditya Kumar,ME,8,9.01,40.03,29
108976,Rohan Patel,CE,1,8.34,12.05,19
108975,Aditya Rao,CSE,1,0.3,64.6,74
108974,Aarav Singh,ME,8,6.83,22.38,11
108973,Rohan Joshi,ME,4,6.5,3.0,14
108972,Rohan Gupta,CE,5,0.28,35.79,21
108971,Sneha Verma,CSE,8,2.89,39.05,39
108970,Diya Rao,EEE,5,7.18,69.83,68
108969,Isha Patel,CSE,6,7.52,7.72,8
108968,Isha Sharma,CSE,6,2.28,57.15,86
108967,Aditya Gupta,CE,8,9.42,66.93,64
108966,Aditya Verma,CSE,7,6.17,25.1,14
108965,Isha Joshi,CE,8,1.99,0.32,8
108964,Ananya Reddy,EEE,7,4.48,26.39,33
108963,Sneha Gupta,EEE,1,5.19,22.47,97
108962,Ananya Patel,EEE,4,9.26,95.57,96
108961,Vikram Rao,ECE,3,3.72,16.5,78
108960,Priya Singh,ME,5,0.98,38.19,74
108959,Sneha Reddy,CSE,3,2.73,91.54,87
108958,Isha Reddy,CSE,6,5.68,44.75,94
108957,Aditya Gupta,ECE,4,8.46,59.39,38
108956,Priya Singh,ME,6,4.22,33.07,42
108955,Priya Joshi,ECE,5,9.36,41.32,72
108954,Kabir Rao,CSE,8,3.56,22.56,12
108953,Sneha Verma,ECE,7,4.82,64.05,83
108952,Kabir Sharma,CE,6,6.43,98.75,50
108951,Sneha Patel,EEE,2,0.71,67.46,86
108950,Vikram Joshi,ECE,5,6.06,46.44,0
108949,Rohan Joshi,CSE,2,0.97,25.96,14
108948,Vikram Verma,CE,7,4.0,24.39,38
108947,Diya Patel,ECE,4,0.89,64.73,67
108946,Rohan Rao,CE,8,4.97,49.16,40
108945,Ananya Singh,ME,5,8.01,72.58,31
108944,Ananya Rao,EEE,8,5.42,87.51,88
108943,Priya Reddy,ME,7,7.31,92.03,78
108942,Aditya Singh,CE,7,4.16,27.98,96
108941,Aarav Sharma,ECE,2,3.14,72.76,30
108940,Priya Joshi,ME,6,9.19,84.34,45
108939,Kabir Gupta,CSE,4,2.26,82.75,61
108938,Rohan Sharma,CSE,5,0.12,15.03,84
108937,Isha Kumar,ECE,3,1.82,8.25,87
108936,Ananya Singh,CE,1,3.39,88.17,87
108935,Kabir Reddy,EEE,1,1.92,51.78,62
108934,Priya Kumar,CSE,3,9.57,18.19,57
108933,Vikram Joshi,EEE,4,1.66,89.78,99
108932,Sneha Singh,ME,8,1.26,31.15,66
108931,Sneha Jha,ME,5,1.85,22.91,30
108930,Priya Jha,CSE,1,6.83,51.88,21
108929,Aarav Joshi,ECE,1,4.16,72.38,37
108928,Aarav Reddy,CE,8,2.97,14.37,93
108927,Kabir Patel,ME,6,8.89,12.29,75
108926,Vikram Jha,ECE,6,1.77,59.06,96
108925,Isha Reddy,CSE,3,0.96,98.35,54
108924,Kabir Kumar,EEE,5,0.54,13.22,56
108923,Aarav Jha,EEE,5,7.29,34.67,66
108922,Priya Rao,ME,1,7.79,83.07,99
108921,Priya Reddy,EEE,2,1.89,29.56,42
108920,Isha Verma,EEE,7,6.92,62.99,34
108919,Aarav Kumar,ME,1,4.5,85.42,32
108918,Diya Rao,CE,4,2.56,10.33,45
108917,Ananya Singh,CSE,3,3.59,90.21,0
108916,Aarav Kumar,ME,5,3.62,18.96,70
108915,Isha Sharma,CSE,8,5.35,85.09,44
108914,Vikram Singh,CSE,2,5.25,38.63,93
108913,Ananya Jha,ECE,2,7.37,64.6,35
108912,Aditya Rao,EEE,1,3.25,71.28,26
108911,Ananya Gupta,ECE,1,8.07,20.28,38
108910,Isha Singh,ECE,6,9.5,36.55,17
108909,Rohan Singh,ECE,8,7.06,3.22,89
108908,Ananya Rao,ME,8,0.84,73.43,88
108907,Priya Kumar,ECE,7,8.76,78.72,94
108906,Ananya Reddy,EEE,8,4.17,1.05,34
108905,Rohan Patel,ECE,1,3.9,37.43,8
108904,Rohan Reddy,EEE,4,6.42,35.61,51
108903,Isha Gupta,EEE,8,9.04,82.37,93
108902,Ananya Verma,ME,1,0.64,7.19,64
108901,Aditya Verma,EEE,7,7.95,60.58,48
108900,Sneha Kumar,CSE,1,4.94,29.9,76
108899,Sneha Sharma,ME,7,0.79,92.97,44
108898,Aditya Singh,CE,8,4.1,62.41,58
108897,Aditya Verma,ME,5,6.38,12.69,72
108896,Isha Singh,CSE,4,7.12,75.32,41
108895,Diya Rao,CSE,6,6.76,88.04,72
108894,Rohan Jha,CE,6,3.0,81.06,49
108893,Vikram Singh,CSE,7,3.2,53.63,65
108892,Priya Singh,CE,4,6.32,91.29,59
108891,Vikram Gupta,ECE,2,9.2,33.79,44
108890,Aarav Patel,EEE,4,5.17,71.12,27
108889,Sneha Jha,CE,8,6.23,12.02,32
108888,Ananya Patel,ECE,1,7.31,70.04,85
108887,Rohan Singh,EEE,2,9.76,60.91,57
108886,Rohan Verma,CE,7,0.58,96.09,45
108885,Rohan Reddy,CE,5,6.1,13.76,23
108884,Isha Kumar,CSE,2,6.03,14.64,46
108883,Sneha Reddy,ME,5,9.69,58.13,63
108882,Sneha Gupta,CE,8,3.9,35.17,42
108881,Aditya Reddy,ME,6,5.21,30.32,20
108880,Vikram Sharma,CSE,8,8.77,40.42,37
108879,Aarav Rao,EEE,4,8.2,4.1,74
108878,Kabir Singh,ECE,1,3.64,4.32,69
108877,Isha Verma,CSE,2,6.92,1.96,96
108876,Sneha Patel,CSE,6,6.95,6.17,74
108875,Vikram Jha,ME,1,2.49,5.62,77
108874,Rohan Singh,CSE,2,2.6,94.89,32
108873,Sneha Sharma,CE,4,3.04,21.09,30
108872,Aditya Singh,ECE,7,7.63,16.13,16
108871,Sneha Kumar,ECE,3,4.6,72.98,27
108870,Priya Sharma,CE,7,1.3,87.53,21
108869,Rohan Sharma,ME,8,4.83,3.98,66
108868,Priya Joshi,EEE,6,0.83,87.65,81
108867,Aditya Jha,ECE,4,3.34,52.45,99
108866,Vikram Rao,CSE,8,9.89,83.32,32
108865,Isha Singh,EEE,3,6.2,69.8,82
108864,Sneha Patel,ME,2,4.6,1.77,48
108863,Vikram Joshi,CE,3,1.83,61.73,95
108862,Kabir Joshi,CE,6,3.0,34.71,42
108861,Diya Jha,ME,3,0.81,89.79,67
108860,Ananya Gupta,CSE,1,0.34,40.72,62
108859,Isha Verma,ECE,7,0.22,28.8,16
108858,Aarav Gupta,CSE,4,5.04,66.62,0
108857,Kabir Kumar,EEE,2,2.6,14.78,9
108856,Kabir Rao,CE,1,3.37,96.31,37
108855,Diya Kumar,ECE,1,0.84,57.24,46
108854,Ananya Patel,EEE,6,1.29,19.13,43
108853,Aarav Verma,ECE,2,6.58,67.08,72
108852,Diya Reddy,ECE,6,3.66,35.58,85
108851,Rohan Jha,EEE,7,0.32,81.22,37
108850,Aditya Gupta,ECE,8,6.74,87.81,82
108849,Vikram Patel,EEE,7,6.95,52.83,73
108848,Kabir Verma,CSE,4,4.53,10.46,13
108847,Priya Patel,EEE,8,3.77,10.31,62
108846,Priya Verma,ECE,4,2.23,85.68,87
108845,Kabir Rao,CSE,8,7.43,0.95,70
108844,Vikram Sharma,EEE,4,2.96,55.91,48
108843,Aarav Verma,CE,8,7.55,90.66,39
108842,Aditya Sharma,CSE,1,7.64,47.44,87
108841,Vikram Gupta,ME,3,6.06,78.66,27
108840,Rohan Jha,CSE,8,8.64,74.53,14
108839,Ananya Kumar,ECE,6,2.03,32.77,74
108838,Kabir Gupta,ME,1,7.58,15.41,73
108837,Isha Reddy,ME,1,1.48,73.23,97
108836,Vikram Patel,ME,2,3.91,97.39,63
108835,Vikram Reddy,CSE,8,5.61,50.81,65
108834,Ananya Sharma,CSE,1,2.05,16.78,53
108833,Diya Jha,CSE,1,5.67,2.14,68
108832,Rohan Sharma,CE,7,4.35,20.76,63
108831,Aditya Kumar,EEE,3,5.02,93.59,80
108830,Ananya Patel,EEE,4,6.51,35.77,36
108829,Aditya Singh,EEE,4,7.26,22.49,83
108828,Kabir Rao,ECE,3,2.39,33.47,88
108827,Vikram Patel,CE,1,4.0,68.62,81
108826,Rohan Sharma,CSE,6,2.55,23.82,13
108825,Aditya Verma,EEE,1,8.22,12.58,75
108824,Sneha Reddy,ECE,7,4.01,75.64,72
108823,Sneha Reddy,ME,3,4.73,5.13,10
108822,Kabir Singh,ECE,8,7.06,30.82,9
108821,Sneha Joshi,EEE,4,3.12,79.13,53
108820,Isha Sharma,CE,1,5.21,63.77,43
108819,Sneha Patel,ME,8,2.85,47.7,87
108818,Priya Gupta,CSE,8,6.4,99.41,97
108817,Diya Joshi,EEE,8,2.86,30.27,60
108816,Vikram Reddy,EEE,1,6.24,33.0,13
108815,Priya Jha,EEE,8,9.94,93.31,10
108814,Aditya Joshi,EEE,8,3.6,33.5,40
108813,Isha Rao,CE,2,7.66,42.18,6
108812,Kabir Kumar,CE,4,9.24,7.64,32
108811,Isha Gupta,CE,2,8.8,3.34,86
108810,Kabir Singh,ME,2,4.87,60.62,10
108809,Aarav Kumar,EEE,5,3.92,3.33,0
108808,Isha Patel,EEE,7,1.89,62.16,69
108807,Rohan Gupta,EEE,4,9.76,90.26,10
108806,Rohan Gupta,EEE,4,8.37,71.31,4
108805,Aditya Patel,EEE,5,0.71,63.92,73
108804,Rohan Rao,CSE,6,3.82,1.93,41
108803,Vikram Verma,ME,6,3.04,2.54,91
108802,Rohan Rao,CSE,8,3.9,53.28,27
108801,Aarav Rao,EEE,1,4.59,46.67,17
108800,Aarav Reddy,CE,3,4.04,48.28,38
108799,Diya Sharma,CE,6,8.94,40.71,69
108798,Rohan Singh,EEE,7,4.42,48.49,24
108797,Sneha Joshi,ECE,6,2.51,42.79,56
108796,Diya Kumar,ME,1,2.47,1.34,73
108795,Ananya Gupta,ECE,8,1.69,26.91,36
108794,Isha Kumar,CSE,3,9.09,33.63,31
108793,Aditya Jha,EEE,8,1.65,86.37,43
108792,Kabir Sharma,CSE,1,8.36,36.36,22
108791,Vikram Joshi,ME,6,6.34,91.34,27
108790,Priya Joshi,ME,2,9.07,26.24,47
108789,Diya Gupta,CSE,5,9.92,74.93,44
108788,Vikram Jha,EEE,2,5.57,81.32,8
108787,Kabir Joshi,CSE,5,7.37,10.17,76
108786,Sneha Verma,ECE,8,4.16,89.05,68
108785,Isha Gupta,EEE,5,0.5,60.94,60
108784,Vikram Reddy,CE,8,5.13,2.6,12
108783,Ananya Joshi,ECE,2,1.53,48.15,79
108782,Sneha Gupta,CSE,1,2.65,18.62,72
108781,Rohan Joshi,ME,1,7.24,9.93,21
108780,Rohan Joshi,ME,5,2.3,67.24,69
108779,Rohan Gupta,ME,2,6.08,19.2,53
108778,Aditya Verma,ME,7,4.78,3.36,49
108777,Rohan Reddy,ECE,6,7.98,96.4,100
108776,Aarav Rao,CSE,3,5.0,7.67,10
108775,Diya Singh,CSE,8,5.18,77.14,72
108774,Priya Jha,CE,2,8.22,13.09,92
108773,Vikram Verma,ECE,8,4.29,97.37,21
108772,Vikram Jha,EEE,5,1.26,0.57,98
108771,Isha Verma,CE,5,0.24,92.54,71
108770,Diya Gupta,ME,5,7.97,81.64,93
108769,Sneha Patel,ME,8,9.47,44.37,63
108768,Rohan Gupta,CE,5,6.48,87.36,33
108767,Rohan Kumar,CSE,2,6.24,23.09,86
108766,Kabir Verma,EEE,8,6.79,4.77,23
108765,Aditya Singh,CSE,3,7.32,20.34,81
108764,Ananya Verma,CSE,1,0.32,84.96,60
108763,Vikram Sharma,ME,4,7.56,59.7,69
108762,Rohan Rao,ECE,2,7.63,48.03,24
108761,Diya Joshi,CE,2,4.27,29.03,51
108760,Vikram Joshi,ECE,5,6.91,53.4,55
108759,Vikram Kumar,CE,5,8.97,75.18,78
108758,Aditya Patel,CE,1,3.53,70.25,38
108757,Diya Jha,ECE,8,4.41,10.96,73
108756,Vikram Reddy,ECE,3,4.18,43.91,46
108755,Rohan Singh,CSE,2,7.01,22.16,8
108754,Ananya Kumar,ECE,8,7.79,72.97,85
108753,Rohan Jha,ECE,8,6.91,83.14,20
108752,Isha Gupta,ME,5,1.75,22.43,16
108751,Isha Singh,CSE,2,9.92,74.69,67
108750,Sneha Patel,ECE,8,7.78,17.53,42
108749,Kabir Rao,CSE,2,5.46,8.19,13
108748,Vikram Rao,EEE,7,8.47,81.93,34
108747,Diya Verma,EEE,5,5.45,47.97,59
108746,Aditya Reddy,ECE,1,7.68,54.28,49
108745,Aarav Reddy,ECE,1,2.76,42.89,58
108744,Priya Rao,EEE,7,2.11,57.8,80
108743,Diya Gupta,CE,1,6.22,14.33,66
108742,Sneha Rao,EEE,8,2.28,69.42,82
108741,Aarav Patel,EEE,2,7.71,54.11,89
108740,Isha Singh,CSE,3,9.32,57.12,88
108739,Aarav Singh,ME,5,2.06,82.69,31
108738,Sneha Sharma,ECE,4,0.55,84.02,65
108737,Priya Patel,CSE,8,8.05,12.04,40
108736,Diya Gupta,ECE,1,9.78,0.97,27
108735,Aditya Joshi,CSE,4,0.18,16.57,36
108734,Diya Sharma,CE,2,7.01,48.82,62
108733,Isha Patel,ME,5,6.92,78.95,65
108732,Isha Jha,ME,8,2.48,11.19,53
108731,Ananya Verma,CE,6,6.38,33.29,50
108730,Rohan Sharma,CSE,8,8.51,69.33,2
108729,Isha Kumar,CE,2,8.7,71.66,57
108728,Aditya Sharma,EEE,6,1.58,26.22,17
108727,Ananya Gupta,CSE,8,6.06,40.08,35
108726,Isha Reddy,CSE,3,4.63,73.84,67
108725,Diya Patel,CSE,6,4.37,73.14,86
108724,Aditya Singh,CE,1,1.84,53.42,95
108723,Ananya Kumar,CE,4,2.26,33.24,28
108722,Vikram Jha,ME,6,5.82,44.18,62
108721,Aditya Singh,CSE,8,4.88,95.49,95
108720,Priya Gupta,CSE,1,4.0,0.44,82
108719,Aditya Kumar,CSE,4,7.83,43.79,34
108718,Rohan Kumar,EEE,8,2.01,21.84,32
108717,Aarav Patel,EEE,8,8.02,77.23,21
108716,Sneha Patel,ME,8,1.31,47.81,91
108715,Priya Jha,ME,3,0.81,26.0,84
108714,Aditya Reddy,ECE,3,9.37,90.7,30
108713,Ananya Rao,EEE,8,0.81,50.83,12
108712,Priya Gupta,ECE,5,4.25,85.78,50
108711,Diya Patel,EEE,3,9.91,16.41,87
108710,Aditya Singh,EEE,2,2.54,54.33,82
108709,Kabir Gupta,ME,2,8.99,88.09,7
108708,Priya Gupta,ECE,4,1.66,14.36,39
108707,Aditya Verma,CE,1,2.05,95.13,68
108706,Diya Gupta,ECE,3,9.53,12.09,65
108705,Aditya Gupta,ME,7,3.14,31.35,0
108704,Aarav Sharma,ECE,8,5.36,42.12,61
108703,Vikram Sharma,EEE,3,2.49,51.76,1
108702,Priya Jha,EEE,3,4.01,63.8,97
108701,Isha Rao,CSE,5,2.86,32.63,44
108700,Aditya Patel,EEE,5,1.09,87.54,37
108699,Aarav Gupta,CE,4,4.2,13.19,48
108698,Sneha Reddy,EEE,1,9.56,55.71,35
108697,Aarav Joshi,ECE,1,6.88,95.44,92
108696,Priya Singh,ME,5,3.5,58.22,46
108695,Priya Verma,EEE,8,9.76,50.88,52
108694,Aarav Jha,ECE,8,1.49,78.37,99
108693,Ananya Kumar,ME,7,4.06,60.66,16
108692,Kabir Gupta,ME,8,0.61,17.22,79
108691,Sneha Jha,ME,4,4.1,28.81,42
108690,Aditya Sharma,CE,1,5.85,46.13,82
108689,Sneha Joshi,ECE,5,8.56,47.78,1
108688,Rohan Singh,EEE,1,1.86,6.77,32
108687,Isha Rao,CE,2,9.94,86.98,35
108686,Ananya Jha,ME,8,2.58,56.01,40
108685,Ananya Patel,CSE,1,0.85,74.15,5
108684,Ananya Sharma,ECE,4,6.94,78.49,73
108683,Vikram Singh,ME,4,1.73,8.78,15
108682,Isha Verma,CE,8,3.01,54.76,40
108681,Vikram Joshi,ME,6,9.91,13.83,9
108680,Kabir Singh,CE,2,6.53,70.59,12
108679,Isha Joshi,ME,7,2.06,44.33,48
108678,Vikram Kumar,ECE,8,2.8,40.81,48
108677,Rohan Jha,CE,8,8.21,45.67,13
108676,Kabir Verma,ME,3,7.67,89.01,38
108675,Aarav Rao,EEE,5,4.71,64.11,12
108674,Kabir Sharma,ME,8,8.47,68.96,29
108673,Priya Jha,EEE,1,6.29,39.8,67
108672,Ananya Kumar,CE,3,1.34,11.46,82
108671,Ananya Patel,CSE,8,4.88,57.64,44
108670,Isha Joshi,ME,1,3.08,76.77,63
108669,Diya Sharma,ME,5,1.71,82.42,71
108668,Aarav Patel,EEE,6,5.86,93.83,98
108667,Diya Rao,ECE,8,4.74,56.09,10
108666,Sneha Sharma,ECE,5,8.04,0.47,56
108665,Kabir Gupta,CSE,1,8.75,65.88,81
108664,Ananya Reddy,ECE,8,0.18,63.8,63
108663,Aarav Kumar,ECE,4,7.47,42.52,32
108662,Sneha Gupta,EEE,6,2.85,31.16,25
108661,Aditya Reddy,CE,1,0.98,39.99,86
108660,Diya Rao,ECE,3,7.93,82.64,81
108659,Vikram Sharma,CE,3,1.49,56.05,36
108658,Kabir Kumar,CSE,6,9.67,81.64,93
108657,Aditya Kumar,ME,6,0.01,38.75,76
108656,Priya Gupta,CSE,7,8.1,93.71,94
108655,Sneha Jha,ECE,1,8.9,34.7,40
108654,Kabir Joshi,ECE,3,1.2,61.96,33
108653,Isha Kumar,CE,5,2.9,21.05,11
108652,Vikram Patel,CE,7,5.81,46.5,54
108651,Aarav Verma,ECE,6,2.22,68.46,25
108650,Aarav Verma,ECE,2,2.17,33.24,24
108649,Diya Reddy,ECE,6,6.66,59.77,75
108648,Aarav Sharma,EEE,8,4.88,32.77,37
108647,Rohan Joshi,ECE,7,7.07,44.84,7
108646,Diya Jha,CSE,7,8.71,20.13,70
108645,Aarav Gupta,ME,2,8.09,42.67,100
108644,Priya Sharma,EEE,3,6.54,18.53,91
108643,Aarav Kumar,EEE,4,0.56,57.39,79
108642,Diya Joshi,EEE,5,5.6,20.45,16
108641,Kabir Kumar,CSE,2,1.25,14.23,9
108640,Kabir Patel,CE,4,2.44,26.16,41
108639,Kabir Rao,EEE,8,3.43,65.02,8
108638,Kabir Patel,ME,7,8.68,98.64,10
108637,Vikram Gupta,CE,3,3.1,81.8,15
108636,Vikram Reddy,ECE,2,4.69,93.84,96
108635,Ananya Verma,ME,7,1.33,96.92,42
108634,Sneha Kumar,CSE,6,0.37,50.94,44
108633,Sneha Sharma,CE,4,6.22,30.34,81
108632,Priya Joshi,ECE,2,5.1,72.12,92
108631,Priya Rao,CSE,2,7.61,78.32,74
108630,Kabir Reddy,EEE,7,1.61,71.44,43
108629,Isha Joshi,CSE,4,8.53,61.19,27
108628,Vikram Jha,CE,4,0.6,62.02,86
108627,Rohan Kumar,EEE,2,8.36,44.15,1
108626,Rohan Singh,EEE,6,3.23,36.69,81
108625,Aditya Gupta,CE,7,7.86,66.31,14
108624,Isha Verma,ECE,4,7.89,8.53,29
108623,Sneha Jha,ECE,2,2.57,37.94,7
108622,Kabir Patel,ME,2,7.0,17.71,80
108621,Kabir Joshi,ME,6,7.85,39.51,79
108620,Kabir Patel,EEE,5,2.78,78.9,85
108619,Isha Joshi,CSE,3,1.45,21.35,91
108618,Kabir Rao,CSE,2,4.06,72.71,33
108617,Priya Verma,ECE,5,3.42,23.65,58
108616,Diya Kumar,EEE,3,5.54,10.0,54
108615,Vikram Kumar,CE,8,7.94,31.45,27
108614,Kabir Patel,EEE,1,4.92,99.74,76
108613,Priya Rao,ECE,1,1.67,78.92,23
108612,Priya Jha,ECE,3,4.59,70.6,67
108611,Vikram Kumar,CSE,1,2.0,84.19,45
108610,Aarav Patel,EEE,6,8.28,89.85,68
108609,Ananya Sharma,ME,7,0.36,82.07,23
108608,Ananya Verma,CE,4,0.75,7.78,78
108607,Vikram Patel,ECE,1,6.34,71.4,100
108606,Rohan Jha,CSE,4,7.25,42.17,60
108605,Rohan Verma,CSE,2,3.17,95.86,78
108604,Priya Singh,ME,2,8.11,62.26,57
108603,Rohan Singh,CE,2,4.02,38.51,29
108602,Rohan Singh,CSE,1,9.35,18.49,22
108601,Isha Patel,CSE,8,3.41,34.45,79
108600,Ananya Jha,CSE,3,0.43,30.51,46
108599,Vikram Rao,CE,3,3.44,41.1,13
108598,Kabir Patel,ME,6,8.83,89.55,94
108597,Priya Patel,CSE,2,4.69,71.33,75
108596,Rohan Kumar,CSE,3,1.04,54.61,88
108595,Sneha Kumar,CE,5,9.69,82.34,11
108594,Aditya Sharma,CE,1,0.96,15.59,10
108593,Priya Gupta,ECE,2,4.34,98.21,91
108592,Ananya Reddy,CE,4,6.49,20.92,6
108591,Rohan Rao,CE,5,3.64,52.09,96
108590,Aditya Singh,ECE,7,2.88,15.07,44
108589,Aditya Jha,ME,4,6.86,77.66,33
108588,Aditya Singh,ME,7,1.78,84.04,94
108587,Sneha Singh,ECE,2,7.6,34.01,37
108586,Kabir Reddy,CE,5,0.17,45.32,69
108585,Aarav Sharma,ECE,6,8.62,68.41,5
108584,Isha Sharma,CSE,3,2.14,64.61,16
108583,Rohan Reddy,CSE,4,3.35,79.42,17
108582,Isha Gupta,CE,6,3.36,6.73,26
108581,Priya Kumar,ECE,7,0.01,46.11,80
108580,Isha Verma,CE,7,1.71,85.65,77
108579,Diya Reddy,EEE,1,8.74,56.88,18
108578,Aarav Jha,CE,4,4.36,32.73,86
108577,Vikram Kumar,EEE,2,1.02,13.1,47
108576,Aarav Singh,CSE,6,4.81,59.37,1
108575,Vikram Jha,ME,3,8.47,64.43,23
108574,Isha Singh,EEE,1,4.57,40.37,95
108573,Sneha Gupta,CSE,7,3.49,55.17,78
108572,Sneha Patel,ME,5,8.56,42.28,83
108571,Aarav Verma,ME,1,6.93,58.75,2
108570,Sneha Verma,EEE,7,0.64,57.36,78
108569,Kabir Kumar,EEE,5,7.97,44.04,85
108568,Diya Jha,CE,6,4.97,18.36,32
108567,Vikram Sharma,CSE,5,8.7,94.28,44
108566,Aditya Sharma,CE,5,3.11,26.33,59
108565,Ananya Gupta,CE,8,4.19,88.27,12
108564,Rohan Kumar,ME,2,0.85,74.06,79
108563,Priya Sharma,CE,2,4.64,42.38,31
108562,Aditya Reddy,ECE,3,0.59,59.82,5
108561,Aditya Verma,CSE,8,6.28,79.73,94
108560,Isha Joshi,CSE,3,7.69,41.03,70
108559,Vikram Reddy,ME,5,8.84,96.46,32
108558,Aditya Singh,EEE,4,0.85,36.43,93
108557,Sneha Singh,CE,5,5.79,35.39,45
108556,Aarav Kumar,EEE,3,8.3,2.55,48
108555,Isha Verma,CSE,2,4.42,37.58,12
108554,Diya Sharma,CE,5,0.21,11.53,48
108553,Priya Sharma,CE,6,0.03,56.39,73
108552,Rohan Reddy,CE,5,0.17,91.55,89
108551,Priya Singh,ECE,2,3.98,58.91,97
108550,Vikram Rao,ME,7,6.13,9.34,68
108549,Kabir Sharma,EEE,1,6.08,6.95,0
108548,Sneha Rao,ME,4,0.29,99.54,78
108547,Vikram Rao,EEE,1,8.93,89.82,34
108546,Sneha Kumar,CSE,8,5.98,34.64,30
108545,Sneha Verma,EEE,2,6.42,48.71,83
108544,Kabir Singh,ECE,7,3.47,26.55,72
108543,Ananya Verma,CSE,7,2.48,16.46,35
108542,Isha Patel,CSE,1,7.0,56.68,7
108541,Vikram Reddy,ME,2,2.79,8.82,100
108540,Rohan Reddy,ME,6,1.18,20.53,50
108539,Aditya Rao,ME,5,5.97,89.45,79
108538,Kabir Gupta,CSE,2,8.44,69.68,97
108537,Kabir Singh,EEE,8,0.56,10.99,43
108536,Aditya Reddy,CE,4,8.18,11.02,84
108535,Kabir Sharma,ME,2,3.73,53.31,92
108534,Sneha Rao,ECE,2,6.26,47.02,25
108533,Ananya Sharma,ECE,6,1.89,40.16,28
108532,Kabir Jha,CE,1,0.44,98.49,76
108531,Rohan Rao,ME,6,8.03,8.17,74
108530,Isha Joshi,CE,8,0.74,31.22,84
108529,Aditya Singh,ME,4,6.99,98.58,87
108528,Aarav Verma,ECE,6,6.02,42.61,35
108527,Isha Singh,CE,3,6.97,61.37,84
108526,Isha Verma,ME,1,2.35,29.57,64
108525,Diya Rao,CE,5,5.78,91.83,13
108524,Rohan Joshi,CE,7,9.62,2.15,73
108523,Aarav Joshi,ME,2,9.46,8.43,23
108522,Aditya Joshi,EEE,6,8.22,16.17,86
108521,Sneha Sharma,CE,6,1.48,38.12,64
108520,Aarav Sharma,ECE,8,7.72,10.41,13
108519,Kabir Sharma,EEE,1,8.56,46.78,82
108518,Kabir Singh,ECE,7,7.9,23.2,21
108517,Diya Joshi,EEE,4,3.33,61.24,94
108516,Rohan Jha,EEE,3,8.44,83.75,73
108515,Rohan Kumar,CSE,1,0.15,67.26,21
108514,Rohan Jha,EEE,3,5.87,95.93,1
108513,Rohan Singh,ME,5,4.91,8.2,6
108512,Sneha Gupta,CSE,1,6.47,80.15,35
108511,Diya Joshi,EEE,3,1.71,3.6,16
108510,Aarav Joshi,ECE,1,7.25,64.14,0
108509,Priya Sharma,ME,7,5.5,72.81,71
108508,Aditya Patel,EEE,3,4.3,34.85,66
108507,Isha Verma,ME,5,5.48,47.59,36
108506,Vikram Gupta,ECE,1,3.01,65.94,57
108505,Vikram Reddy,ECE,6,7.92,0.05,90
108504,Isha Gupta,EEE,2,7.44,66.88,3
108503,Sneha Sharma,EEE,8,4.83,92.21,33
108502,Aditya Singh,ME,6,1.19,95.05,47
108501,Sneha Singh,ECE,4,6.32,26.81,34
108500,Isha Rao,ME,1,3.87,32.17,96
108499,Isha Reddy,ME,4,2.73,7.8,44
108498,Sneha Rao,CSE,5,2.58,28.3,11
108497,Sneha Gupta,EEE,8,9.41,54.15,61
108496,Priya Reddy,EEE,2,1.59,25.14,37
108495,Rohan Gupta,ME,3,8.56,20.0,71
108494,Vikram Patel,CE,4,1.42,71.66,27
108493,Vikram Singh,CE,3,5.98,0.39,66
108492,Ananya Joshi,ECE,5,2.85,54.74,12
108491,Isha Verma,CE,3,5.32,60.99,22
108490,Kabir Sharma,EEE,5,1.04,79.34,85
108489,Isha Gupta,ME,6,6.98,63.37,98
108488,Ananya Kumar,ECE,6,4.32,71.18,69
108487,Priya Singh,ME,2,2.49,20.96,26
108486,Vikram Sharma,CE,2,0.95,14.06,19
108485,Diya Verma,CE,8,4.0,68.2,73
108484,Ananya Joshi,ECE,3,2.68,11.59,63
108483,Priya Sharma,CSE,7,1.73,23.9,68
108482,Rohan Patel,EEE,2,1.4,76.93,98
108481,Vikram Kumar,CE,2,1.11,69.44,77
108480,Priya Reddy,ECE,6,5.83,22.0,70
108479,Ananya Reddy,ECE,4,5.67,73.45,19
108478,Diya Joshi,CSE,3,6.47,36.24,77
108477,Kabir Singh,EEE,5,7.56,71.13,93
108476,Aarav Patel,EEE,2,8.66,42.93,99
108475,Vikram Kumar,CSE,4,1.45,45.58,6
108474,Kabir Sharma,CE,4,5.99,60.1,32
108473,Aarav Patel,ECE,6,7.35,7.59,66
108472,Kabir Rao,CSE,6,2.16,91.74,73
108471,Kabir Kumar,ECE,5,9.48,27.55,55
108470,Isha Jha,EEE,2,8.22,20.8,8
108469,Isha Sharma,CE,7,6.13,84.42,80
108468,Aarav Verma,EEE,2,4.13,23.1,33
108467,Aarav Sharma,CE,5,2.62,32.56,40
108466,Vikram Singh,ECE,7,7.15,50.9,42
108465,Diya Verma,ME,7,4.06,2.35,25
108464,Sneha Rao,CSE,7,7.94,75.5,95
108463,Sneha Verma,ECE,4,8.59,93.36,43
108462,Kabir Verma,ME,7,8.35,34.55,38
108461,Vikram Verma,CSE,8,2.38,8.99,61
108460,Aditya Rao,CE,1,3.13,19.08,39
108459,Aditya Rao,EEE,1,1.5,7.88,13
108458,Sneha Rao,EEE,3,7.16,4.51,10
108457,Ananya Joshi,CE,2,4.65,0.73,100
108456,Sneha Reddy,CE,8,0.62,67.69,79
108455,Aditya Jha,CSE,2,8.9,24.66,12
108454,Vikram Jha,ECE,5,0.11,60.69,20
108453,Aarav Rao,ME,2,4.18,14.13,89
108452,Vikram Singh,ME,4,4.22,83.04,92
108451,Ananya Jha,ECE,5,6.1,63.12,74
108450,Kabir Jha,CSE,5,5.41,39.7,15
108449,Kabir Singh,ME,5,6.25,56.3,62
108448,Aarav Reddy,ECE,4,6.85,64.92,44
108447,Aarav Jha,EEE,2,8.33,67.23,100
108446,Vikram Rao,ECE,1,5.12,53.75,63
108445,Rohan Rao,ME,6,7.77,87.06,63
108444,Aditya Rao,ECE,1,9.83,98.32,99
108443,Ananya Singh,ECE,1,6.38,51.4,56
108442,Sneha Gupta,CSE,8,9.95,93.89,17
108441,Priya Joshi,ME,5,8.4,0.3,95
108440,Rohan Reddy,CE,7,8.16,44.88,57
108439,Diya Singh,ME,8,7.72,69.12,85
108438,Aditya Gupta,ECE,4,7.8,23.5,28
108437,Aditya Sharma,CSE,8,3.18,73.24,52
108436,Isha Jha,CE,8,2.14,66.54,80
108435,Vikram Kumar,EEE,8,4.42,95.35,76
108434,Vikram Reddy,ME,8,9.2,79.13,68
108433,Rohan Jha,CE,1,6.75,50.24,81
108432,Diya Rao,CSE,7,7.3,57.41,72
108431,Diya Reddy,EEE,2,1.36,40.32,87
108430,Vikram Kumar,CE,2,5.67,53.47,99
108429,Rohan Rao,CSE,4,2.23,52.22,16
108428,Ananya Patel,EEE,8,7.42,68.76,77
108427,Isha Patel,CE,1,9.3,62.95,75
108426,Sneha Joshi,ECE,4,9.12,94.4,79
108425,Sneha Reddy,CSE,5,4.26,57.34,12
108424,Rohan Patel,ME,4,6.45,71.07,36
108423,Rohan Verma,ME,2,5.8,46.61,62
108422,Aarav Verma,CSE,4,8.35,77.08,73
108421,Aarav Gupta,CSE,5,8.25,58.88,32
108420,Aarav Sharma,CSE,1,8.76,9.02,30
108419,Ananya Jha,EEE,2,5.02,63.88,0
108418,Vikram Verma,CE,5,3.19,75.69,33
108417,Kabir Sharma,ECE,1,9.64,49.14,28
108416,Isha Verma,CE,8,6.65,11.92,28
108415,Priya Gupta,EEE,2,9.39,8.89,84
108414,Aditya Singh,ME,1,4.97,83.53,80
108413,Rohan Jha,ECE,8,8.46,81.01,56
108412,Kabir Joshi,EEE,4,9.21,89.37,96
108411,Kabir Rao,CSE,1,5.07,34.8,29
108410,Aditya Jha,ME,7,6.26,95.4,32
108409,Aarav Sharma,ECE,6,5.35,66.39,90
108408,Diya Rao,ECE,6,7.74,52.87,30
108407,Vikram Patel,ECE,3,0.29,80.92,98
108406,Aditya Reddy,ECE,5,9.01,65.96,75
108405,Ananya Joshi,CE,2,6.59,31.98,50
108404,Priya Verma,ME,3,5.02,59.17,74
108403,Aarav Rao,CE,6,2.23,19.82,48
108402,Aarav Jha,ME,7,3.04,36.1,30
108401,Vikram Verma,CSE,3,5.51,12.97,11
108400,Aditya Reddy,EEE,7,0.11,96.96,49
108399,Diya Rao,EEE,1,4.34,2.2,14
108398,Vikram Gupta,CE,8,3.14,84.93,93
108397,Ananya Gupta,CE,4,0.79,3.81,19
108396,Vikram Sharma,ME,5,7.9,82.62,62
108395,Priya Singh,CE,1,0.67,42.22,24
108394,Kabir Kumar,CE,1,0.66,86.18,57
108393,Ananya Joshi,ME,3,6.16,16.08,51
108392,Aditya Verma,ECE,6,7.15,90.58,38
108391,Kabir Patel,CE,6,0.17,66.76,80
108390,Aditya Gupta,ECE,8,0.54,74.2,35
108389,Sneha Verma,ECE,2,5.09,76.23,94
108388,Aditya Sharma,CSE,8,3.71,77.23,58
108387,Vikram Singh,CSE,6,9.7,34.76,44
108386,Aditya Rao,CSE,5,0.56,39.48,75
108385,Diya Singh,EEE,4,6.25,20.61,38
108384,Ananya Verma,EEE,7,1.63,73.17,63
108383,Vikram Verma,CSE,1,0.36,88.72,76
108382,Ananya Jha,CE,7,3.69,53.9,53
108381,Rohan Singh,ECE,5,3.3,11.56,35
108380,Aditya Singh,ECE,8,4.27,77.06,21
108379,Aarav Jha,ECE,3,1.9,18.04,41
108378,Isha Patel,ECE,8,5.11,48.91,12
108377,Aarav Sharma,CSE,1,8.37,10.97,97
108376,Kabir Reddy,EEE,2,2.78,71.43,39
108375,Vikram Reddy,CE,7,7.73,93.24,93
108374,Vikram Rao,ME,6,4.31,29.98,68
108373,Rohan Jha,CSE,6,1.54,90.76,11
108372,Aarav Gupta,ME,6,0.16,82.23,25
108371,Isha Singh,CSE,7,0.2,82.92,44
108370,Aditya Joshi,ME,8,7.17,77.88,23
108369,Diya Sharma,CE,7,3.24,73.62,65
108368,Isha Kumar,EEE,2,7.69,90.46,24
108367,Ananya Sharma,CSE,5,4.7,53.65,33
108366,Diya Joshi,CSE,5,4.25,7.09,57
108365,Diya Singh,EEE,6,3.83,76.63,67
108364,Rohan Sharma,ME,4,1.31,16.68,69
108363,Isha Sharma,CSE,1,0.4,87.2,22
108362,Aarav Gupta,CSE,2,8.62,88.27,65
108361,Kabir Singh,ECE,6,4.14,18.89,42
108360,Diya Rao,CSE,2,5.63,40.47,80
108359,Kabir Rao,CE,1,3.79,62.5,40
108358,Isha Gupta,EEE,1,4.89,43.47,53
108357,Vikram Patel,ECE,2,7.46,17.3,70
108356,Isha Kumar,CSE,3,4.91,7.09,19
108355,Sneha Joshi,CE,3,3.78,68.13,88
108354,Ananya Sharma,EEE,1,1.92,34.62,86
108353,Priya Rao,ME,7,5.28,37.12,27
108352,Kabir Gupta,CE,5,3.17,72.52,54
108351,Sneha Reddy,EEE,8,2.11,67.38,16
108350,Isha Kumar,EEE,8,0.69,23.06,14
108349,Diya Gupta,ME,5,8.98,81.81,38
108348,Sneha Jha,CSE,7,4.51,5.85,63
108347,Aarav Jha,EEE,2,2.67,12.76,99
108346,Aditya Rao,EEE,4,7.35,16.84,26
108345,Ananya Gupta,CSE,3,3.56,98.04,64
108344,Kabir Kumar,EEE,7,5.46,13.86,26
108343,Priya Sharma,ME,6,5.38,7.72,54
108342,Sneha Patel,ECE,8,7.15,95.86,61
108341,Aarav Singh,ECE,4,9.84,54.48,84
108340,Aditya Patel,CE,5,9.97,21.92,99
108339,Priya Patel,CE,5,2.4,42.62,32
108338,Aarav Singh,ECE,3,9.64,43.09,60
108337,Aditya Jha,CE,8,3.72,61.45,96
108336,Ananya Reddy,ME,3,9.96,48.86,0
108335,Sneha Verma,ECE,7,5.1,3.2,37
108334,Rohan Verma,ME,2,9.88,64.54,64
108333,Aarav Rao,EEE,2,6.85,14.32,4
108332,Aarav Rao,ECE,8,3.06,24.57,72
108331,Vikram Singh,CSE,3,7.28,68.43,17
108330,Diya Joshi,CE,3,9.86,26.79,38
108329,Vikram Patel,CE,6,5.02,53.19,72
108328,Diya Patel,CE,4,9.74,81.64,18
108327,Sneha Rao,EEE,1,6.02,37.96,3
108326,Aarav Gupta,ME,5,3.92,61.02,35
108325,Sneha Reddy,ECE,8,1.07,64.78,59
108324,Isha Singh,ECE,8,8.93,51.05,96
108323,Aditya Sharma,EEE,5,3.9,51.59,96
108322,Vikram Reddy,EEE,5,6.24,24.9,75
108321,Ananya Singh,ECE,2,5.5,82.33,30
108320,Isha Singh,ME,4,1.5,18.05,77
108319,Aditya Patel,CE,6,8.16,33.29,57
108318,Aarav Gupta,CSE,5,6.01,5.15,92
108317,Rohan Jha,CSE,2,2.14,8.07,6
108316,Sneha Verma,CE,4,1.4,94.07,23
108315,Diya Kumar,CE,8,9.66,96.81,25
108314,Kabir Reddy,ME,6,1.54,65.81,94
108313,Sneha Kumar,ECE,3,3.88,7.78,17
108312,Sneha Rao,ECE,7,4.63,10.7,88
108311,Vikram Reddy,CSE,2,4.94,79.99,94
108310,Vikram Joshi,CE,6,7.88,92.07,32
108309,Priya Joshi,ECE,8,6.24,53.16,93
108308,Ananya Kumar,ECE,2,1.33,29.31,9
108307,Kabir Reddy,ME,2,5.31,40.47,40
108306,Aditya Patel,CE,3,1.44,6.97,26
108305,Rohan Sharma,ME,1,6.65,84.14,60
108304,Aditya Joshi,EEE,7,4.38,71.46,36
108303,Isha Jha,EEE,7,9.69,87.49,85
108302,Ananya Joshi,EEE,8,8.53,99.79,22
108301,Priya Rao,CE,2,9.54,99.77,24
108300,Aditya Jha,CE,8,3.01,94.08,99
108299,Aditya Reddy,ECE,5,9.94,6.8,36
108298,Aditya Jha,ECE,6,1.08,55.08,61
108297,Diya Joshi,ME,2,3.99,14.44,85
108296,Rohan Jha,EEE,4,2.65,53.82,16
108295,Vikram Patel,ME,2,7.76,58.18,35
108294,Kabir Reddy,ME,6,6.77,43.9,47
108293,Diya Joshi,EEE,1,8.88,44.13,60
108292,Kabir Verma,ME,5,1.56,64.95,71
108291,Diya Patel,CE,7,8.65,32.52,23
108290,Rohan Singh,CE,8,9.17,42.04,60
108289,Aarav Singh,ECE,5,5.19,60.78,99
108288,Priya Jha,CE,1,9.67,66.5,23
108287,Rohan Joshi,ECE,1,3.2,45.95,15
108286,Rohan Gupta,CSE,3,1.14,31.93,72
108285,Priya Sharma,ME,8,8.96,49.69,55
108284,Kabir Verma,ME,7,8.51,83.34,48
108283,Sneha Kumar,CSE,1,8.04,76.52,38
108282,Diya Sharma,ECE,1,3.46,75.81,75
108281,Vikram Gupta,ME,8,6.93,13.3,7
108280,Diya Kumar,CSE,2,7.52,21.54,44
108279,Aditya Patel,CE,8,4.19,46.54,76
108278,Aarav Rao,EEE,2,6.95,72.11,78
108277,Ananya Jha,CE,4,0.57,90.26,72
108276,Aarav Rao,ME,5,9.58,38.7,53
108275,Vikram Joshi,ME,4,9.64,17.86,8
108274,Aditya Rao,CSE,4,3.06,77.66,39
108273,Rohan Singh,CE,3,4.82,22.72,6
108272,Isha Joshi,CE,4,7.95,84.07,96
108271,Rohan Joshi,CSE,5,0.17,39.04,39
108270,Priya Patel,EEE,5,2.12,98.49,95
108269,Aarav Jha,ME,2,2.99,16.82,12
108268,Aarav Verma,ECE,2,9.2,20.09,59
108267,Aditya Joshi,CE,8,5.17,59.17,47
108266,Vikram Gupta,ME,5,8.43,53.43,69
108265,Aarav Kumar,CSE,8,3.38,33.8,41
108264,Rohan Patel,ME,3,7.95,75.22,60
108263,Aditya Rao,CE,2,6.72,26.48,88
108262,Diya Patel,ECE,7,6.23,35.75,34
108261,Ananya Jha,CE,6,1.85,41.1,87
108260,Ananya Reddy,ECE,7,9.54,67.18,60
108259,Aditya Joshi,ECE,7,1.33,58.68,53
108258,Diya Rao,CSE,4,7.68,42.0,34
108257,Diya Rao,CSE,5,3.91,39.49,8
108256,Aarav Rao,CSE,6,6.11,14.3,59
108255,Vikram Kumar,CSE,3,8.34,45.01,62
108254,Sneha Joshi,ME,1,1.06,30.4,43
108253,Aarav Rao,CSE,5,0.07,24.73,53
108252,Aarav Verma,ECE,4,9.01,54.41,27
108251,Rohan Rao,EEE,8,5.4,21.69,15
108250,Vikram Joshi,ECE,1,8.19,20.42,18
108249,Aditya Patel,EEE,1,8.4,41.78,64
108248,Sneha Sharma,ECE,4,3.47,82.48,80
108247,Vikram Gupta,ME,6,1.37,46.04,10
108246,Diya Singh,ME,7,4.91,58.97,23
108245,Aarav Verma,EEE,1,6.93,62.6,98
108244,Sneha Jha,CSE,2,8.22,14.03,63
108243,Kabir Verma,CE,6,3.95,41.96,12
108242,Isha Verma,ECE,7,3.18,96.14,49
108241,Aarav Patel,CE,1,7.79,92.82,88
108240,Aditya Kumar,EEE,4,8.42,51.36,32
108239,Vikram Joshi,CE,4,8.18,13.42,89
108238,Rohan Singh,CSE,1,0.63,5.59,49
108237,Aarav Patel,EEE,5,9.52,47.71,89
108236,Priya Reddy,ECE,1,7.07,58.29,52
108235,Isha Jha,ECE,2,7.91,78.05,52
108234,Kabir Patel,ME,1,3.27,43.99,39
108233,Ananya Joshi,CSE,7,5.74,60.44,28
108232,Aditya Gupta,CSE,8,1.26,30.95,66
108231,Vikram Reddy,EEE,5,8.55,31.08,88
108230,Vikram Reddy,CSE,8,0.04,70.28,13
108229,Sneha Verma,CSE,4,6.3,21.45,56
108228,Priya Singh,ME,6,0.07,25.83,79
108227,Aarav Sharma,CSE,8,4.2,72.01,77
108226,Diya Patel,ECE,6,5.63,22.11,74
108225,Aarav Patel,ME,5,3.82,46.44,80
108224,Aditya Gupta,ME,2,8.31,30.09,29
108223,Aditya Gupta,CSE,4,1.14,7.86,38
108222,Kabir Jha,ECE,1,9.9,55.48,23
108221,Isha Jha,CSE,6,9.75,1.26,97
108220,Ananya Joshi,CSE,4,8.44,53.18,39
108219,Aditya Joshi,ME,8,5.13,68.64,58
108218,Rohan Jha,CSE,7,5.61,18.01,67
108217,Vikram Singh,CSE,7,4.95,38.25,6
108216,Kabir Sharma,EEE,2,8.49,69.32,43
108215,Diya Reddy,EEE,3,5.1,1.47,100
108214,Vikram Sharma,ECE,4,7.66,37.07,43
108213,Sneha Joshi,CSE,2,8.27,5.32,36
108212,Ananya Kumar,EEE,6,6.85,83.91,70
108211,Rohan Rao,CSE,2,7.76,88.74,77
108210,Vikram Reddy,EEE,5,8.06,10.64,24
108209,Isha Joshi,CSE,2,4.11,78.74,35
108208,Aditya Singh,EEE,6,0.84,43.16,40
108207,Rohan Reddy,ME,5,1.22,32.63,46
108206,Sneha Jha,ME,2,0.38,47.58,20
108205,Vikram Singh,ECE,4,5.06,19.58,1
108204,Kabir Sharma,EEE,6,9.82,11.47,83
108203,Vikram Verma,CE,4,9.79,96.16,22
108202,Rohan Joshi,ME,5,7.62,11.15,100
108201,Isha Verma,EEE,3,5.7,88.68,0
108200,Kabir Rao,ME,1,8.68,28.29,21
108199,Vikram Singh,ECE,1,6.26,99.57,58
108198,Diya Joshi,CSE,2,7.01,63.3,75
108197,Aditya Patel,ECE,4,5.85,99.97,10
108196,Aarav Gupta,EEE,2,0.63,1.01,0
108195,Kabir Rao,EEE,2,5.88,70.3,18
108194,Vikram Joshi,CSE,5,6.76,97.36,71
108193,Sneha Jha,ME,4,0.24,40.29,2
108192,Sneha Verma,ME,5,6.86,79.62,48
108191,Rohan Gupta,EEE,7,8.1,75.8,52
108190,Aditya Gupta,ECE,7,0.08,55.14,37
108189,Isha Rao,ECE,8,5.51,46.78,56
108188,Diya Rao,CE,8,9.19,24.36,84
108187,Priya Singh,EEE,6,0.68,69.87,30
108186,Rohan Singh,CSE,4,2.43,73.6,19
108185,Ananya Gupta,EEE,3,9.82,3.52,19
108184,Rohan Singh,EEE,6,6.38,83.24,89
108183,Ananya Verma,ECE,1,1.37,21.26,83
108182,Aarav Singh,CSE,4,2.86,74.84,61
108181,Aditya Rao,CSE,6,7.97,4.33,72
108180,Diya Gupta,EEE,4,1.58,33.73,57
108179,Ananya Sharma,EEE,7,3.83,67.24,47
108178,Rohan Joshi,CE,6,7.11,7.16,99
108177,Sneha Gupta,CE,1,8.19,51.54,23
108176,Vikram Verma,CE,1,7.96,54.47,74
108175,Diya Verma,EEE,6,1.2,73.47,45
108174,Vikram Jha,CSE,7,0.71,85.67,36
108173,Aditya Joshi,ECE,2,8.3,0.12,82
108172,Priya Sharma,CSE,4,2.06,13.26,78
108171,Kabir Reddy,CE,3,3.86,51.38,90
108170,Vikram Jha,CE,8,6.11,43.35,84
108169,Ananya Gupta,CE,5,6.84,94.11,25
108168,Vikram Singh,CE,5,1.67,93.26,93
108167,Ananya Patel,CSE,1,6.76,12.54,77
108166,Priya Gupta,CE,1,9.59,65.07,73
108165,Aditya Singh,CSE,8,8.9,1.45,51
108164,Ananya Kumar,ME,1,1.56,26.13,58
108163,Vikram Patel,CSE,3,1.96,69.21,100
108162,Ananya Rao,CE,1,9.79,38.76,0
108161,Isha Kumar,EEE,4,9.99,22.12,22
108160,Diya Rao,ECE,5,5.96,40.63,56
108159,Kabir Joshi,ME,3,8.24,59.56,97
108158,Rohan Joshi,ECE,4,1.39,32.51,27
108157,Vikram Singh,ME,2,7.47,30.15,21
108156,Sneha Singh,CE,7,4.96,20.72,39
108155,Aarav Singh,ME,2,2.47,35.58,48
108154,Priya Verma,ME,5,8.83,1.76,78
108153,Priya Rao,ME,5,1.58,41.23,55
108152,Priya Singh,CSE,2,3.57,59.48,64
108151,Sneha Reddy,EEE,7,2.72,76.35,8
108150,Priya Singh,ECE,1,0.07,92.5,23
108149,Priya Jha,CSE,8,1.38,68.47,41
108148,Priya Jha,CE,6,5.5,18.01,47
108147,Priya Jha,EEE,8,0.02,38.93,39
108146,Ananya Jha,CSE,3,6.71,35.03,26
108145,Sneha Rao,CSE,2,4.69,64.94,30
108144,Isha Rao,CSE,7,6.74,35.79,12
108143,Aditya Sharma,EEE,8,0.02,0.8,97
108142,Rohan Patel,CE,7,1.23,25.97,20
108141,Aditya Gupta,CSE,2,5.48,54.89,21
108140,Vikram Joshi,ME,3,4.52,81.31,55
108139,Kabir Patel,ECE,6,6.73,92.91,89
108138,Aarav Patel,ECE,5,0.26,95.44,58
108137,Diya Gupta,ME,6,2.12,92.82,50
108136,Kabir Jha,ECE,6,6.92,68.93,89
108135,Vikram Singh,CE,5,0.72,18.26,52
108134,Ananya Singh,ME,8,6.29,71.52,76
108133,Ananya Patel,CSE,6,7.88,55.84,1
108132,Diya Rao,CSE,6,1.24,96.41,95
108131,Diya Joshi,CSE,1,6.82,4.78,73
108130,Vikram Sharma,CE,3,6.43,76.13,96
108129,Sneha Gupta,CSE,3,3.46,86.98,70
108128,Kabir Singh,ME,3,1.88,26.17,35
108127,Sneha Joshi,CE,8,6.08,98.87,66
108126,Sneha Rao,CE,1,5.57,62.96,74
108125,Ananya Sharma,ECE,1,9.98,77.25,59
108124,Sneha Patel,ECE,2,0.18,35.37,63
108123,Diya Patel,CE,4,7.87,93.49,93
108122,Ananya Sharma,CE,6,8.63,75.45,39
108121,Aditya Kumar,EEE,5,2.13,8.89,20
108120,Aditya Rao,EEE,7,4.08,43.45,55
108119,Priya Kumar,ECE,4,1.66,47.35,16
108118,Ananya Jha,ME,7,9.06,89.86,57
108117,Ananya Rao,CSE,1,1.42,9.1,43
108116,Ananya Rao,ME,8,2.73,11.77,30
108115,Diya Rao,EEE,4,6.68,95.07,72
108114,Sneha Sharma,CE,7,4.95,56.9,50
108113,Diya Rao,EEE,7,5.09,97.82,76
108112,Sneha Reddy,ME,1,9.87,58.33,1
108111,Isha Reddy,ECE,7,0.07,18.22,27
108110,Sneha Patel,ME,6,1.38,96.7,71
108109,Ananya Rao,CE,4,1.76,70.32,12
108108,Diya Singh,CSE,1,8.76,85.28,56
108107,Vikram Rao,CSE,4,1.92,38.69,94
108106,Rohan Singh,ECE,7,1.9,35.53,34
108105,Ananya Verma,ME,2,2.08,42.27,38
108104,Isha Joshi,CE,8,5.5,80.98,98
108103,Ananya Kumar,CSE,5,3.22,83.47,50
108102,Vikram Gupta,CSE,5,2.64,20.29,60
108101,Ananya Patel,ECE,3,4.09,23.07,17
108100,Diya Joshi,ECE,3,1.91,55.55,33
108099,Priya Rao,ME,6,1.07,9.65,53
108098,Aarav Singh,CSE,3,1.8,10.26,17
108097,Sneha Reddy,CSE,1,5.46,66.45,9
108096,Diya Rao,ECE,5,4.7,96.25,60
108095,Kabir Reddy,CE,1,9.4,43.26,68
108094,Priya Kumar,ECE,2,3.52,49.02,87
108093,Sneha Patel,ECE,1,6.23,19.23,43
108092,Priya Rao,CE,4,5.62,12.72,19
108091,Kabir Kumar,CE,5,5.64,52.64,80
108090,Rohan Verma,ME,5,7.37,21.45,42
108089,Aditya Jha,ME,4,6.41,68.03,33
108088,Rohan Gupta,CSE,4,2.24,76.02,89
108087,Vikram Kumar,CE,1,2.1,73.52,10
108086,Diya Kumar,CE,4,5.36,42.82,52
108085,Sneha Kumar,CSE,3,5.15,77.69,65
108084,Sneha Gupta,EEE,5,6.23,45.84,50
108083,Diya Gupta,ECE,6,0.64,48.26,62
108082,Diya Singh,EEE,6,9.24,30.06,71
108081,Rohan Gupta,ECE,5,2.04,85.09,77
108080,Vikram Sharma,CSE,7,1.27,75.25,73
108079,Kabir Sharma,ECE,6,9.24,88.52,22
108078,Ananya Verma,EEE,2,7.01,43.42,53
108077,Sneha Verma,ME,4,1.14,85.25,37
108076,Vikram Sharma,CSE,8,1.56,25.53,1
108075,Priya Kumar,EEE,7,2.96,42.08,81
108074,Priya Rao,CE,4,7.69,84.35,12
108073,Kabir Rao,ECE,1,9.65,81.62,44
108072,Sneha Gupta,ECE,7,7.58,65.69,46
108071,Vikram Sharma,ME,1,2.6,23.38,26
108070,Diya Kumar,CSE,5,8.31,14.61,83
108069,Rohan Jha,ECE,3,2.07,49.62,54
108068,Aarav Sharma,ECE,8,6.38,37.76,91
108067,Diya Sharma,EEE,2,8.39,47.94,27
108066,Vikram Sharma,ME,6,7.13,12.44,78
108065,Vikram Patel,ME,6,0.03,2.19,0
108064,Aarav Rao,EEE,1,4.56,1.75,39
108063,Vikram Joshi,ME,3,8.58,71.35,25
108062,Aditya Sharma,EEE,5,2.41,52.05,8
108061,Aditya Sharma,CE,3,5.95,42.63,9
108060,Sneha Kumar,EEE,4,5.43,85.75,49
108059,Ananya Patel,EEE,6,0.99,58.24,88
108058,Diya Kumar,CE,2,6.57,29.91,44
108057,Kabir Verma,CE,2,0.16,0.58,14
108056,Isha Reddy,EEE,5,0.07,61.91,25
108055,Ananya Reddy,ME,2,3.51,47.4,24
108054,Aarav Verma,ME,7,6.13,27.61,86
108053,Kabir Kumar,ECE,4,4.92,96.04,22
108052,Ananya Jha,CSE,7,2.52,91.01,38
108051,Vikram Singh,ME,5,0.06,96.28,98
108050,Ananya Rao,ECE,5,1.04,92.19,65
108049,Ananya Verma,EEE,1,5.97,26.07,40
108048,Vikram Verma,EEE,4,7.41,26.25,42
108047,Isha Kumar,CE,6,4.39,58.98,7
108046,Priya Rao,CE,3,5.75,41.99,95
108045,Isha Patel,CSE,8,3.07,27.39,57
108044,Kabir Singh,CSE,4,6.35,75.13,89
108043,Aditya Gupta,ECE,6,5.22,34.11,66
108042,Ananya Jha,CE,2,6.1,97.2,52
108041,Priya Jha,ECE,3,2.27,62.06,95
108040,Kabir Jha,ECE,5,3.07,97.8,73
108039,Vikram Verma,CSE,8,8.97,16.39,64
108038,Ananya Kumar,CSE,4,0.77,97.85,44
108037,Vikram Singh,ME,1,6.59,75.19,25
108036,Vikram Verma,ME,7,8.86,54.87,29
108035,Vikram Patel,EEE,5,6.14,10.77,82
108034,Rohan Singh,EEE,2,8.35,18.1,48
108033,Diya Rao,CSE,3,6.63,27.55,99
108032,Priya Jha,CE,7,4.34,60.45,45
108031,Kabir Kumar,ME,4,7.77,63.38,51
108030,Sneha Reddy,ECE,7,3.91,53.63,46
108029,Diya Kumar,ME,2,4.54,3.55,52
108028,Ananya Kumar,CSE,5,2.71,40.63,76
108027,Isha Rao,ME,2,7.99,87.99,66
108026,Sneha Jha,EEE,2,5.6,4.93,61
108025,Ananya Kumar,ME,4,6.85,98.75,95
108024,Priya Joshi,CSE,6,4.69,37.25,6
108023,Aarav Sharma,CSE,6,9.07,57.58,44
108022,Aditya Reddy,CE,1,7.48,95.84,70
108021,Aditya Jha,ME,3,8.03,41.68,51
108020,Aarav Singh,ME,7,2.17,19.61,23
108019,Priya Verma,ME,6,9.78,24.99,68
108018,Aditya Verma,ECE,4,0.07,90.62,68
108017,Vikram Reddy,ECE,4,4.85,19.21,80
108016,Rohan Verma,CSE,2,8.13,58.09,16
108015,Kabir Jha,CSE,5,1.87,67.56,29
108014,Diya Reddy,CSE,2,0.27,45.56,100
108013,Aarav Singh,ME,3,0.83,79.07,99
108012,Isha Patel,ECE,8,1.52,56.7,75
108011,Priya Jha,EEE,4,5.84,92.67,39
108010,Sneha Kumar,CE,7,3.3,53.78,73
108009,Vikram Sharma,ME,1,9.85,61.76,65
108008,Priya Kumar,CSE,7,3.95,37.5,48
108007,Vikram Verma,ME,1,8.59,13.85,99
108006,Aarav Kumar,CE,1,5.84,99.93,34
108005,Aarav Kumar,CE,7,1.53,2.74,100
108004,Isha Sharma,ME,5,5.1,30.61,60
108003,Aditya Reddy,ME,5,4.59,62.22,23
108002,Ananya Joshi,ME,5,9.61,59.42,30
108001,Aditya Kumar,EEE,7,3.26,61.33,70
108000,Ananya Rao,CSE,3,6.53,5.34,89
107999,Sneha Sharma,ME,7,8.64,55.96,24
107998,Aarav Gupta,EEE,5,0.56,14.45,64
107997,Diya Rao,EEE,7,1.35,57.63,30
107996,Sneha Gupta,EEE,8,8.89,80.54,74
107995,Vikram Rao,EEE,4,8.33,14.53,35
107994,Aditya Verma,CSE,8,8.27,98.15,87
107993,Vikram Verma,CSE,3,5.19,48.47,5
107992,Vikram Rao,ME,2,0.13,43.14,26
107991,Sneha Rao,CSE,8,0.13,73.8,86
107990,Priya Singh,CSE,4,5.52,31.68,74
107989,Diya Rao,ME,2,9.1,40.2,76
107988,Aditya Rao,ME,5,7.67,18.95,99
107987,Vikram Kumar,ECE,4,1.81,9.59,95
107986,Priya Rao,ECE,3,8.67,25.61,45
107985,Diya Verma,ME,6,5.3,92.73,72
107984,Isha Kumar,CSE,1,0.25,61.19,98
107983,Aarav Verma,CE,2,1.55,95.66,4
107982,Ananya Patel,ME,4,8.71,37.73,76
107981,Isha Reddy,EEE,4,8.56,69.19,40
107980,Sneha Sharma,CE,7,8.05,98.36,78
107979,Priya Sharma,CSE,3,4.97,13.58,99
107978,Vikram Patel,CE,2,7.56,32.38,30
107977,Diya Rao,CE,8,1.42,16.07,89
107976,Priya Reddy,ME,7,1.0,6.15,63
107975,Sneha Rao,CE,6,2.73,83.63,41
107974,Kabir Rao,CSE,5,5.03,46.72,28
107973,Diya Gupta,ME,6,6.9,92.98,8
107972,Aarav Rao,EEE,7,4.34,68.68,89
107971,Kabir Singh,EEE,6,5.25,87.31,1
107970,Sneha Sharma,CSE,8,1.4,92.87,90
107969,Aditya Kumar,CE,3,8.08,66.05,66
107968,Sneha Jha,ECE,5,4.67,84.85,76
107967,Vikram Verma,ECE,3,5.8,2.14,30
107966,Aditya Joshi,ME,2,6.14,82.38,96
107965,Priya Gupta,ME,8,4.98,38.95,13
107964,Vikram Gupta,ME,3,3.88,5.53,30
107963,Priya Singh,CSE,6,2.16,48.59,5
107962,Diya Jha,ME,7,5.01,78.73,72
107961,Diya Jha,CSE,2,9.83,4.54,83
107960,Isha Jha,EEE,7,9.62,67.07,29
107959,Vikram Reddy,ECE,2,8.98,44.95,56
107958,Diya Kumar,CSE,7,4.64,99.76,19
107957,Vikram Sharma,ECE,4,9.29,17.65,99
107956,Ananya Rao,EEE,1,3.77,51.64,76
107955,Diya Singh,CE,8,2.33,63.18,17
107954,Rohan Singh,ME,1,4.91,82.79,77
107953,Aditya Reddy,EEE,2,9.11,37.89,23
107952,Diya Joshi,ECE,6,5.13,95.96,26
107951,Isha Reddy,EEE,4,5.52,79.65,66
107950,Priya Rao,ECE,4,5.05,72.44,67
107949,Diya Rao,CE,8,6.03,65.8,96
107948,Aditya Reddy,ME,2,6.29,65.52,30
107947,Isha Verma,CSE,1,1.44,31.61,98
107946,Vikram Sharma,ECE,3,8.05,96.68,7
107945,Vikram Reddy,ECE,3,8.08,25.32,56
107944,Sneha Jha,ECE,2,2.86,57.01,84
107943,Kabir Singh,ME,1,5.72,83.83,40
107942,Isha Kumar,CSE,5,0.76,16.36,50
107941,Priya Sharma,EEE,2,2.22,15.01,44
107940,Sneha Singh,CSE,3,2.61,95.33,36
107939,Isha Joshi,ME,5,3.28,70.52,49
107938,Aditya Jha,CSE,4,4.7,37.22,94
107937,Aarav Singh,EEE,3,1.67,55.29,51
107936,Diya Joshi,CE,5,6.02,19.34,22
107935,Kabir Rao,CSE,7,5.43,73.26,38
107934,Aarav Reddy,ME,7,8.98,34.05,72
107933,Priya Sharma,CSE,4,6.06,49.7,81
107932,Rohan Patel,ME,6,1.83,50.58,37
107931,Aarav Sharma,ECE,3,6.47,57.74,54
107930,Ananya Jha,CE,8,0.01,86.27,62
107929,Ananya Gupta,CSE,4,8.54,65.57,77
107928,Isha Joshi,ME,8,4.62,67.61,59
107927,Vikram Joshi,CE,3,8.36,92.31,27
107926,Sneha Jha,CSE,7,3.16,69.01,88
107925,Sneha Verma,EEE,7,3.92,48.14,35
107924,Aarav Patel,EEE,7,8.16,62.23,53
107923,Sneha Sharma,CE,7,2.36,22.49,35
107922,Kabir Joshi,ECE,2,7.09,89.34,61
107921,Diya Gupta,CSE,1,8.16,49.5,63
107920,Isha Jha,EEE,5,7.28,96.18,82
107919,Isha Verma,EEE,8,8.71,39.35,9
107918,Ananya Singh,ME,3,3.11,29.24,80
107917,Vikram Patel,ECE,4,7.98,72.28,27
107916,Aarav Gupta,ME,2,9.77,45.12,27
107915,Aarav Sharma,EEE,6,5.77,4.25,6
107914,Priya Patel,EEE,6,2.45,92.98,22
107913,Priya Verma,ME,4,9.35,91.61,80
107912,Priya Kumar,ME,6,4.04,6.82,35
107911,Diya Jha,CE,8,3.77,11.35,81
107910,Aditya Reddy,EEE,8,3.98,14.35,96
107909,Diya Gupta,EEE,8,0.54,77.28,26
107908,Diya Reddy,CSE,1,5.4,78.66,80
107907,Kabir Rao,ME,8,4.37,24.87,80
107906,Vikram Kumar,CSE,4,2.16,17.78,72
107905,Kabir Verma,CSE,5,7.55,3.93,56
107904,Vikram Kumar,CSE,4,9.96,87.82,17
107903,Diya Rao,EEE,5,1.46,2.09,23
107902,Priya Gupta,CE,7,3.92,85.66,69
107901,Priya Rao,ME,2,0.21,86.03,92
107900,Vikram Verma,EEE,1,9.31,58.89,22
107899,Kabir Rao,CSE,8,9.17,60.16,37
107898,Isha Rao,ME,8,7.01,47.71,12
107897,Diya Jha,EEE,5,3.5,50.06,90
107896,Sneha Verma,EEE,5,4.75,79.07,63
107895,Ananya Sharma,CE,7,3.95,90.11,89
107894,Ananya Jha,ECE,3,8.16,91.52,27
107893,Aarav Rao,ECE,6,7.37,51.11,61
107892,Ananya Joshi,ECE,1,9.02,21.78,35
107891,Kabir Verma,CSE,5,2.03,46.91,15
107890,Priya Singh,CE,8,8.55,48.7,32
107889,Rohan Sharma,CE,8,6.32,86.7,77
107888,Rohan Rao,EEE,8,4.22,38.24,53
107887,Aditya Singh,ME,2,0.26,36.86,58
107886,Ananya Singh,ME,2,1.65,74.43,82
107885,Vikram Singh,EEE,8,7.89,29.32,62
107884,Vikram Kumar,CSE,7,3.23,41.81,72
107883,Sneha Sharma,ECE,2,3.4,20.8,97
107882,Sneha Joshi,EEE,8,9.58,27.95,5
107881,Priya Rao,EEE,3,1.06,12.71,42
107880,Kabir Joshi,ECE,2,5.15,88.89,62
107879,Sneha Jha,ME,5,4.28,31.53,90
107878,Aarav Jha,ME,7,8.46,96.12,56
107877,Kabir Verma,ECE,6,0.23,20.17,51
107876,Priya Reddy,ECE,2,8.68,98.69,24
107875,Isha Gupta,CE,2,7.67,25.18,88
107874,Sneha Reddy,CE,6,1.1,21.45,14
107873,Priya Jha,CE,6,0.63,86.14,16
107872,Rohan Jha,CE,3,7.83,34.46,78
107871,Ananya Rao,CE,5,5.69,11.57,41
107870,Vikram Kumar,CSE,8,9.48,20.09,26
107869,Sneha Gupta,EEE,4,1.68,10.74,51
107868,Sneha Gupta,ECE,7,1.31,59.71,11
107867,Aarav Verma,EEE,1,9.65,43.1,56
107866,Sneha Sharma,CSE,2,4.65,36.2,53
107865,Aditya Verma,EEE,8,8.75,12.86,52
107864,Rohan Jha,CSE,2,5.06,57.57,28
107863,Aditya Verma,EEE,4,7.11,58.17,82
107862,Rohan Sharma,EEE,8,1.06,63.22,67
107861,Sneha Rao,CE,1,0.07,88.19,70
107860,Kabir Singh,EEE,7,5.2,51.48,26
107859,Ananya Patel,CSE,3,6.72,1.4,96
107858,Sneha Singh,ECE,7,7.63,25.46,34
107857,Rohan Reddy,CSE,1,4.21,61.63,47
107856,Aarav Reddy,EEE,6,0.19,93.65,91
107855,Rohan Kumar,CSE,8,7.19,38.18,54
107854,Isha Kumar,CE,7,4.04,5.58,7
107853,Rohan Kumar,ECE,4,7.06,19.69,42
107852,Vikram Kumar,CSE,4,0.97,24.45,96
107851,Sneha Jha,CE,8,9.2,12.11,37
107850,Sneha Patel,ME,4,0.3,46.42,37
107849,Diya Joshi,CE,2,6.48,29.1,37
107848,Vikram Verma,ECE,1,8.37,73.47,30
107847,Aditya Kumar,ECE,3,5.95,8.9,45
107846,Priya Reddy,ECE,3,2.31,36.93,15
107845,Ananya Joshi,CSE,7,7.17,65.63,1
107844,Aditya Kumar,ME,1,1.7,74.85,16
107843,Priya Singh,CSE,2,0.87,38.15,81
107842,Sneha Rao,ME,5,0.79,28.56,73
107841,Ananya Gupta,EEE,6,9.66,73.82,66
107840,Diya Jha,ME,1,8.27,37.55,75
107839,Ananya Kumar,ECE,7,6.57,79.02,6
107838,Isha Joshi,ME,3,6.67,47.21,42
107837,Rohan Sharma,EEE,3,9.33,42.07,68
107836,Vikram Patel,ECE,4,8.56,43.05,98
107835,Rohan Kumar,CE,3,7.22,48.39,78
107834,Diya Verma,CSE,6,7.83,27.86,98
107833,Sneha Rao,ECE,6,8.96,66.9,87
107832,Priya Joshi,CE,8,0.7,93.18,29
107831,Rohan Verma,ME,2,3.4,57.91,39
107830,Aditya Singh,CE,3,8.92,83.23,80
107829,Ananya Jha,ME,2,4.91,66.7,46
107828,Isha Sharma,CSE,4,10.0,73.81,14
107827,Priya Verma,ECE,6,1.58,36.22,92
107826,Sneha Gupta,ME,7,6.93,45.44,62
107825,Aarav Sharma,ECE,6,7.38,94.23,76
107824,Vikram Rao,ECE,4,2.37,33.84,30
107823,Aarav Kumar,CE,7,3.84,12.81,95
107822,Isha Joshi,ME,5,3.72,56.59,83
107821,Kabir Rao,EEE,7,1.18,76.11,60
107820,Sneha Patel,CSE,5,1.51,2.13,14
107819,Aditya Rao,EEE,3,1.87,79.76,43
107818,Diya Jha,ECE,5,3.34,60.71,72
107817,Isha Patel,ECE,5,4.89,33.6,65
107816,Aditya Rao,ME,5,8.72,35.58,36
107815,Aditya Verma,CE,8,3.0,72.42,88
107814,Vikram Verma,ME,4,5.06,20.18,93
107813,Vikram Patel,ECE,4,0.31,37.64,32
107812,Isha Verma,ME,2,2.66,97.68,23
107811,Priya Verma,CSE,8,3.4,85.95,64
107810,Vikram Jha,CE,4,6.95,10.05,39
107809,Aditya Sharma,EEE,3,3.83,19.77,21
107808,Vikram Rao,ME,3,4.46,41.31,24
107807,Isha Jha,ECE,3,7.5,67.73,42
107806,Ananya Sharma,CSE,5,2.95,1.51,17
107805,Rohan Verma,ME,2,0.38,93.85,71
107804,Sneha Sharma,ME,8,8.2,60.55,100
107803,Sneha Sharma,EEE,2,3.76,89.84,57
107802,Aditya Verma,CSE,6,5.45,87.53,51
107801,Vikram Gupta,ECE,2,3.54,60.96,20
107800,Ananya Verma,CSE,6,7.49,52.83,81
107799,Ananya Kumar,CE,8,9.71,9.93,39
107798,Ananya Singh,ECE,8,6.39,7.32,78
107797,Diya Gupta,CSE,4,8.41,61.47,0
107796,Aditya Rao,CE,6,7.7,67.08,38
107795,Priya Singh,ME,7,4.17,80.91,16
107794,Rohan Singh,ECE,4,3.06,95.64,92
107793,Sneha Rao,ME,6,8.99,20.12,70
107792,Aarav Sharma,ECE,2,8.5,23.37,53
107791,Kabir Reddy,ME,6,6.28,64.76,24
107790,Kabir Joshi,ME,3,5.0,30.51,76
107789,Priya Gupta,ECE,8,7.68,42.62,41
107788,Aditya Rao,ECE,3,5.21,84.89,98
107787,Ananya Singh,CE,2,3.45,25.47,59
107786,Sneha Joshi,ME,5,9.09,34.42,59
107785,Isha Verma,CE,5,8.22,59.54,32
107784,Diya Reddy,ME,2,9.07,63.74,32
107783,Vikram Jha,CE,3,5.68,3.16,20
107782,Diya Reddy,ECE,1,6.98,91.45,53
107781,Aarav Jha,ECE,1,0.44,83.41,38
107780,Isha Patel,ME,3,1.78,74.56,70
107779,Rohan Sharma,ECE,2,7.78,41.53,54
107778,Rohan Sharma,ECE,1,4.01,69.02,78
107777,Kabir Joshi,CE,8,9.43,84.39,24
107776,Priya Kumar,ECE,4,1.15,46.29,41
107775,Rohan Patel,ECE,5,6.51,13.83,27
107774,Aarav Kumar,CE,6,6.18,97.09,0
107773,Ananya Joshi,ECE,6,8.34,26.34,67
107772,Sneha Sharma,ECE,5,9.24,15.67,91
107771,Rohan Kumar,ME,5,7.87,59.51,40
107770,Isha Gupta,CSE,2,8.98,48.47,100
107769,Vikram Patel,ECE,6,5.07,38.61,55
107768,Vikram Singh,ECE,3,7.44,36.28,72
107767,Isha Verma,CSE,2,2.82,30.49,10
107766,Diya Verma,CSE,7,9.16,43.64,66
107765,Ananya Verma,EEE,2,7.34,56.63,34
107764,Aditya Singh,EEE,1,3.19,84.49,4
107763,Aarav Gupta,ECE,3,7.25,16.93,50
107762,Priya Jha,CSE,1,5.0,82.93,12
107761,Vikram Verma,EEE,1,3.78,0.32,43
107760,Aditya Singh,ECE,6,6.3,68.91,50
107759,Isha Patel,CSE,1,5.94,46.19,8
107758,Ananya Sharma,CSE,7,6.37,91.21,56
107757,Isha Kumar,EEE,3,4.9,41.38,6
107756,Priya Jha,ECE,2,9.75,80.2,18
107755,Kabir Reddy,CE,1,5.52,47.61,89
107754,Priya Sharma,ECE,8,0.28,45.99,67
107753,Aditya Rao,ME,1,0.71,9.14,9
107752,Aarav Reddy,EEE,4,1.54,73.0,98
107751,Diya Patel,CSE,1,2.11,49.31,67
107750,Kabir Reddy,ME,2,6.22,48.24,90
107749,Priya Reddy,CSE,4,6.84,2.01,36
107748,Sneha Jha,CSE,6,2.04,18.11,72
107747,Diya Reddy,ECE,6,0.74,76.64,62
107746,Ananya Sharma,CSE,3,7.28,62.27,47
107745,Diya Rao,EEE,3,4.64,17.11,56
107744,Priya Gupta,ME,7,4.82,64.57,82
107743,Diya Patel,ME,2,1.08,95.42,77
107742,Aditya Sharma,EEE,7,9.63,52.24,99
107741,Isha Gupta,ME,4,0.57,51.16,42
107740,Aditya Kumar,CSE,8,5.22,64.09,55
107739,Sneha Reddy,EEE,5,5.85,49.47,86
107738,Diya Sharma,ME,4,3.85,16.76,61
107737,Isha Patel,ECE,6,7.34,92.2,80
107736,Isha Kumar,EEE,8,5.74,77.19,91
107735,Sneha Joshi,ECE,7,2.61,26.29,71
107734,Aarav Joshi,EEE,4,3.38,71.83,47
107733,Kabir Singh,CE,1,7.04,41.59,70
107732,Sneha Patel,ECE,5,0.05,34.73,86
107731,Vikram Kumar,ECE,6,1.85,9.19,98
107730,Diya Jha,ECE,2,1.09,4.64,44
107729,Diya Reddy,CSE,4,2.9,75.07,65
107728,Diya Jha,EEE,1,3.75,22.94,10
107727,Sneha Rao,CE,5,9.7,14.73,36
107726,Sneha Gupta,ECE,5,7.24,17.07,5
107725,Ananya Jha,ME,8,5.88,27.75,45
107724,Isha Reddy,ECE,3,4.09,69.8,49
107723,Rohan Singh,CE,3,9.88,25.56,54
107722,Priya Reddy,ME,4,3.55,74.79,36
107721,Ananya Patel,ME,6,8.99,95.22,6
107720,Sneha Patel,CE,7,2.23,7.69,77
107719,Rohan Kumar,ECE,3,5.76,32.6,50
107718,Aarav Kumar,CSE,7,7.82,67.34,71
107717,Aarav Singh,CSE,1,1.54,15.29,56
107716,Isha Gupta,ME,2,0.93,59.58,66
107715,Rohan Verma,ECE,2,5.36,19.2,24
107714,Aditya Patel,ME,2,8.66,22.69,6
107713,Priya Joshi,ME,8,9.72,81.7,11
107712,Aditya Kumar,CE,5,2.39,77.87,60
107711,Ananya Sharma,CSE,1,2.16,86.03,96
107710,Rohan Singh,CSE,7,1.38,84.36,47
107709,Kabir Patel,CSE,3,4.67,38.99,14
107708,Vikram Kumar,CSE,2,8.79,4.83,47
107707,Ananya Rao,CE,8,5.07,35.68,54
107706,Diya Verma,ME,3,8.16,54.04,10
107705,Kabir Rao,ME,3,10.0,44.07,73
107704,Rohan Patel,CSE,3,4.71,16.28,35
107703,Sneha Jha,EEE,7,9.35,98.47,6
107702,Diya Sharma,CE,2,8.96,8.36,21
107701,Aarav Joshi,CE,3,3.06,48.01,30
107700,Priya Verma,CE,4,2.22,29.34,29
107699,Aarav Sharma,EEE,2,6.81,96.58,58
107698,Diya Singh,ECE,5,1.48,77.52,80
107697,Diya Jha,CSE,8,1.28,1.26,6
107696,Diya Kumar,ME,4,8.11,19.55,36
107695,Priya Patel,ECE,1,4.12,18.97,84
107694,Diya Patel,ECE,2,4.97,88.88,71
107693,Diya Joshi,CSE,2,9.12,79.9,77
107692,Ananya Sharma,EEE,6,7.65,56.39,88
107691,Ananya Joshi,EEE,5,8.0,77.09,47
107690,Isha Kumar,ME,3,9.69,94.42,20
107689,Rohan Verma,CSE,6,9.16,18.92,81
107688,Diya Rao,EEE,8,9.38,20.97,47
107687,Priya Jha,CSE,1,8.56,23.62,30
107686,Rohan Sharma,CE,5,9.14,59.92,44
107685,Ananya Gupta,ME,8,1.37,22.96,58
107684,Rohan Kumar,CSE,4,8.52,67.74,35
107683,Isha Verma,ME,5,8.36,16.32,14
107682,Priya Jha,CE,8,8.95,13.25,99
107681,Vikram Rao,EEE,8,3.4,52.69,78
107680,Kabir Gupta,CSE,4,9.39,9.79,99
107679,Diya Singh,CSE,5,2.38,8.22,71
107678,Aditya Reddy,ME,7,3.18,1.72,71
107677,Sneha Gupta,ME,3,7.03,51.16,65
107676,Vikram Kumar,CE,5,5.17,79.82,94
107675,Kabir Reddy,ME,2,8.73,30.11,39
107674,Ananya Jha,ME,7,2.31,25.71,0
107673,Aarav Patel,CE,5,7.87,30.66,16
107672,Diya Patel,EEE,8,1.41,29.47,18
107671,Ananya Joshi,ME,5,3.56,66.86,92
107670,Vikram Joshi,EEE,6,0.27,13.26,72
107669,Sneha Sharma,CSE,2,2.4,25.63,77
107668,Priya Reddy,ECE,3,1.16,69.61,92
107667,Aarav Jha,CE,7,2.84,63.67,43
107666,Vikram Gupta,CSE,3,9.45,82.34,34
107665,Rohan Verma,CSE,7,9.53,0.87,6
107664,Rohan Rao,CE,7,5.53,99.93,51
107663,Vikram Joshi,ECE,3,0.47,62.82,42
107662,Isha Singh,ECE,4,9.22,52.06,29
107661,Sneha Jha,EEE,3,3.32,80.68,11
107660,Isha Jha,ME,4,2.57,22.42,7
107659,Aarav Verma,EEE,4,8.52,78.53,30
107658,Rohan Joshi,ME,3,1.33,76.49,63
107657,Aarav Patel,ECE,6,9.92,59.12,1
107656,Aditya Verma,CE,5,5.86,47.58,97
107655,Kabir Singh,ME,2,6.04,51.49,99
107654,Aarav Joshi,ECE,3,8.79,30.52,66
107653,Aarav Joshi,CSE,4,6.75,17.22,94
107652,Diya Reddy,ECE,4,7.46,48.53,78
107651,Isha Sharma,CE,2,1.45,50.32,98
107650,Rohan Singh,ECE,2,2.66,16.64,10
107649,Ananya Verma,ECE,4,7.96,61.01,85
107648,Aditya Jha,CSE,2,5.61,8.86,100
107647,Kabir Rao,CSE,4,7.32,73.55,90
107646,Vikram Singh,ECE,8,3.59,86.66,88
107645,Kabir Rao,ME,4,5.62,92.73,84
107644,Sneha Rao,CE,2,3.34,78.11,26
107643,Priya Kumar,CSE,3,0.27,62.39,33
107642,Aditya Gupta,CE,7,1.24,1.08,91
107641,Ananya Kumar,CE,5,5.98,43.5,2
107640,Vikram Rao,EEE,3,8.86,41.59,84
107639,Sneha Rao,ME,3,4.84,73.71,88
107638,Rohan Joshi,ME,4,3.8,60.09,99
107637,Vikram Verma,CE,5,1.13,76.04,12
107636,Isha Sharma,CE,7,6.57,2.96,87
107635,Ananya Kumar,CSE,1,5.74,45.8,57
107634,Aditya Jha,ECE,6,3.29,70.61,39
107633,Aditya Gupta,EEE,7,3.21,57.03,59
107632,Aarav Patel,ECE,1,6.76,90.48,11
107631,Priya Patel,ME,6,6.0,27.26,11
107630,Kabir Sharma,CSE,6,6.17,36.7,66
107629,Sneha Rao,CE,2,6.18,45.23,83
107628,Aditya Rao,CSE,1,3.15,0.29,86
107627,Kabir Rao,CE,4,2.1,85.06,72
107626,Ananya Jha,ME,8,2.49,6.33,10
107625,Sneha Verma,ECE,1,5.71,4.42,70
107624,Diya Kumar,ECE,3,5.5,47.35,86
107623,Diya Verma,CE,6,2.23,34.82,97
107622,Priya Kumar,EEE,5,5.7,62.73,77
107621,Sneha Joshi,EEE,4,7.3,54.62,28
107620,Ananya Kumar,CSE,3,6.73,94.78,35
107619,Ananya Patel,EEE,8,2.64,85.3,80
107618,Kabir Reddy,ECE,8,3.78,32.42,92
107617,Priya Joshi,CSE,3,5.81,67.2,36
107616,Aarav Rao,ECE,3,3.35,10.99,98
107615,Rohan Jha,ME,1,8.59,62.96,20
107614,Aditya Gupta,EEE,6,0.32,29.58,53
107613,Kabir Reddy,CE,1,6.93,62.81,28
107612,Vikram Rao,CE,6,0.46,72.95,6
107611,Vikram Joshi,CE,1,3.1,16.57,33
107610,Ananya Kumar,EEE,1,3.13,13.73,42
107609,Aarav Reddy,CE,7,9.23,86.43,8
107608,Sneha Jha,CE,1,3.22,56.07,46
107607,Aditya Reddy,ME,8,4.37,58.36,84
107606,Aditya Gupta,ME,7,9.35,76.96,45
107605,Isha Kumar,ECE,8,4.28,19.6,57
107604,Aarav Rao,EEE,5,8.75,7.51,38
107603,Rohan Verma,EEE,3,5.98,72.54,76
107602,Sneha Joshi,ECE,6,9.62,93.67,50
107601,Vikram Gupta,CSE,4,2.14,36.44,91
107600,Vikram Reddy,EEE,3,1.18,16.42,36
107599,Priya Singh,CSE,3,1.58,10.35,49
107598,Aarav Jha,EEE,7,7.7,93.19,95
107597,Sneha Kumar,CSE,3,4.31,46.33,82
107596,Ananya Sharma,ECE,8,1.72,34.16,57
107595,Aarav Patel,CSE,1,2.3,48.68,65
107594,Diya Joshi,ECE,2,0.26,98.49,22
107593,Isha Jha,ME,1,1.34,77.74,95
107592,Aditya Jha,CSE,4,6.79,17.01,92
107591,Rohan Sharma,CE,5,0.57,10.48,93
107590,Sneha Patel,ME,5,5.51,31.0,76
107589,Sneha Kumar,ECE,1,0.73,68.01,14
107588,Vikram Reddy,EEE,3,2.35,55.73,70
107587,Priya Patel,EEE,1,8.59,69.23,73
107586,Priya Singh,ECE,3,4.45,97.02,40
107585,Diya Kumar,ECE,2,0.25,85.02,61
107584,Diya Kumar,CE,3,5.21,37.63,30
107583,Kabir Kumar,CSE,1,6.02,2.36,24
107582,Rohan Sharma,ECE,2,4.75,34.5,9
107581,Rohan Patel,CSE,3,2.32,70.24,79
107580,Rohan Joshi,CE,4,5.92,56.56,50
107579,Kabir Verma,CSE,4,3.49,90.99,57
107578,Sneha Jha,EEE,6,2.4,35.77,39
107577,Aditya Singh,CE,8,9.1,77.04,17
107576,Ananya Verma,CSE,1,1.54,87.01,69
107575,Rohan Singh,CSE,7,4.61,63.48,66
107574,Rohan Verma,CE,1,8.85,66.52,72
107573,Isha Verma,EEE,3,8.32,9.99,68
107572,Priya Singh,ME,4,9.35,70.87,5
107571,Priya Patel,CSE,8,6.83,73.93,80
107570,Kabir Patel,EEE,1,2.01,63.88,72
107569,Ananya Singh,CSE,2,4.22,4.9,84
107568,Priya Patel,EEE,4,7.92,55.92,37
107567,Aditya Joshi,ME,7,3.43,57.07,5
107566,Kabir Gupta,CE,4,1.96,82.33,31
107565,Isha Kumar,CE,5,3.13,92.83,36
107564,Rohan Singh,CE,4,6.94,2.79,78
107563,Isha Gupta,EEE,1,7.08,99.92,41
107562,Sneha Sharma,CSE,2,3.04,25.67,86
107561,Rohan Kumar,CSE,4,6.18,0.44,74
107560,Ananya Jha,CSE,3,5.64,13.92,75
107559,Kabir Reddy,CSE,6,7.26,27.19,91
107558,Diya Patel,CSE,8,1.7,80.0,29
107557,Diya Sharma,CE,6,7.67,96.62,12
107556,Isha Rao,EEE,8,3.2,66.71,0
107555,Vikram Reddy,ECE,1,9.65,78.94,84
107554,Rohan Jha,CE,1,2.01,25.15,59
107553,Sneha Jha,ME,1,3.09,94.85,47
107552,Diya Reddy,CE,7,1.47,90.98,70
107551,Ananya Patel,ECE,2,3.56,31.0,4
107550,Isha Rao,ECE,5,9.12,8.52,72
107549,Isha Gupta,EEE,6,3.25,62.79,15
107548,Kabir Joshi,CE,4,7.82,6.11,73
107547,Aarav Reddy,EEE,6,5.03,65.73,77
107546,Sneha Rao,ME,6,9.77,60.55,47
107545,Ananya Verma,CE,2,9.65,43.72,27
107544,Priya Jha,CE,4,4.21,17.66,63
107543,Diya Gupta,ECE,6,7.13,69.76,34
107542,Isha Reddy,ECE,6,5.12,39.18,84
107541,Sneha Rao,EEE,2,8.71,46.32,99
107540,Aditya Singh,ME,4,9.33,53.58,87
107539,Priya Verma,ECE,3,6.18,99.17,62
107538,Priya Joshi,ME,6,1.6,75.57,23
107537,Aarav Rao,ME,7,1.97,67.72,7
107536,Aarav Rao,ME,2,2.58,35.58,84
107535,Rohan Reddy,CE,6,2.81,44.0,75
107534,Ananya Patel,ECE,5,0.49,60.3,59
107533,Isha Kumar,ME,1,2.6,83.79,55
107532,Aarav Verma,EEE,3,6.38,34.45,15
107531,Isha Kumar,EEE,7,6.9,49.14,33
107530,Diya Singh,CSE,2,6.45,88.89,70
107529,Vikram Jha,ECE,1,2.73,55.46,21
107528,Diya Patel,CSE,7,6.22,45.11,76
107527,Priya Verma,ECE,2,4.53,52.86,98
107526,Kabir Jha,CSE,7,6.05,91.44,47
107525,Aarav Jha,ECE,7,4.7,12.71,89
107524,Vikram Verma,CE,1,3.19,24.1,57
107523,Ananya Singh,CE,8,6.92,84.87,10
107522,Vikram Kumar,CSE,4,2.17,51.73,55
107521,Diya Rao,ECE,2,9.2,32.22,93
107520,Diya Joshi,CSE,7,7.44,36.91,37
107519,Sneha Jha,CSE,7,5.73,68.67,12
107518,Diya Patel,ME,1,1.74,51.22,38
107517,Rohan Gupta,CSE,7,9.23,13.3,82
107516,Rohan Kumar,ME,2,4.85,41.02,73
107515,Ananya Kumar,ME,4,2.43,63.89,64
107514,Ananya Reddy,ECE,4,7.6,26.12,80
107513,Priya Patel,ECE,2,6.97,96.3,77
107512,Sneha Singh,ME,2,9.65,31.78,54
107511,Aarav Joshi,ECE,4,1.68,10.11,38
107510,Ananya Sharma,ECE,6,5.4,72.87,41
107509,Diya Sharma,ECE,5,4.44,10.4,41
107508,Kabir Gupta,CSE,8,1.92,51.32,85
107507,Isha Jha,ME,5,1.48,14.51,23
107506,Kabir Rao,CSE,7,1.55,19.75,63
107505,Isha Sharma,ME,4,8.87,25.19,19
107504,Kabir Patel,EEE,6,6.86,84.75,30
107503,Diya Jha,CE,1,7.41,13.79,48
107502,Sneha Kumar,EEE,2,9.42,59.69,52
107501,Sneha Verma,CE,8,8.82,87.01,83
107500,Aarav Reddy,ECE,7,5.8,66.44,65
107499,Diya Verma,EEE,5,9.73,32.96,46
107498,Priya Gupta,CSE,8,1.55,73.68,15
107497,Vikram Patel,CE,2,9.76,9.35,10
107496,Aarav Kumar,CE,6,8.44,64.14,51
107495,Kabir Rao,ME,2,2.25,58.11,54
107494,Vikram Kumar,CSE,7,0.04,39.9,99
107493,Priya Gupta,EEE,8,2.54,9.66,90
107492,Priya Gupta,ME,1,7.77,39.24,74
107491,Isha Gupta,ECE,3,1.02,31.54,44
107490,Diya Patel,ECE,7,4.89,79.73,88
107489,Rohan Patel,ME,6,8.29,18.57,46
107488,Kabir Sharma,EEE,4,2.31,72.32,56
107487,Aditya Sharma,EEE,1,6.0,56.13,7
107486,Ananya Rao,ME,2,6.31,66.71,9
107485,Priya Gupta,ME,1,6.79,17.39,65
107484,Rohan Rao,ECE,4,9.4,73.1,65
107483,Aditya Rao,ME,6,2.6,49.87,53
107482,Isha Rao,ECE,3,6.31,68.52,92
107481,Kabir Gupta,CSE,4,8.04,28.87,22
107480,Aarav Rao,ECE,1,2.35,22.21,11
107479,Aarav Rao,ECE,7,6.59,1.58,60
107478,Aarav Sharma,CSE,3,8.12,48.45,46
107477,Aarav Joshi,CSE,8,5.89,41.71,30
107476,Diya Gupta,CE,7,5.22,38.25,66
107475,Isha Joshi,ECE,7,8.5,11.24,81
107474,Aditya Singh,ECE,5,0.48,20.1,24
107473,Kabir Kumar,EEE,4,4.36,1.41,74
107472,Ananya Jha,CE,6,6.8,16.18,85
107471,Ananya Joshi,CE,6,7.91,47.84,49
107470,Rohan Gupta,EEE,3,9.24,24.68,32
107469,Rohan Jha,ECE,2,4.05,29.12,17
107468,Ananya Jha,EEE,6,1.14,34.76,91
107467,Priya Gupta,ECE,7,4.85,7.13,14
107466,Ananya Verma,EEE,1,9.11,32.02,50
107465,Kabir Kumar,CE,1,2.94,76.0,45
107464,Rohan Singh,CE,3,9.8,27.42,85
107463,Vikram Jha,CSE,6,0.11,32.14,99
107462,Kabir Singh,CE,8,8.67,16.7,84
107461,Diya Reddy,ME,5,2.94,58.7,5
107460,Diya Sharma,ME,8,6.69,7.29,19
107459,Aarav Gupta,CSE,5,6.7,7.74,49
107458,Kabir Gupta,CE,4,1.96,58.8,60
107457,Rohan Reddy,CSE,7,7.24,36.64,80
107456,Diya Reddy,EEE,5,4.1,27.87,14
107455,Aditya Sharma,CE,4,6.29,26.39,70
107454,Rohan Gupta,ECE,8,4.94,4.42,36
107453,Sneha Gupta,EEE,3,9.45,52.96,46
107452,Aditya Sharma,CSE,2,0.64,20.66,83
107451,Isha Reddy,CE,8,9.55,90.56,97
107450,Vikram Jha,ME,3,5.41,39.75,10
107449,Isha Patel,EEE,6,9.13,56.64,93
107448,Priya Verma,CSE,8,4.57,16.6,71
107447,Priya Patel,ECE,3,0.33,82.68,36
107446,Vikram Sharma,ME,7,3.54,8.06,34
107445,Ananya Rao,CE,8,5.9,17.88,73
107444,Rohan Verma,ME,2,6.97,83.03,40
107443,Vikram Sharma,ME,1,9.48,41.19,31
107442,Ananya Sharma,CSE,3,0.33,56.97,62
107441,Sneha Gupta,ECE,7,2.5,90.7,9
107440,Diya Reddy,CSE,6,9.15,51.98,34
107439,Rohan Sharma,ME,1,4.22,34.74,50
107438,Ananya Rao,ME,7,7.21,99.0,24
107437,Priya Jha,ECE,6,0.34,57.36,20
107436,Aarav Verma,ME,8,4.19,62.29,57
107435,Kabir Rao,CE,1,4.58,37.6,20
107434,Rohan Sharma,ECE,3,0.51,7.28,53
107433,Kabir Singh,CE,5,1.54,74.44,100
107432,Sneha Gupta,CE,5,9.13,75.93,95
107431,Sneha Verma,CE,8,2.89,53.18,55
107430,Aarav Kumar,ME,6,7.88,91.51,20
107429,Rohan Verma,ECE,6,3.82,69.07,33
107428,Ananya Patel,CSE,3,4.71,96.15,75
107427,Sneha Kumar,ECE,1,9.91,7.12,25
107426,Diya Sharma,CE,8,6.42,83.24,80
107425,Sneha Jha,EEE,8,6.37,2.99,58
107424,Ananya Singh,ME,5,6.28,87.45,45
107423,Priya Verma,EEE,2,3.18,49.55,36
107422,Vikram Jha,EEE,5,3.75,12.54,30
107421,Isha Jha,ECE,5,8.24,46.37,75
107420,Isha Verma,CSE,2,4.07,52.61,94
107419,Vikram Reddy,CE,1,2.87,53.87,50
107418,Kabir Gupta,ME,5,9.37,44.16,26
107417,Aarav Sharma,ECE,8,8.25,77.39,77
107416,Isha Verma,CSE,8,5.29,63.21,35
107415,Aditya Jha,ME,1,5.19,2.31,82
107414,Vikram Rao,ECE,8,0.69,28.12,82
107413,Vikram Gupta,ME,6,7.97,53.77,36
107412,Sneha Joshi,CE,1,1.82,30.14,26
107411,Rohan Singh,EEE,1,9.14,49.47,41
107410,Diya Kumar,CSE,2,1.18,49.41,58
107409,Diya Jha,CSE,8,1.14,60.36,67
107408,Vikram Rao,CE,5,6.78,91.12,52
107407,Priya Singh,CSE,7,8.95,95.0,55
107406,Priya Singh,ECE,4,7.64,8.57,38
107405,Isha Sharma,ME,3,1.29,69.97,72
107404,Sneha Gupta,ECE,1,0.95,14.4,100
107403,Ananya Verma,EEE,5,4.99,4.77,99
107402,Vikram Singh,ECE,7,5.06,94.56,56
107401,Vikram Patel,EEE,7,4.52,70.06,90
107400,Kabir Verma,CSE,4,3.48,85.4,88
107399,Diya Joshi,CE,3,3.52,67.19,55
107398,Kabir Rao,CE,7,6.23,65.05,78
107397,Rohan Jha,CE,1,9.42,12.69,6
107396,Isha Joshi,CSE,6,3.36,90.83,17
107395,Vikram Patel,ME,3,0.84,24.83,82
107394,Ananya Singh,CSE,1,1.16,21.09,36
107393,Rohan Kumar,ECE,1,2.19,88.37,35
107392,Aditya Verma,ECE,2,2.91,95.88,48
107391,Priya Patel,ECE,1,3.12,33.56,62
107390,Diya Verma,CE,3,3.84,77.49,83
107389,Aditya Jha,ECE,1,6.63,2.25,19
107388,Rohan Verma,CE,4,1.28,30.55,33
107387,Sneha Gupta,EEE,7,2.56,62.69,17
107386,Ananya Kumar,ME,6,0.91,31.2,45
107385,Diya Verma,ME,8,9.05,57.26,95
107384,Rohan Jha,ME,2,9.53,83.27,47
107383,Sneha Jha,CE,3,0.86,70.01,62
107382,Diya Patel,ECE,2,4.36,23.14,19
107381,Aarav Kumar,ECE,1,3.43,61.37,0
107380,Rohan Gupta,EEE,1,7.5,26.38,77
107379,Vikram Joshi,ME,2,2.93,30.73,50
107378,Vikram Jha,ECE,3,2.21,72.7,24
107377,Aarav Verma,CE,8,5.8,38.15,47
107376,Aarav Verma,CSE,3,7.1,21.93,89
107375,Diya Patel,EEE,2,9.17,84.53,7
107374,Vikram Verma,ECE,2,3.88,78.79,91
107373,Rohan Patel,CSE,7,7.49,92.81,17
107372,Vikram Verma,CSE,2,8.85,30.79,29
107371,Priya Gupta,CSE,6,1.46,25.57,63
107370,Diya Joshi,CE,1,0.63,84.03,78
107369,Rohan Kumar,ME,7,0.78,26.89,19
107368,Sneha Gupta,ME,6,8.84,69.97,49
107367,Rohan Singh,ME,2,0.08,72.51,36
107366,Aarav Patel,EEE,6,3.04,65.72,92
107365,Aditya Verma,ECE,7,0.75,87.86,0
107364,Diya Kumar,CSE,5,0.14,5.73,9
107363,Aditya Jha,EEE,2,8.04,25.63,2
107362,Diya Patel,EEE,6,2.05,6.15,32
107361,Ananya Gupta,CSE,6,9.67,79.01,52
107360,Aarav Singh,CE,1,2.14,47.15,96
107359,Sneha Jha,EEE,4,6.09,81.89,69
107358,Aditya Rao,ECE,6,7.74,78.77,81
107357,Kabir Gupta,EEE,1,0.33,79.29,86
107356,Aditya Reddy,EEE,1,2.61,99.55,77
107355,Isha Jha,CSE,6,1.55,98.23,42
107354,Aarav Singh,EEE,2,6.94,81.43,51
107353,Kabir Verma,CSE,4,3.7,56.68,80
107352,Kabir Sharma,ME,8,7.57,67.22,100
107351,Sneha Kumar,CSE,7,5.7,21.03,91
107350,Isha Sharma,ME,7,2.76,88.35,42
107349,Aditya Joshi,EEE,1,8.64,30.04,76
107348,Sneha Singh,ECE,6,9.65,74.5,39
107347,Sneha Singh,ME,4,8.04,98.45,3
107346,Priya Gupta,CSE,1,8.5,41.41,14
107345,Diya Patel,ME,4,6.55,89.49,63
107344,Ananya Kumar,ECE,7,0.18,38.5,26
107343,Aarav Rao,CSE,2,4.21,51.98,13
107342,Aarav Kumar,EEE,5,5.42,20.4,50
107341,Kabir Verma,CE,7,3.17,69.94,16
107340,Ananya Rao,CE,1,6.02,6.65,48
107339,Diya Gupta,EEE,2,7.59,47.4,94
107338,Sneha Patel,EEE,6,6.19,73.91,82
107337,Isha Patel,ECE,3,1.02,88.24,15
107336,Priya Verma,ME,4,9.18,41.63,45
107335,Aarav Sharma,ME,5,8.7,52.08,10
107334,Aditya Sharma,CE,1,9.5,3.81,93
107333,Sneha Rao,ME,5,4.9,42.58,55
107332,Diya Rao,CSE,2,3.69,0.26,85
107331,Aarav Singh,EEE,3,7.23,61.52,24
107330,Diya Singh,EEE,8,1.34,11.87,17
107329,Sneha Sharma,CE,8,5.41,16.95,73
107328,Ananya Verma,EEE,3,2.66,26.26,27
107327,Aarav Patel,ECE,5,1.47,60.98,17
107326,Rohan Reddy,CE,4,5.65,63.38,48
107325,Kabir Patel,ME,2,0.3,40.38,24
107324,Vikram Jha,EEE,4,4.37,43.36,53
107323,Ananya Patel,ECE,6,3.07,38.84,24
107322,Aarav Kumar,CE,3,3.7,19.62,5
107321,Sneha Rao,CE,8,0.42,9.53,61
107320,Vikram Jha,ME,2,2.92,58.88,77
107319,Rohan Verma,CSE,2,1.6,94.79,89
107318,Sneha Kumar,CSE,4,9.61,24.48,88
107317,Sneha Singh,EEE,4,1.93,88.97,20
107316,Diya Singh,CSE,4,0.97,84.78,38
107315,Aarav Jha,CSE,7,4.56,65.32,85
107314,Ananya Joshi,CSE,6,0.84,9.21,77
107313,Ananya Verma,ME,6,5.18,18.57,23
107312,Isha Singh,ME,6,2.69,99.56,61
107311,Aditya Sharma,CSE,4,2.92,7.02,99
107310,Aditya Kumar,ECE,4,9.57,99.66,76
107309,Kabir Joshi,EEE,6,4.6,14.09,58
107308,Vikram Jha,CSE,8,1.03,84.21,11
107307,Rohan Gupta,ME,8,4.05,97.51,70
107306,Ananya Joshi,ECE,3,3.12,56.95,80
107305,Aditya Joshi,EEE,7,4.8,92.25,22
107304,Ananya Reddy,ECE,5,7.47,66.1,79
107303,Ananya Rao,CSE,7,4.25,86.71,91
107302,Isha Singh,CSE,5,0.2,63.98,27
107301,Isha Singh,CE,8,8.45,23.45,67
107300,Ananya Kumar,CE,2,8.39,40.37,8
107299,Sneha Jha,EEE,8,1.94,78.2,68
107298,Rohan Jha,ECE,5,4.39,46.53,14
107297,Aditya Rao,CSE,8,4.01,88.84,32
107296,Kabir Reddy,EEE,7,7.03,88.99,79
107295,Kabir Sharma,ECE,5,8.2,53.56,0
107294,Diya Jha,ECE,6,3.11,87.28,22
107293,Aditya Singh,ME,5,2.25,13.15,74
107292,Rohan Joshi,CE,2,8.51,35.32,88
107291,Rohan Jha,CSE,5,8.58,51.14,42
107290,Aarav Verma,EEE,8,3.85,69.12,77
107289,Isha Reddy,ME,4,6.1,97.84,90
107288,Aarav Rao,ME,8,0.34,25.7,33
107287,Sneha Singh,CE,5,6.28,16.95,87
107286,Aarav Singh,ME,4,6.05,36.12,45
107285,Vikram Gupta,CE,6,7.62,34.1,33
107284,Vikram Kumar,ECE,4,9.13,37.64,46
107283,Kabir Sharma,ECE,3,4.18,35.61,82
107282,Kabir Jha,CSE,5,3.45,88.59,57
107281,Isha Jha,CE,7,3.28,0.01,28
107280,Sneha Rao,CE,3,4.46,24.94,71
107279,Diya Gupta,ME,7,6.77,79.01,86
107278,Diya Reddy,ME,1,8.98,6.02,93
107277,Kabir Reddy,CSE,2,4.93,25.49,11
107276,Isha Kumar,CE,8,2.03,76.25,8
107275,Vikram Patel,EEE,6,0.75,52.75,89
107274,Ananya Patel,EEE,3,9.61,26.44,30
107273,Ananya Reddy,ECE,3,6.16,43.67,90
107272,Ananya Patel,ECE,5,4.72,8.45,45
107271,Vikram Sharma,ECE,7,8.59,20.9,49
107270,Aarav Sharma,ME,4,9.72,31.87,81
107269,Aarav Sharma,CE,7,4.47,86.72,42
107268,Kabir Singh,EEE,3,0.46,20.0,45
107267,Ananya Patel,CE,5,1.45,35.01,58
107266,Sneha Patel,CSE,4,1.99,49.62,66
107265,Sneha Verma,ECE,3,6.03,64.56,32
107264,Sneha Sharma,EEE,4,9.12,23.87,35
107263,Diya Sharma,ME,8,5.16,94.38,9
107262,Aarav Jha,CSE,8,8.92,79.79,13
107261,Priya Gupta,EEE,4,8.66,34.46,25
107260,Diya Joshi,CE,1,1.37,71.11,42
107259,Kabir Reddy,CE,1,5.23,99.9,37
107258,Sneha Sharma,ECE,7,1.94,88.36,25
107257,Aditya Kumar,ME,1,6.28,30.05,37
107256,Rohan Kumar,CE,6,5.52,75.55,27
107255,Sneha Joshi,EEE,8,5.02,16.01,39
107254,Vikram Sharma,EEE,7,0.44,1.97,54
107253,Ananya Kumar,CSE,3,1.11,81.43,62
107252,Rohan Jha,EEE,6,1.57,20.27,51
107251,Priya Patel,ECE,1,0.13,28.55,75
107250,Isha Rao,ME,8,3.92,21.61,67
107249,Aarav Rao,CSE,6,4.38,22.27,94
107248,Kabir Singh,ECE,8,9.04,37.77,82
107247,Kabir Joshi,CE,7,0.84,63.9,38
107246,Sneha Singh,EEE,2,5.32,17.62,69
107245,Diya Rao,ECE,4,6.69,44.98,35
107244,Aditya Rao,ME,7,5.41,80.83,32
107243,Kabir Reddy,ME,6,5.85,90.28,90
107242,Aarav Gupta,CE,1,7.46,18.01,83
107241,Isha Gupta,CE,2,0.19,26.86,82
107240,Ananya Reddy,ECE,3,6.89,98.52,88
107239,Kabir Singh,EEE,5,7.45,70.61,51
107238,Aarav Jha,CE,5,3.12,89.58,6
107237,Aditya Joshi,ME,2,8.87,39.86,72
107236,Vikram Sharma,EEE,1,5.77,34.75,90
107235,Aarav Joshi,ECE,4,2.57,9.68,98
107234,Isha Joshi,CSE,1,1.16,24.91,18
107233,Aarav Jha,EEE,1,7.63,71.52,26
107232,Kabir Singh,EEE,3,4.96,51.81,21
107231,Sneha Verma,ME,4,2.59,69.87,63
107230,Vikram Jha,ME,7,4.72,36.72,26
107229,Vikram Sharma,ECE,1,2.13,49.57,71
107228,Rohan Rao,ME,1,7.16,24.78,71
107227,Ananya Kumar,CE,6,6.45,66.48,16
107226,Aarav Patel,ECE,8,3.39,87.08,94
107225,Ananya Verma,CE,7,4.39,37.13,88
107224,Aarav Singh,ECE,2,4.5,27.91,89
107223,Aditya Verma,ME,4,4.13,52.19,78
107222,Aarav Gupta,EEE,1,4.4,9.22,15
107221,Ananya Gupta,ME,4,4.18,39.24,47
107220,Vikram Patel,ME,2,5.85,74.88,99
107219,Sneha Sharma,EEE,1,3.51,97.61,47
107218,Diya Sharma,EEE,4,0.43,62.57,23
107217,Sneha Kumar,CSE,1,6.49,33.98,6
107216,Aarav Reddy,CE,7,6.43,49.32,1
107215,Vikram Singh,ECE,4,8.16,59.55,44
107214,Isha Reddy,CE,4,7.57,2.06,67
107213,Aditya Patel,CSE,4,6.25,74.23,23
107212,Aditya Reddy,EEE,7,7.76,97.76,2
107211,Sneha Verma,ECE,7,6.44,87.39,7
107210,Rohan Sharma,CSE,8,8.26,91.7,75
107209,Rohan Singh,CE,7,0.84,71.05,82
107208,Priya Singh,CSE,6,4.54,17.84,71
107207,Rohan Patel,CSE,4,6.33,8.32,88
107206,Isha Jha,EEE,2,0.12,0.3,88
107205,Vikram Jha,CE,8,6.18,23.36,49
107204,Rohan Rao,ECE,8,1.48,27.11,2
107203,Kabir Joshi,CSE,2,0.38,7.01,98
107202,Isha Singh,EEE,7,6.25,85.42,55
107201,Kabir Kumar,CSE,3,4.05,26.06,22
107200,Sneha Rao,ME,3,8.01,26.47,24
107199,Rohan Joshi,EEE,8,8.58,30.59,9
107198,Isha Verma,EEE,3,6.62,84.53,82
107197,Kabir Sharma,CSE,2,1.65,71.88,79
107196,Diya Rao,ECE,2,8.33,59.08,12
107195,Vikram Sharma,CSE,1,9.23,58.23,83
107194,Vikram Rao,ECE,6,7.66,23.02,30
107193,Rohan Patel,CSE,7,7.19,3.45,78
107192,Isha Gupta,ME,1,5.46,98.85,41
107191,Aarav Jha,ECE,8,8.97,18.69,0
107190,Aarav Patel,CE,3,9.47,34.78,15
107189,Kabir Verma,CSE,7,1.05,85.7,41
107188,Rohan Jha,CSE,5,2.08,36.98,24
107187,Ananya Verma,ME,2,1.17,90.72,55
107186,Isha Sharma,ECE,2,3.43,23.03,49
107185,Sneha Reddy,CSE,6,1.2,71.94,58
107184,Ananya Patel,CSE,5,5.22,34.56,9
107183,Sneha Sharma,CE,7,0.15,43.07,45
107182,Aarav Singh,CSE,6,7.28,51.36,70
107181,Aarav Patel,ECE,2,0.29,34.8,100
107180,Vikram Patel,CSE,5,0.86,7.34,58
107179,Diya Gupta,CSE,5,5.68,20.8,91
107178,Aarav Jha,ECE,4,6.88,73.2,37
107177,Aarav Patel,ME,2,8.27,65.79,99
107176,Ananya Verma,EEE,8,3.07,58.64,2
107175,Aditya Sharma,ME,7,6.06,29.73,16
107174,Ananya Sharma,CSE,3,2.94,83.93,37
107173,Aarav Jha,CSE,8,5.24,73.45,93
107172,Vikram Patel,ME,3,5.06,62.73,29
107171,Diya Jha,ME,8,5.49,6.17,56
107170,Rohan Gupta,ME,3,7.38,77.13,35
107169,Aditya Singh,CSE,6,2.41,96.81,9
107168,Kabir Singh,CSE,1,6.09,33.51,52
107167,Priya Patel,CSE,4,4.78,34.52,91
107166,Sneha Patel,ECE,3,9.78,63.39,37
107165,Rohan Patel,ME,4,9.78,15.59,55
107164,Vikram Patel,CE,1,2.48,42.43,34
107163,Vikram Joshi,CSE,5,9.5,73.9,72
107162,Vikram Gupta,ME,2,1.43,65.97,57
107161,Kabir Verma,CSE,1,8.92,87.42,45
107160,Aarav Gupta,ME,3,6.77,36.9,81
107159,Vikram Rao,ECE,3,4.58,93.87,84
107158,Aditya Singh,ME,7,8.69,4.13,81
107157,Isha Patel,CE,6,1.68,61.98,34
107156,Aditya Reddy,EEE,5,5.03,29.8,87
107155,Priya Sharma,CSE,8,0.04,42.14,8
107154,Rohan Kumar,CE,3,2.25,74.11,87
107153,Kabir Kumar,EEE,8,3.61,34.56,65
107152,Diya Verma,EEE,1,3.4,76.24,74
107151,Aditya Singh,ECE,8,5.08,94.33,46
107150,Priya Singh,CE,5,1.13,92.31,43
107149,Sneha Sharma,ME,7,9.09,69.41,78
107148,Aarav Joshi,EEE,4,5.75,22.67,89
107147,Rohan Gupta,EEE,3,2.52,36.97,56
107146,Kabir Sharma,CSE,5,2.99,17.18,43
107145,Diya Sharma,CE,3,4.85,2.74,74
107144,Aditya Verma,ECE,6,1.77,16.33,43
107143,Rohan Gupta,ECE,3,9.46,85.41,25
107142,Rohan Patel,ECE,3,0.64,43.22,76
107141,Aditya Rao,CE,8,8.65,19.55,92
107140,Priya Reddy,ECE,3,2.91,81.17,85
107139,Vikram Jha,ECE,7,0.69,74.59,99
107138,Aarav Gupta,CE,4,9.1,72.13,42
107137,Aarav Rao,CSE,7,2.46,92.99,48
107136,Vikram Verma,ME,1,5.52,0.03,59
107135,Kabir Sharma,EEE,8,4.58,93.39,27
107134,Rohan Rao,ME,5,4.08,48.82,48
107133,Rohan Rao,ME,7,1.17,94.1,52
107132,Diya Jha,EEE,2,7.14,23.33,29
107131,Aditya Rao,ECE,3,2.65,23.58,7
107130,Priya Gupta,CSE,1,0.27,19.07,57
107129,Rohan Gupta,ME,3,1.71,23.99,19
107128,Ananya Patel,CSE,3,6.36,92.99,38
107127,Priya Gupta,EEE,7,6.79,91.62,97
107126,Kabir Gupta,CSE,3,5.48,10.88,18
107125,Vikram Singh,ME,2,7.62,79.7,11
107124,Ananya Sharma,CE,8,8.38,10.07,31
107123,Kabir Singh,CSE,1,3.99,69.02,73
107122,Diya Jha,ECE,3,2.02,28.95,5
107121,Sneha Kumar,EEE,1,6.46,32.31,50
107120,Aarav Verma,CE,6,0.16,41.24,50
107119,Vikram Reddy,CSE,5,0.1,25.19,47
107118,Priya Joshi,CSE,8,6.24,73.44,16
107117,Aditya Sharma,CSE,6,7.17,48.83,26
107116,Priya Rao,EEE,8,2.97,79.02,74
107115,Sneha Rao,EEE,2,5.26,15.38,33
107114,Priya Singh,ME,6,9.5,40.18,65
107113,Kabir Sharma,EEE,8,0.36,37.4,71
107112,Aditya Rao,ECE,8,3.64,63.46,25
107111,Vikram Verma,CSE,4,6.13,0.43,46
107110,Kabir Sharma,ME,6,8.03,89.66,5
107109,Rohan Singh,ME,5,6.55,15.38,21
107108,Kabir Joshi,ME,3,3.88,63.35,96
107107,Priya Reddy,EEE,6,0.44,73.02,84
107106,Ananya Patel,ECE,6,8.54,9.53,16
107105,Aditya Jha,CSE,3,3.31,9.46,92
107104,Sneha Reddy,ME,2,7.1,63.83,75
107103,Vikram Sharma,ECE,7,9.7,20.81,92
107102,Isha Reddy,ECE,5,2.74,20.76,87
107101,Aarav Gupta,EEE,2,0.44,38.03,99
107100,Priya Gupta,CE,1,1.54,9.96,32
107099,Priya Kumar,CSE,5,5.97,51.43,52
107098,Ananya Verma,CE,3,8.11,46.52,98
107097,Sneha Joshi,CSE,3,2.89,31.93,63
107096,Rohan Singh,ME,6,5.83,17.24,22
107095,Isha Singh,CSE,4,3.49,91.87,13
107094,Rohan Reddy,EEE,2,2.27,49.6,30
107093,Vikram Rao,ME,6,5.65,84.0,81
107092,Kabir Kumar,EEE,6,5.38,96.85,56
107091,Sneha Jha,ME,1,1.4,62.82,68
107090,Aarav Kumar,ECE,2,1.34,41.99,47
107089,Sneha Gupta,CSE,8,8.37,73.61,81
107088,Aditya Sharma,EEE,5,1.89,78.94,53
107087,Ananya Joshi,CE,8,3.83,96.76,40
107086,Kabir Jha,CE,4,7.15,41.79,50
107085,Priya Reddy,EEE,5,4.7,99.88,26
107084,Diya Sharma,EEE,6,6.04,43.85,33
107083,Isha Jha,ME,4,3.79,82.98,69
107082,Isha Verma,CSE,1,8.61,71.38,48
107081,Priya Singh,ECE,5,0.77,66.77,58
107080,Sneha Kumar,EEE,5,1.64,57.49,13
107079,Vikram Verma,ECE,8,8.56,36.4,78
107078,Vikram Rao,ME,2,8.53,52.26,75
107077,Sneha Sharma,ME,7,2.12,19.58,5
107076,Kabir Jha,CSE,5,8.18,68.94,39
107075,Sneha Gupta,EEE,5,6.35,97.58,36
107074,Vikram Patel,ME,4,2.39,44.47,65
107073,Ananya Singh,CSE,1,0.54,34.34,33
107072,Isha Joshi,ECE,7,3.1,97.32,60
107071,Aditya Kumar,CSE,7,7.62,26.74,64
107070,Sneha Kumar,ECE,6,5.09,55.74,49
107069,Vikram Joshi,ECE,8,3.78,95.75,46
107068,Sneha Rao,CE,6,4.57,21.48,99
107067,Aarav Patel,ECE,1,6.78,15.69,1
107066,Priya Patel,CE,5,6.28,67.48,64
107065,Aarav Rao,CSE,1,0.37,69.08,53
107064,Aarav Joshi,ECE,6,4.39,66.94,77
107063,Isha Gupta,ME,8,4.84,45.81,31
107062,Kabir Patel,CE,1,6.21,35.95,60
107061,Rohan Kumar,CSE,1,3.93,65.09,17
107060,Rohan Patel,EEE,5,7.85,67.84,0
107059,Aditya Verma,ECE,4,3.8,15.23,90
107058,Aditya Patel,CE,1,0.01,33.95,83
107057,Rohan Kumar,ME,6,8.73,42.17,3
107056,Kabir Singh,ME,8,3.22,14.69,78
107055,Aditya Sharma,ME,8,8.02,8.03,63
107054,Sneha Joshi,CSE,8,6.57,98.73,7
107053,Diya Gupta,CE,3,5.53,77.99,50
107052,Aditya Patel,EEE,8,2.7,25.75,5
107051,Aditya Rao,CSE,8,6.26,51.33,43
107050,Ananya Patel,ME,5,9.22,8.09,9
107049,Rohan Sharma,ECE,8,5.96,91.64,78
107048,Aarav Rao,ME,2,4.29,56.63,80
107047,Diya Reddy,CSE,5,7.2,60.15,97
107046,Sneha Joshi,CE,6,2.08,69.82,19
107045,Aditya Rao,CSE,7,0.82,59.99,44
107044,Isha Gupta,EEE,4,2.63,65.48,82
107043,Rohan Singh,ECE,6,3.63,52.45,44
107042,Aditya Jha,ME,6,3.51,8.84,78
107041,Kabir Rao,ECE,7,2.0,58.26,81
107040,Rohan Joshi,CE,4,3.32,76.89,30
107039,Isha Gupta,EEE,3,8.32,69.45,39
107038,Diya Joshi,CSE,8,0.03,77.86,16
107037,Ananya Kumar,ME,2,3.48,97.79,8
107036,Rohan Gupta,ECE,8,3.78,64.75,21
107035,Isha Verma,CSE,2,9.0,42.41,94
107034,Isha Gupta,ECE,1,9.08,99.86,1
107033,Priya Jha,EEE,3,5.46,39.73,67
107032,Aditya Joshi,CSE,1,6.99,0.01,42
107031,Aditya Sharma,ME,1,6.69,12.01,67
107030,Aditya Reddy,ME,7,1.78,41.41,1
107029,Sneha Joshi,CE,3,5.25,92.88,30
107028,Rohan Rao,ECE,8,4.21,32.2,53
107027,Kabir Verma,EEE,7,3.26,74.88,4
107026,Aditya Rao,ECE,3,5.66,4.47,51
107025,Diya Patel,CSE,1,6.57,2.88,96
107024,Priya Rao,CSE,2,6.81,28.18,62
107023,Isha Jha,CSE,6,3.85,50.19,43
107022,Kabir Joshi,CSE,2,1.35,47.48,17
107021,Ananya Gupta,EEE,4,9.41,31.34,32
107020,Aarav Verma,ME,8,8.64,56.82,84
107019,Ananya Patel,CSE,2,6.45,57.87,13
107018,Kabir Verma,CE,7,7.0,35.28,52
107017,Aditya Verma,CE,1,6.63,88.0,31
107016,Kabir Kumar,ECE,5,8.26,80.35,69
107015,Sneha Rao,ME,3,6.37,87.37,16
107014,Rohan Jha,CE,1,4.95,77.3,25
107013,Isha Joshi,ME,2,2.26,66.65,15
107012,Kabir Kumar,EEE,1,4.85,41.95,68
107011,Isha Sharma,ME,1,6.26,35.44,56
107010,Ananya Singh,ME,3,6.29,29.71,33
107009,Ananya Reddy,EEE,3,0.67,37.07,59
107008,Rohan Gupta,ME,7,8.45,40.11,42
107007,Diya Jha,ME,5,9.2,46.76,43
107006,Isha Reddy,CE,4,2.66,25.61,13
107005,Rohan Kumar,EEE,2,1.31,76.85,71
107004,Rohan Reddy,ECE,8,4.77,20.57,13
107003,Rohan Joshi,EEE,1,5.56,34.84,67
107002,Aditya Jha,CSE,3,5.84,33.56,53
107001,Rohan Rao,ECE,3,3.91,23.63,38
107000,Isha Patel,ECE,1,6.17,28.6,38
106999,Kabir Verma,CE,8,3.88,9.43,68
106998,Isha Rao,ECE,5,4.87,29.48,89
106997,Sneha Reddy,EEE,1,6.92,93.28,63
106996,Priya Patel,ECE,5,8.16,20.48,31
106995,Aarav Rao,EEE,1,3.51,8.38,66
106994,Sneha Reddy,CE,1,6.62,79.16,24
106993,Diya Sharma,CE,3,5.48,76.39,11
106992,Priya Joshi,ME,2,3.94,92.41,87
106991,Ananya Kumar,EEE,6,6.87,62.89,29
106990,Isha Jha,ECE,6,7.18,41.86,89
106989,Diya Rao,CE,4,1.41,5.8,39
106988,Sneha Sharma,CE,2,3.51,99.56,12
106987,Priya Jha,CSE,2,2.65,72.45,78
106986,Vikram Reddy,CSE,4,7.25,97.42,83
106985,Diya Jha,CE,4,6.81,57.25,11
106984,Sneha Gupta,ME,8,4.44,37.98,74
106983,Diya Patel,CE,6,1.91,46.66,23
106982,Kabir Reddy,ME,2,2.91,88.64,44
106981,Aarav Jha,CSE,7,5.34,52.6,55
106980,Rohan Reddy,CE,4,8.28,45.16,9
106979,Isha Reddy,CE,4,9.13,12.87,42
106978,Ananya Reddy,EEE,2,0.01,53.08,12
106977,Vikram Kumar,CE,8,1.27,9.99,56
106976,Sneha Joshi,CSE,5,3.05,87.97,7
106975,Aditya Sharma,EEE,7,8.81,7.91,21
106974,Priya Sharma,EEE,1,7.83,74.87,33
106973,Rohan Verma,CE,3,9.82,95.67,87
106972,Isha Gupta,ECE,1,1.92,80.92,64
106971,Kabir Verma,CE,4,5.29,34.15,13
106970,Kabir Jha,ME,4,8.12,77.58,55
106969,Aarav Sharma,ECE,7,9.53,46.86,43
106968,Kabir Rao,EEE,3,0.26,46.3,4
106967,Aarav Patel,ME,4,1.94,87.7,3
106966,Kabir Joshi,CE,6,1.62,77.09,68
106965,Aarav Rao,EEE,4,7.42,94.16,67
106964,Vikram Jha,ME,5,7.68,93.17,10
106963,Isha Kumar,CE,1,8.86,80.56,28
106962,Vikram Patel,CE,7,7.4,53.94,47
106961,Aditya Sharma,CSE,2,4.56,73.48,98
106960,Isha Gupta,EEE,1,5.04,25.72,79
106959,Diya Gupta,CSE,5,1.22,11.79,7
106958,Aarav Reddy,CE,4,4.91,45.31,68
106957,Vikram Patel,ME,8,1.16,38.08,50
106956,Priya Verma,CE,8,1.4,13.07,38
106955,Kabir Singh,CSE,7,0.24,29.68,71
106954,Aarav Jha,ME,2,8.07,38.32,48
106953,Priya Gupta,CSE,6,1.58,56.87,5
106952,Priya Sharma,CSE,2,7.37,8.01,67
106951,Aarav Joshi,ECE,2,9.54,90.11,97
106950,Diya Singh,ME,3,4.43,42.03,17
106949,Vikram Reddy,CE,5,4.83,99.1,62
106948,Vikram Rao,ME,3,8.93,8.26,81
106947,Priya Reddy,CE,3,6.1,97.04,9
106946,Ananya Joshi,EEE,1,1.21,18.09,96
106945,Kabir Patel,CSE,8,2.36,10.12,61
106944,Kabir Jha,CE,4,6.14,4.14,38
106943,Isha Patel,ECE,1,6.33,82.59,68
106942,Rohan Sharma,ME,7,7.93,58.54,6
106941,Aarav Rao,EEE,1,6.65,3.46,43
106940,Rohan Jha,CSE,8,3.57,45.2,42
106939,Vikram Gupta,ME,7,6.4,0.35,26
106938,Aditya Patel,CE,1,8.33,75.37,43
106937,Diya Joshi,CE,6,6.31,58.85,98
106936,Priya Rao,CE,4,0.12,85.39,71
106935,Aarav Rao,ME,8,1.8,86.91,65
106934,Sneha Jha,EEE,8,5.31,18.68,67
106933,Ananya Sharma,EEE,6,0.79,53.95,65
106932,Aditya Singh,ECE,4,6.02,77.29,26
106931,Diya Jha,ME,7,7.97,73.32,56
106930,Sneha Kumar,ME,7,8.19,88.81,38
106929,Priya Gupta,EEE,3,8.8,14.22,42
106928,Aarav Kumar,ECE,1,8.49,23.99,34
106927,Ananya Rao,ME,1,9.56,56.02,31
106926,Aarav Sharma,EEE,3,7.8,73.13,26
106925,Diya Patel,ME,3,5.47,68.8,32
106924,Priya Verma,ME,5,3.79,22.79,97
106923,Diya Jha,ECE,8,1.56,23.84,0
106922,Aarav Reddy,CSE,2,6.24,78.23,44
106921,Sneha Patel,CE,6,0.78,5.95,78
106920,Sneha Sharma,ME,3,6.7,5.18,44
106919,Kabir Sharma,CE,5,6.18,50.3,94
106918,Priya Joshi,ME,8,7.95,84.68,31
106917,Rohan Joshi,CE,1,4.97,98.97,10
106916,Priya Kumar,ME,3,3.43,71.51,55
106915,Aditya Rao,ECE,2,8.93,67.96,42
106914,Rohan Reddy,ME,5,6.75,7.61,77
106913,Aarav Singh,EEE,5,7.37,41.14,86
106912,Vikram Kumar,ME,5,4.29,6.35,84
106911,Priya Gupta,CE,6,8.26,21.2,81
106910,Priya Verma,EEE,5,0.63,65.06,62
106909,Rohan Rao,ME,1,7.31,28.13,1
106908,Isha Reddy,CE,2,4.14,82.63,85
106907,Kabir Gupta,CSE,2,5.51,25.65,41
106906,Diya Singh,ECE,4,2.39,32.87,78
106905,Aditya Reddy,CSE,3,4.8,81.42,93
106904,Isha Kumar,EEE,5,6.95,14.54,54
106903,Rohan Patel,CSE,5,8.92,12.28,40
106902,Ananya Rao,ECE,4,1.88,78.56,40
106901,Kabir Kumar,CE,7,6.19,59.87,4
106900,Diya Gupta,CSE,6,2.46,38.53,3
106899,Priya Patel,EEE,3,5.33,91.71,86
106898,Aarav Joshi,CSE,2,7.01,86.4,78
106897,Sneha Patel,CSE,3,1.09,46.51,21
106896,Vikram Patel,ME,4,8.17,96.58,83
106895,Vikram Kumar,ME,8,4.53,77.77,28
106894,Vikram Gupta,ME,7,3.03,61.0,51
106893,Aditya Reddy,ECE,2,2.42,93.85,18
106892,Aditya Reddy,CSE,7,9.02,79.55,97
106891,Isha Verma,EEE,7,1.81,40.64,56
106890,Isha Patel,CE,4,0.92,98.24,99
106889,Diya Gupta,ME,7,9.68,45.19,78
106888,Sneha Sharma,CSE,4,5.76,67.23,27
106887,Sneha Joshi,CE,8,4.59,89.06,60
106886,Priya Kumar,CE,2,6.76,1.86,83
106885,Priya Jha,EEE,3,9.82,94.06,3
106884,Ananya Rao,ECE,2,9.32,38.18,0
106883,Isha Gupta,EEE,8,2.77,5.48,40
106882,Rohan Jha,EEE,7,0.64,60.16,32
106881,Rohan Jha,CSE,8,1.38,30.02,43
106880,Kabir Rao,CSE,5,7.9,26.04,35
106879,Ananya Joshi,ECE,6,5.84,74.59,79
106878,Isha Joshi,CE,4,5.65,7.87,38
106877,Aditya Rao,EEE,7,6.03,0.82,98
106876,Priya Reddy,CE,8,2.7,54.59,54
106875,Aditya Gupta,CE,8,4.04,27.88,15
106874,Aarav Gupta,EEE,5,9.02,20.34,94
106873,Diya Verma,ECE,1,8.37,30.57,33
106872,Isha Verma,EEE,7,4.72,32.84,57
106871,Priya Gupta,ECE,5,8.7,38.3,27
106870,Isha Jha,CE,8,6.06,80.45,84
106869,Ananya Kumar,CSE,1,2.85,23.61,62
106868,Priya Reddy,ME,8,8.64,97.52,56
106867,Vikram Reddy,EEE,8,1.31,24.95,48
106866,Isha Rao,EEE,1,9.2,47.55,43
106865,Rohan Verma,ECE,5,9.94,71.3,42
106864,Diya Singh,CSE,5,2.94,94.38,8
106863,Ananya Rao,ECE,8,6.12,86.59,20
106862,Aditya Jha,ME,6,1.05,80.2,49
106861,Kabir Verma,ME,1,1.93,98.11,39
106860,Aditya Verma,EEE,8,7.58,51.75,4
106859,Kabir Rao,EEE,7,5.88,37.72,6
106858,Aarav Kumar,ECE,4,8.71,54.66,80
106857,Vikram Sharma,CE,4,2.68,99.95,53
106856,Diya Jha,ME,8,3.32,79.21,33
106855,Ananya Joshi,CSE,5,2.13,75.91,49
106854,Rohan Patel,ME,6,3.77,46.3,75
106853,Ananya Kumar,ECE,2,4.41,40.59,88
106852,Aarav Reddy,CE,2,4.08,97.38,86
106851,Sneha Jha,ECE,5,1.16,57.22,0
106850,Aarav Jha,CSE,6,3.94,87.14,43
106849,Isha Patel,EEE,7,2.12,14.85,9
106848,Sneha Sharma,CSE,7,3.73,36.44,40
106847,Kabir Sharma,ECE,8,7.94,58.81,23
106846,Aditya Singh,EEE,4,6.78,23.49,79
106845,Aditya Reddy,CSE,8,9.18,0.31,63
106844,Diya Joshi,CSE,7,3.19,85.86,1
106843,Aarav Patel,ECE,8,2.55,62.51,55
106842,Priya Gupta,EEE,5,0.03,83.4,65
106841,Ananya Reddy,CSE,1,9.63,43.82,52
106840,Isha Joshi,ECE,6,7.89,58.77,69
106839,Aarav Gupta,ME,7,4.97,6.22,15
106838,Priya Rao,CE,1,2.82,26.87,41
106837,Priya Jha,ME,5,5.41,56.56,21
106836,Aditya Singh,CE,2,5.36,68.11,65
106835,Aditya Kumar,EEE,3,6.88,27.66,43
106834,Kabir Kumar,ECE,6,4.82,48.17,63
106833,Priya Jha,ME,7,7.81,90.62,64
106832,Aditya Patel,ECE,7,4.05,70.84,86
106831,Aarav Reddy,ME,8,2.92,69.8,75
106830,Diya Kumar,CSE,4,4.08,56.9,74
106829,Isha Jha,CE,1,7.03,97.42,24
106828,Aditya Reddy,CSE,8,9.27,80.3,16
106827,Aditya Kumar,CE,3,2.14,44.87,82
106826,Aarav Joshi,ECE,7,1.28,54.85,39
106825,Aditya Sharma,ME,5,4.38,99.19,20
106824,Isha Sharma,CSE,5,7.04,7.75,19
106823,Vikram Jha,EEE,1,0.65,57.6,49
106822,Ananya Kumar,CE,3,2.31,5.2,88
106821,Aarav Jha,ECE,5,8.14,41.43,86
106820,Sneha Singh,CE,3,2.43,96.65,22
106819,Isha Joshi,CSE,5,4.26,34.84,75
106818,Diya Singh,CSE,3,9.66,79.28,100
106817,Priya Jha,EEE,4,6.02,54.0,81
106816,Diya Verma,CE,8,5.37,17.36,65
106815,Kabir Joshi,EEE,2,0.04,69.48,31
106814,Kabir Rao,CSE,8,1.6,91.34,87
106813,Kabir Verma,CE,8,4.04,15.45,63
106812,Vikram Jha,CSE,7,0.51,23.85,64
106811,Diya Gupta,ME,4,0.34,17.49,25
106810,Rohan Gupta,CE,2,5.58,36.38,26
106809,Vikram Joshi,CSE,4,8.78,92.58,60
106808,Vikram Patel,EEE,3,7.25,19.76,88
106807,Priya Patel,EEE,2,6.55,40.18,62
106806,Sneha Sharma,ECE,1,7.76,64.22,100
106805,Isha Gupta,ECE,4,5.2,99.56,39
106804,Ananya Patel,EEE,4,6.9,51.63,24
106803,Vikram Sharma,EEE,8,2.18,80.84,25
106802,Kabir Reddy,ECE,3,4.32,46.73,33
106801,Kabir Verma,EEE,1,7.51,67.1,36
106800,Vikram Kumar,CE,1,5.19,96.8,86
106799,Kabir Joshi,ME,8,5.07,99.54,13
106798,Isha Sharma,CSE,5,2.24,19.43,15
106797,Ananya Reddy,EEE,6,5.92,40.45,29
106796,Sneha Reddy,ME,8,9.03,98.98,8
106795,Aditya Jha,ECE,6,3.12,28.06,41
106794,Kabir Jha,CE,3,0.25,20.5,59
106793,Ananya Reddy,EEE,3,4.14,6.54,94
106792,Kabir Singh,ME,2,1.88,85.95,61
106791,Priya Jha,ECE,1,0.67,97.0,67
106790,Rohan Patel,ECE,4,4.28,24.03,32
106789,Vikram Sharma,ME,2,5.83,47.08,0
106788,Priya Gupta,EEE,8,3.85,69.52,10
106787,Priya Patel,ECE,1,8.93,39.72,83
106786,Vikram Reddy,ME,2,9.24,26.56,87
106785,Isha Sharma,ECE,2,5.71,98.83,41
106784,Vikram Singh,ECE,8,2.18,96.33,29
106783,Vikram Rao,ME,8,6.25,56.32,23
106782,Kabir Singh,CSE,6,7.45,37.27,63
106781,Kabir Singh,EEE,8,7.98,47.08,70
106780,Kabir Kumar,ME,1,8.5,59.11,14
106779,Diya Jha,CSE,6,9.78,29.32,97
106778,Ananya Rao,CSE,1,3.28,84.46,12
106777,Ananya Reddy,CE,8,7.92,59.25,89
106776,Aditya Singh,CSE,4,5.62,52.73,2
106775,Aarav Kumar,ECE,1,9.71,48.9,1
106774,Aditya Sharma,ME,3,5.3,20.52,77
106773,Aditya Reddy,ME,2,5.37,96.45,72
106772,Sneha Gupta,CSE,4,1.86,92.55,92
106771,Sneha Verma,ME,4,5.29,85.83,41
106770,Diya Gupta,EEE,7,1.2,14.43,44
106769,Priya Rao,EEE,3,3.56,88.28,74
106768,Aditya Patel,ME,1,7.45,7.78,39
106767,Kabir Jha,EEE,6,3.82,33.09,6
106766,Kabir Reddy,ME,7,8.37,100.0,48
106765,Sneha Reddy,CSE,3,8.12,78.14,48
106764,Diya Verma,CSE,3,8.01,42.33,84
106763,Priya Rao,ECE,4,7.55,61.1,51
106762,Aarav Kumar,EEE,5,5.54,55.37,57
106761,Kabir Sharma,CSE,7,2.47,97.78,78
106760,Aditya Sharma,EEE,6,2.99,6.93,47
106759,Ananya Singh,ME,2,4.5,18.65,23
106758,Aarav Gupta,ECE,6,1.7,32.3,25
106757,Vikram Sharma,CE,5,1.12,5.92,54
106756,Ananya Patel,CE,5,4.42,15.09,25
106755,Diya Sharma,EEE,3,2.61,5.67,66
106754,Isha Gupta,EEE,5,2.03,62.92,4
106753,Kabir Jha,ECE,6,4.25,91.74,17
106752,Aarav Gupta,EEE,1,9.8,71.89,44
106751,Kabir Kumar,EEE,6,3.55,95.72,6
106750,Isha Verma,EEE,8,9.38,33.71,8
106749,Kabir Jha,CE,5,0.88,29.15,18
106748,Isha Verma,CSE,4,3.83,67.36,29
106747,Aditya Jha,ECE,1,1.42,0.35,71
106746,Aditya Patel,ECE,7,3.46,53.79,95
106745,Kabir Reddy,CSE,7,6.48,66.19,86
106744,Diya Gupta,CE,8,4.73,35.43,2
106743,Ananya Jha,ME,1,4.56,34.35,95
106742,Diya Joshi,EEE,1,4.06,1.58,76
106741,Rohan Singh,ECE,1,0.95,97.75,13
106740,Aarav Verma,EEE,2,7.63,91.49,2
106739,Sneha Joshi,ME,7,8.6,28.76,20
106738,Aarav Sharma,ECE,5,7.69,90.4,47
106737,Ananya Patel,CE,4,6.48,26.8,46
106736,Kabir Verma,CE,3,6.82,48.81,5
106735,Ananya Rao,ME,1,7.03,2.77,70
106734,Vikram Singh,EEE,6,4.81,20.06,77
106733,Diya Reddy,CE,6,2.39,56.35,28
106732,Kabir Sharma,CE,5,0.93,84.25,43
106731,Vikram Jha,ECE,1,8.65,93.42,19
106730,Ananya Kumar,CSE,4,2.21,12.56,75
106729,Kabir Reddy,CSE,8,2.44,87.85,46
106728,Rohan Reddy,ECE,6,9.74,3.57,73
106727,Sneha Singh,ECE,4,3.62,11.2,51
106726,Kabir Kumar,CSE,1,4.34,84.25,26
106725,Aarav Jha,CE,3,8.94,15.67,80
106724,Kabir Reddy,EEE,7,0.82,70.45,51
106723,Rohan Sharma,EEE,2,8.33,31.17,9
106722,Rohan Gupta,ECE,1,0.75,66.25,4
106721,Ananya Jha,EEE,3,7.58,6.44,50
106720,Ananya Sharma,EEE,6,2.25,93.42,2
106719,Sneha Gupta,CE,3,8.77,8.94,72
106718,Rohan Sharma,CE,4,0.24,26.17,48
106717,Aditya Joshi,EEE,2,8.73,53.31,78
106716,Aarav Patel,ECE,4,8.69,49.39,40
106715,Ananya Gupta,CSE,8,5.28,44.78,96
106714,Isha Patel,CE,1,2.17,13.11,27
106713,Priya Verma,CSE,3,9.65,35.68,88
106712,Aarav Verma,EEE,8,2.79,16.61,11
106711,Vikram Joshi,ME,3,1.17,12.15,97
106710,Priya Sharma,EEE,8,5.7,48.82,98
106709,Ananya Rao,CSE,1,8.01,23.29,38
106708,Isha Jha,CE,4,8.64,78.13,28
106707,Rohan Verma,ECE,3,4.32,79.03,90
106706,Aditya Joshi,ME,5,7.82,27.2,62
106705,Vikram Sharma,ECE,7,5.11,50.76,42
106704,Aarav Jha,CSE,5,5.96,17.44,26
106703,Diya Sharma,EEE,7,7.63,52.53,11
106702,Ananya Gupta,ECE,6,1.68,52.87,78
106701,Vikram Gupta,ME,1,6.87,38.33,38
106700,Priya Sharma,ME,7,5.98,65.13,83
106699,Aditya Kumar,CE,2,7.5,24.55,83
106698,Ananya Reddy,ECE,7,0.15,69.4,62
106697,Aarav Reddy,EEE,4,5.19,15.2,18
106696,Aarav Reddy,EEE,4,6.05,26.3,9
106695,Vikram Verma,ECE,1,4.48,55.9,48
106694,Kabir Reddy,ME,5,8.0,13.15,72
106693,Rohan Gupta,ECE,1,5.42,87.68,26
106692,Vikram Patel,ME,6,1.14,62.63,49
106691,Sneha Jha,ME,4,7.59,48.67,97
106690,Ananya Gupta,ECE,4,9.84,86.89,49
106689,Sneha Singh,EEE,3,5.4,58.33,94
106688,Diya Rao,EEE,8,0.08,3.1,88
106687,Aditya Joshi,CE,4,7.36,8.97,56
106686,Kabir Verma,ME,8,4.77,33.75,48
106685,Sneha Singh,ECE,8,7.47,98.82,27
106684,Priya Verma,CE,8,3.73,2.01,10
106683,Aarav Kumar,ME,3,8.26,13.59,18
106682,Vikram Gupta,ME,8,7.24,38.05,67
106681,Isha Gupta,EEE,4,8.67,74.92,2
106680,Aditya Gupta,EEE,7,1.87,73.47,66
106679,Aditya Sharma,ME,3,6.13,29.26,60
106678,Aarav Sharma,CE,5,8.57,32.57,41
106677,Vikram Gupta,EEE,1,4.91,88.65,47
106676,Priya Rao,ME,8,7.92,88.58,41
106675,Rohan Singh,ECE,5,2.35,69.87,12
106674,Isha Singh,CSE,8,3.2,16.68,40
106673,Rohan Singh,CE,6,0.14,75.81,78
106672,Ananya Singh,EEE,6,9.83,80.6,31
106671,Isha Reddy,EEE,5,7.79,67.22,47
106670,Priya Joshi,CSE,2,1.21,64.8,43
106669,Sneha Patel,ECE,5,2.56,78.78,11
106668,Vikram Joshi,ECE,4,6.17,74.35,94
106667,Isha Jha,CSE,6,5.77,85.03,21
106666,Priya Singh,ME,3,9.83,44.31,96
106665,Diya Sharma,CSE,1,1.36,86.12,51
106664,Kabir Rao,ME,4,1.81,36.29,76
106663,Diya Patel,CE,7,2.64,95.97,78
106662,Ananya Jha,ME,7,1.78,15.23,39
106661,Aarav Singh,CSE,6,0.65,78.64,52
106660,Diya Kumar,CE,3,2.85,0.68,29
106659,Aditya Gupta,ME,1,2.55,64.75,62
106658,Aarav Joshi,CSE,6,7.4,74.4,44
106657,Rohan Rao,ME,3,9.7,40.92,60
106656,Ananya Reddy,CE,7,0.96,47.69,59
106655,Aarav Reddy,EEE,2,8.93,83.26,39
106654,Aditya Rao,CSE,1,6.24,84.39,54
106653,Aditya Rao,CSE,2,6.22,68.57,55
106652,Ananya Kumar,CSE,4,6.16,90.78,63
106651,Kabir Patel,EEE,5,0.6,34.71,69
106650,Aarav Sharma,ME,8,5.94,30.39,93
106649,Ananya Kumar,CSE,2,7.09,38.12,74
106648,Isha Joshi,CSE,4,1.18,65.37,78
106647,Rohan Singh,CSE,6,9.06,40.83,30
106646,Priya Jha,CSE,7,7.92,5.59,35
106645,Rohan Patel,CE,5,9.38,64.26,15
106644,Vikram Jha,EEE,2,2.77,53.57,68
106643,Priya Reddy,CE,3,7.27,8.78,41
106642,Kabir Jha,ME,6,0.16,81.24,24
106641,Rohan Singh,CSE,1,5.7,44.03,41
106640,Vikram Joshi,CE,3,4.47,25.36,64
106639,Aditya Gupta,ME,4,4.55,62.17,67
106638,Aditya Joshi,ME,8,4.52,56.32,65
106637,Rohan Rao,EEE,4,0.18,66.95,62
106636,Aarav Joshi,CE,5,6.16,82.74,19
106635,Kabir Reddy,CE,1,5.68,62.19,86
106634,Diya Jha,CE,7,6.75,10.39,73
106633,Aarav Kumar,EEE,1,2.69,11.96,84
106632,Vikram Reddy,CSE,7,6.04,22.03,58
106631,Vikram Verma,ME,1,4.79,85.86,6
106630,Aditya Verma,CE,3,5.79,6.24,73
106629,Aarav Kumar,ECE,5,1.65,59.64,62
106628,Ananya Reddy,ME,4,8.5,89.74,28
106627,Vikram Gupta,CSE,5,7.03,63.65,53
106626,Diya Sharma,ECE,4,2.44,61.2,38
106625,Isha Patel,CSE,1,3.38,43.32,41
106624,Vikram Kumar,CE,4,7.25,58.79,61
106623,Vikram Patel,CE,6,4.19,64.24,98
106622,Aarav Verma,CSE,3,3.92,37.2,58
106621,Vikram Sharma,CSE,6,0.55,27.03,34
106620,Vikram Verma,EEE,7,8.06,72.82,87
106619,Sneha Rao,CSE,5,2.78,74.18,53
106618,Priya Verma,EEE,7,4.53,99.72,61
106617,Ananya Joshi,ECE,6,0.89,90.79,3
106616,Vikram Joshi,ME,1,6.47,5.88,86
106615,Rohan Jha,CE,2,8.44,45.05,29
106614,Vikram Gupta,ME,4,5.53,0.63,73
106613,Diya Reddy,ME,6,9.69,57.47,97
106612,Kabir Patel,EEE,5,8.09,79.93,75
106611,Sneha Jha,EEE,4,7.33,31.05,83
106610,Rohan Patel,ECE,8,1.34,65.63,56
106609,Diya Jha,ME,4,0.89,74.69,44
106608,Rohan Jha,ME,7,7.75,17.9,65
106607,Diya Singh,ECE,8,6.34,90.69,87
106606,Ananya Rao,CSE,6,9.0,88.71,49
106605,Rohan Kumar,ECE,1,8.75,78.56,24
106604,Diya Kumar,EEE,8,0.56,0.5,15
106603,Aarav Sharma,ECE,8,5.28,30.77,78
106602,Ananya Jha,CE,6,6.3,14.25,2
106601,Kabir Jha,ME,7,8.8,61.63,54
106600,Ananya Jha,EEE,4,0.71,66.51,82
106599,Isha Verma,ME,6,7.35,19.31,26
106598,Rohan Jha,ME,8,8.52,54.34,94
106597,Ananya Reddy,ME,2,3.16,72.35,40
106596,Rohan Joshi,ECE,7,8.09,74.24,2
106595,Diya Joshi,ECE,6,4.52,71.82,72
106594,Ananya Joshi,ME,6,2.77,10.76,86
106593,Sneha Gupta,ECE,7,8.36,19.52,72
106592,Aditya Rao,ECE,8,6.04,51.71,63
106591,Isha Rao,EEE,1,2.55,49.11,61
106590,Priya Gupta,CE,6,4.53,0.33,98
106589,Priya Gupta,CE,7,1.79,25.54,84
106588,Aarav Rao,ME,1,6.38,93.26,49
106587,Isha Jha,CSE,8,0.58,85.57,56
106586,Sneha Patel,ME,8,9.75,50.52,27
106585,Rohan Reddy,ME,3,0.95,66.0,10
106584,Ananya Gupta,EEE,3,0.73,10.08,9
106583,Kabir Kumar,EEE,1,7.42,20.93,88
106582,Priya Rao,ME,5,2.39,93.3,69
106581,Isha Sharma,EEE,1,4.14,65.23,9
106580,Rohan Singh,ME,4,9.19,27.52,91
106579,Kabir Singh,ME,6,8.92,35.03,14
106578,Sneha Jha,EEE,2,3.62,84.86,67
106577,Isha Sharma,ECE,5,5.16,7.14,43
106576,Ananya Gupta,EEE,3,4.24,50.59,77
106575,Diya Joshi,ECE,4,0.66,63.61,16
106574,Ananya Sharma,CSE,8,5.59,29.16,22
106573,Aditya Singh,ME,2,5.63,1.02,57
106572,Rohan Patel,CE,5,9.14,48.08,100
106571,Isha Patel,CSE,5,9.97,89.8,58
106570,Priya Gupta,EEE,5,3.45,45.65,54
106569,Diya Jha,CE,5,2.95,77.45,29
106568,Vikram Patel,ECE,1,9.1,24.61,17
106567,Sneha Kumar,ECE,3,7.63,4.97,12
106566,Isha Kumar,EEE,3,0.59,72.36,86
106565,Sneha Singh,EEE,8,3.43,59.95,71
106564,Ananya Verma,CE,1,1.57,37.4,73
106563,Sneha Singh,ME,8,8.89,67.19,33
106562,Vikram Kumar,ECE,7,6.74,91.45,7
106561,Vikram Patel,ECE,5,8.32,64.64,97
106560,Rohan Kumar,CSE,1,4.07,17.61,58
106559,Ananya Verma,CE,2,2.13,91.29,0
106558,Ananya Sharma,CE,1,6.27,67.88,51
106557,Ananya Reddy,CE,6,8.21,90.1,72
106556,Aditya Jha,ECE,1,4.99,95.83,20
106555,Aarav Kumar,ECE,3,3.4,67.48,73
106554,Vikram Gupta,CE,5,8.62,65.08,20
106553,Priya Sharma,CSE,2,4.75,51.89,34
106552,Vikram Kumar,EEE,6,3.09,94.28,92
106551,Diya Sharma,EEE,2,0.06,59.73,55
106550,Vikram Patel,CE,1,5.85,43.39,36
106549,Aarav Reddy,CSE,1,7.3,14.86,54
106548,Kabir Rao,ECE,7,1.46,23.18,46
106547,Aarav Joshi,ME,4,4.91,92.61,90
106546,Aarav Singh,ME,7,3.73,26.87,70
106545,Vikram Joshi,CE,3,5.63,89.34,11
106544,Aditya Rao,EEE,7,1.38,35.82,32
106543,Aditya Reddy,EEE,4,9.89,61.61,25
106542,Kabir Verma,ECE,3,4.38,92.42,29
106541,Diya Patel,CSE,7,6.66,9.89,99
106540,Diya Sharma,CE,3,1.35,71.86,60
106539,Sneha Joshi,CE,7,4.54,61.01,73
106538,Sneha Gupta,ME,6,6.64,30.07,33
106537,Ananya Rao,EEE,8,5.11,31.66,54
106536,Ananya Kumar,CE,8,2.94,97.05,17
106535,Aarav Jha,EEE,5,7.15,40.1,1
106534,Sneha Rao,CE,7,4.35,3.2,39
106533,Ananya Jha,EEE,3,4.5,72.24,4
106532,Rohan Patel,CE,5,9.65,25.2,25
106531,Ananya Patel,ECE,2,8.41,66.87,49
106530,Sneha Jha,EEE,2,2.35,73.4,25
106529,Aditya Jha,CSE,5,9.93,8.03,100
106528,Rohan Kumar,ECE,8,1.07,41.83,67
106527,Aarav Joshi,CE,1,8.42,21.16,67
106526,Sneha Rao,EEE,8,6.35,30.37,81
106525,Aditya Sharma,CE,7,7.48,41.5,7
106524,Vikram Jha,ECE,7,0.6,10.0,8
106523,Aditya Singh,ECE,5,4.16,79.59,69
106522,Isha Joshi,EEE,1,9.44,79.83,34
106521,Aarav Rao,EEE,6,8.85,25.85,67
106520,Ananya Sharma,EEE,1,5.31,26.44,92
106519,Ananya Rao,EEE,8,9.93,44.29,27
106518,Vikram Joshi,CSE,8,5.97,15.68,36
106517,Rohan Kumar,ECE,5,3.77,50.36,2
106516,Aditya Joshi,CSE,3,4.86,4.69,93
106515,Aditya Verma,CE,7,0.11,37.84,51
106514,Vikram Singh,CE,8,5.27,98.52,22
106513,Isha Kumar,CSE,7,1.39,0.32,64
106512,Aarav Verma,EEE,3,2.95,50.0,80
106511,Aditya Gupta,ECE,4,8.83,4.32,58
106510,Aarav Kumar,ECE,8,1.94,5.79,71
106509,Sneha Jha,EEE,7,9.52,20.25,64
106508,Isha Sharma,CE,3,3.89,73.82,59
106507,Kabir Singh,EEE,7,9.29,42.87,38
106506,Rohan Kumar,CSE,3,4.96,25.85,3
106505,Priya Singh,EEE,4,1.04,57.0,0
106504,Aarav Gupta,ECE,1,2.81,81.04,26
106503,Aditya Jha,EEE,8,8.77,78.11,30
106502,Sneha Verma,ME,7,7.01,78.98,13
106501,Sneha Reddy,EEE,2,3.68,75.41,74
106500,Priya Verma,ME,6,6.93,59.62,35
106499,Diya Patel,ECE,7,2.97,96.79,44
106498,Ananya Gupta,ME,2,5.67,89.36,49
106497,Kabir Verma,ECE,8,2.05,84.53,78
106496,Sneha Reddy,ECE,7,8.11,43.89,19
106495,Rohan Kumar,ECE,4,6.03,37.55,6
106494,Kabir Jha,ECE,8,8.37,20.31,72
106493,Vikram Rao,ECE,7,5.62,89.33,74
106492,Vikram Rao,EEE,4,2.16,77.17,60
106491,Isha Patel,CSE,5,7.35,37.37,42
106490,Ananya Patel,CSE,3,0.22,71.32,0
106489,Diya Verma,EEE,5,0.88,2.45,95
106488,Aditya Joshi,CE,6,0.13,36.14,26
106487,Priya Kumar,ECE,5,4.68,9.19,56
106486,Aditya Kumar,CSE,6,8.42,89.84,14
106485,Rohan Kumar,ME,4,1.84,37.05,17
106484,Aarav Reddy,ECE,3,5.01,78.41,56
106483,Priya Joshi,EEE,1,5.42,17.99,39
106482,Aarav Verma,EEE,6,9.16,32.84,61
106481,Sneha Verma,ECE,1,6.86,76.79,41
106480,Isha Joshi,EEE,1,1.6,45.54,33
106479,Aarav Kumar,EEE,4,0.58,46.99,16
106478,Priya Jha,ME,1,2.85,46.75,78
106477,Sneha Reddy,CSE,8,8.88,38.38,72
106476,Diya Singh,CSE,1,2.77,6.2,89
106475,Aditya Patel,EEE,5,9.92,96.77,30
106474,Kabir Verma,CSE,1,6.4,43.7,41
106473,Priya Joshi,CE,2,8.17,53.58,25
106472,Aarav Reddy,EEE,5,0.18,43.92,59
106471,Diya Gupta,ECE,6,8.73,35.96,70
106470,Sneha Singh,CE,8,1.88,14.43,7
106469,Aditya Reddy,ECE,7,8.56,5.44,99
106468,Ananya Reddy,CE,3,9.83,40.59,44
106467,Sneha Rao,CSE,6,1.23,43.81,48
106466,Priya Jha,CSE,4,9.02,92.71,79
106465,Aarav Verma,CE,3,7.18,73.52,50
106464,Aarav Joshi,EEE,1,1.49,49.09,84
106463,Sneha Reddy,ECE,1,5.32,41.49,95
106462,Vikram Rao,EEE,1,0.91,67.12,21
106461,Diya Rao,ME,5,6.88,62.81,98
106460,Kabir Sharma,EEE,2,1.71,77.04,44
106459,Sneha Rao,CE,4,1.96,95.37,59
106458,Diya Gupta,CSE,6,1.58,95.21,95
106457,Priya Patel,EEE,2,2.59,1.07,81
106456,Isha Gupta,CSE,3,7.98,17.69,97
106455,Ananya Joshi,CE,8,4.82,4.57,54
106454,Kabir Gupta,EEE,5,9.74,36.26,55
106453,Ananya Joshi,CSE,1,8.99,91.26,70
106452,Isha Reddy,CSE,2,6.88,87.07,44
106451,Sneha Patel,CSE,8,7.83,32.24,3
106450,Priya Rao,CE,7,4.11,10.48,6
106449,Ananya Patel,ECE,7,3.6,47.24,85
106448,Vikram Joshi,CSE,8,6.53,4.41,68
106447,Aditya Verma,ME,3,8.74,92.69,56
106446,Aarav Patel,ECE,5,0.63,72.56,85
106445,Rohan Reddy,EEE,5,8.78,94.74,56
106444,Sneha Verma,ECE,8,6.69,65.79,98
106443,Aarav Joshi,EEE,1,7.0,84.8,8
106442,Kabir Patel,ECE,5,7.66,74.87,63
106441,Aditya Reddy,ME,1,2.63,73.41,11
106440,Sneha Kumar,CE,1,5.57,40.15,94
106439,Vikram Sharma,ME,1,9.47,56.75,85
106438,Isha Verma,CSE,5,5.62,82.73,12
106437,Isha Kumar,ME,2,7.39,15.94,99
106436,Diya Patel,EEE,7,7.57,78.04,97
106435,Rohan Gupta,ME,7,8.65,75.71,49
106434,Aditya Kumar,CE,3,3.17,34.99,34
106433,Kabir Jha,CE,7,4.17,84.73,32
106432,Vikram Sharma,ECE,8,4.06,78.05,89
106431,Priya Verma,CSE,6,6.11,91.13,80
106430,Aarav Sharma,ME,6,0.53,89.42,95
106429,Aditya Sharma,ME,8,0.83,83.01,91
106428,Aarav Gupta,ME,2,9.76,27.08,43
106427,Aditya Reddy,ME,5,8.46,59.36,51
106426,Rohan Gupta,ME,1,9.83,41.59,26
106425,Rohan Reddy,ECE,2,8.27,97.95,78
106424,Aarav Verma,CSE,2,6.61,94.41,72
106423,Isha Singh,CE,4,2.36,59.56,81
106422,Vikram Sharma,CE,4,0.07,94.37,90
106421,Ananya Jha,ME,4,0.92,95.11,46
106420,Ananya Singh,CE,1,6.94,72.39,91
106419,Ananya Kumar,EEE,5,3.69,44.29,28
106418,Diya Singh,ME,4,9.03,66.17,3
106417,Kabir Rao,CE,4,8.0,31.79,10
106416,Priya Jha,CSE,3,4.22,43.78,12
106415,Ananya Rao,CSE,3,5.95,80.45,31
106414,Aarav Patel,CSE,5,0.77,89.58,58
106413,Ananya Kumar,CE,4,0.74,51.38,18
106412,Rohan Rao,CE,7,3.13,83.49,36
106411,Vikram Rao,CSE,1,2.95,44.31,90
106410,Isha Gupta,EEE,8,4.8,49.79,68
106409,Diya Patel,EEE,2,8.01,85.5,55
106408,Isha Jha,EEE,4,7.34,87.97,67
106407,Kabir Joshi,ECE,8,1.44,95.42,91
106406,Sneha Singh,ECE,7,4.44,60.63,35
106405,Diya Singh,CSE,7,1.58,4.66,42
106404,Rohan Jha,CE,3,6.84,7.93,58
106403,Priya Patel,EEE,6,0.54,24.36,93
106402,Rohan Joshi,EEE,5,3.85,47.4,61
106401,Aditya Singh,CE,6,8.81,67.59,36
106400,Diya Patel,ECE,4,5.74,92.72,24
106399,Diya Sharma,ME,7,9.84,68.0,82
106398,Sneha Verma,CSE,3,0.27,18.86,29
106397,Rohan Joshi,CE,2,2.63,91.48,75
106396,Kabir Reddy,ME,1,2.47,99.09,69
106395,Sneha Rao,EEE,2,1.18,69.43,73
106394,Ananya Joshi,CSE,2,6.97,67.27,81
106393,Priya Gupta,CE,3,7.58,27.87,36
106392,Kabir Rao,CSE,3,2.09,77.08,38
106391,Isha Sharma,CSE,2,1.97,75.42,95
106390,Isha Joshi,CSE,8,6.25,14.19,6
106389,Sneha Sharma,CSE,7,6.06,34.87,78
106388,Diya Kumar,CSE,8,8.03,34.31,22
106387,Diya Verma,EEE,2,3.9,94.48,54
106386,Isha Joshi,ME,3,2.78,10.62,36
106385,Isha Rao,CE,2,4.32,22.39,63
106384,Aditya Gupta,EEE,5,1.97,36.04,7
106383,Aditya Sharma,ECE,8,4.35,87.51,33
106382,Vikram Reddy,CSE,4,4.1,42.37,78
106381,Aarav Joshi,EEE,5,8.41,86.34,94
106380,Rohan Jha,CE,6,6.72,88.07,63
106379,Aarav Jha,ECE,8,9.29,47.01,67
106378,Rohan Sharma,ME,1,10.0,89.85,27
106377,Isha Reddy,CE,4,2.42,33.83,34
106376,Aditya Patel,ME,6,7.33,70.95,83
106375,Vikram Singh,CE,5,9.5,26.71,95
106374,Diya Rao,EEE,6,4.58,32.38,47
106373,Ananya Kumar,ME,5,2.56,28.22,81
106372,Isha Sharma,ECE,6,9.96,74.99,89
106371,Isha Jha,CE,2,2.72,35.54,57
106370,Diya Reddy,CE,1,6.62,85.57,100
106369,Ananya Sharma,ME,7,7.34,21.26,93
106368,Aarav Joshi,ME,7,7.52,44.75,73
106367,Diya Rao,ECE,2,4.48,86.47,63
106366,Diya Singh,ME,3,3.81,25.31,43
106365,Vikram Reddy,CE,1,6.92,8.16,15
106364,Rohan Joshi,EEE,8,3.07,43.52,58
106363,Sneha Verma,EEE,2,8.55,45.46,54
106362,Isha Singh,CE,1,3.22,27.42,18
106361,Priya Jha,CE,8,4.18,25.46,73
106360,Rohan Patel,EEE,8,5.6,64.4,61
106359,Kabir Reddy,ME,5,8.97,23.46,74
106358,Kabir Joshi,EEE,5,0.2,0.5,84
106357,Rohan Rao,CE,6,9.79,9.23,34
106356,Isha Gupta,ME,5,7.67,93.35,76
106355,Aditya Singh,ECE,2,8.67,85.62,30
106354,Aditya Rao,ECE,5,6.83,8.4,85
106353,Kabir Patel,ME,7,5.94,28.29,97
106352,Aarav Gupta,ME,5,9.63,9.96,65
106351,Aarav Singh,ECE,4,1.22,45.86,60
106350,Isha Jha,CE,4,8.19,83.32,12
106349,Isha Verma,CE,5,0.71,43.28,35
106348,Sneha Rao,CSE,5,2.4,33.82,2
106347,Sneha Gupta,ME,1,5.57,11.75,72
106346,Sneha Verma,CSE,2,1.71,89.25,49
106345,Vikram Sharma,CSE,4,5.3,69.67,77
106344,Diya Rao,ECE,5,3.96,13.46,56
106343,Aditya Jha,ME,3,3.61,1.89,70
106342,Kabir Kumar,ME,8,3.85,79.19,37
106341,Aarav Sharma,CSE,5,0.37,29.29,52
106340,Ananya Patel,ME,7,3.59,51.91,0
106339,Kabir Sharma,ME,1,3.88,47.88,73
106338,Aarav Sharma,CSE,4,8.84,86.41,10
106337,Ananya Reddy,CE,6,6.01,59.68,31
106336,Sneha Reddy,CE,5,0.1,78.71,6
106335,Sneha Patel,CSE,6,9.04,97.37,47
106334,Isha Joshi,CSE,8,2.64,99.61,4
106333,Diya Rao,CE,5,2.78,43.54,90
106332,Aarav Singh,ME,6,0.11,97.85,12
106331,Aarav Rao,ME,8,5.49,66.14,77
106330,Diya Verma,ECE,1,8.14,98.66,95
106329,Diya Rao,CSE,6,7.17,21.88,56
106328,Rohan Kumar,ME,1,7.68,94.5,17
106327,Kabir Gupta,ME,7,5.59,93.17,31
106326,Aarav Jha,ECE,2,3.91,82.81,57
106325,Rohan Sharma,CSE,5,9.85,37.11,16
106324,Isha Rao,ECE,1,4.14,81.08,74
106323,Priya Jha,CE,2,9.73,0.84,27
106322,Priya Jha,ECE,2,8.41,25.56,7
106321,Vikram Verma,CSE,6,3.37,22.02,76
106320,Aarav Reddy,ECE,4,0.91,57.31,8
106319,Priya Sharma,CE,1,3.81,41.61,63
106318,Vikram Patel,CSE,6,8.84,80.69,30
106317,Sneha Joshi,CE,6,2.19,7.02,47
106316,Aditya Patel,CE,8,5.92,55.33,21
106315,Aditya Gupta,EEE,4,5.17,32.2,17
106314,Rohan Singh,ME,2,6.67,77.91,3
106313,Aarav Kumar,ECE,6,3.22,94.33,66
106312,Sneha Patel,CSE,8,8.56,88.23,1
106311,Aarav Patel,EEE,5,3.96,30.62,46
106310,Isha Singh,EEE,2,0.96,79.3,57
106309,Priya Joshi,CSE,4,4.44,27.83,83
106308,Ananya Jha,EEE,5,2.7,59.86,71
106307,Diya Rao,ECE,8,0.68,10.67,29
106306,Vikram Joshi,ECE,3,3.76,5.41,0
106305,Priya Jha,EEE,3,1.24,94.99,14
106304,Priya Jha,CSE,6,5.62,43.96,66
106303,Isha Sharma,EEE,5,2.07,83.1,13
106302,Rohan Sharma,EEE,8,7.85,52.37,41
106301,Ananya Gupta,ECE,3,8.23,12.61,29
106300,Kabir Reddy,EEE,5,9.55,83.23,36
106299,Isha Kumar,ECE,6,9.46,67.64,22
106298,Ananya Verma,CSE,4,6.56,5.07,3
106297,Ananya Reddy,CSE,3,5.83,8.51,41
106296,Isha Singh,CE,6,4.54,22.25,92
106295,Isha Jha,EEE,4,3.95,67.14,23
106294,Aarav Rao,ME,6,6.89,73.92,70
106293,Sneha Rao,ECE,6,2.26,86.99,82
106292,Isha Verma,EEE,5,1.43,5.04,84
106291,Isha Rao,ECE,8,2.61,36.96,65
106290,Rohan Verma,ME,3,0.12,25.26,4
106289,Rohan Singh,ME,8,2.33,49.01,32
106288,Ananya Singh,ME,3,4.97,70.84,24
106287,Vikram Verma,CE,3,6.89,69.93,33
106286,Rohan Kumar,CSE,4,5.19,34.4,96
106285,Rohan Singh,ECE,2,1.85,39.02,63
106284,Ananya Jha,EEE,6,6.03,87.82,19
106283,Aarav Reddy,EEE,4,0.89,12.27,85
106282,Vikram Gupta,CE,1,5.11,53.27,94
106281,Ananya Verma,EEE,6,8.62,3.52,88
106280,Priya Rao,EEE,3,2.88,42.6,81
106279,Aditya Patel,CE,3,3.91,50.53,50
106278,Aarav Rao,ME,8,9.22,15.32,8
106277,Sneha Gupta,EEE,1,3.28,78.78,45
106276,Diya Reddy,EEE,8,2.69,1.78,79
106275,Priya Jha,CSE,2,9.12,11.56,41
106274,Ananya Jha,ME,1,2.54,0.41,72
106273,Ananya Reddy,EEE,6,1.56,95.12,30
106272,Sneha Rao,CE,4,4.32,60.3,4
106271,Kabir Jha,ME,8,2.4,26.75,28
106270,Priya Sharma,ME,2,6.95,32.27,35
106269,Sneha Jha,CE,1,1.11,80.07,67
106268,Isha Joshi,EEE,1,6.39,53.55,73
106267,Priya Patel,CE,4,6.33,75.69,1
106266,Ananya Verma,ECE,8,9.8,92.84,13
106265,Diya Kumar,CSE,7,0.34,32.36,36
106264,Kabir Kumar,ECE,4,0.99,43.32,34
106263,Vikram Kumar,ECE,2,8.46,49.52,54
106262,Sneha Verma,ME,3,2.38,91.93,54
106261,Kabir Reddy,CSE,4,5.19,94.93,76
106260,Vikram Patel,ECE,2,7.97,42.27,65
106259,Rohan Patel,EEE,3,1.27,95.23,7
106258,Ananya Patel,CE,6,8.78,65.89,55
106257,Priya Patel,ECE,5,9.6,70.74,8
106256,Isha Joshi,ECE,5,0.75,42.11,35
106255,Ananya Kumar,ME,3,7.81,72.28,90
106254,Diya Reddy,ME,7,2.6,3.07,72
106253,Ananya Jha,ECE,1,9.38,96.48,60
106252,Rohan Jha,ECE,4,8.57,66.47,66
106251,Aarav Reddy,CSE,4,6.5,3.68,13
106250,Aarav Verma,CSE,8,4.03,90.64,59
106249,Aarav Joshi,ME,8,7.4,0.49,32
106248,Ananya Rao,CSE,7,4.02,32.12,40
106247,Priya Jha,CSE,8,8.96,88.48,33
106246,Kabir Kumar,ME,7,4.4,7.44,86
106245,Kabir Gupta,ME,2,1.57,70.17,64
106244,Ananya Jha,CSE,6,8.66,11.33,8
106243,Diya Joshi,EEE,2,4.01,72.87,31
106242,Rohan Reddy,CSE,6,5.27,94.39,66
106241,Isha Rao,EEE,8,6.94,67.77,44
106240,Aarav Kumar,CE,2,4.98,19.16,16
106239,Sneha Jha,CE,8,2.88,66.43,74
106238,Vikram Kumar,CE,1,1.69,58.11,24
106237,Rohan Gupta,EEE,7,4.79,9.78,50
106236,Vikram Singh,ME,3,2.64,23.98,3
106235,Sneha Gupta,CE,4,3.65,36.91,60
106234,Aarav Sharma,ME,7,7.71,79.79,29
106233,Aarav Kumar,CSE,6,0.29,7.36,90
106232,Isha Verma,EEE,5,3.16,92.12,32
106231,Aditya Gupta,ECE,2,0.08,47.54,88
106230,Vikram Reddy,ECE,4,1.17,9.45,6
106229,Aarav Rao,ECE,2,9.9,74.32,16
106228,Rohan Sharma,CE,3,9.86,80.95,49
106227,Vikram Sharma,CSE,4,9.89,91.86,41
106226,Vikram Rao,CE,5,0.18,4.88,39
106225,Kabir Singh,ECE,4,1.1,75.74,86
106224,Ananya Verma,ECE,6,9.91,70.66,0
106223,Isha Jha,CSE,1,7.32,11.56,18
106222,Aarav Patel,ME,4,5.4,36.09,1
106221,Priya Jha,ME,6,9.78,64.96,82
106220,Rohan Patel,CE,4,4.0,98.7,66
106219,Isha Joshi,CSE,1,4.76,62.92,73
106218,Ananya Joshi,EEE,7,7.87,36.1,34
106217,Priya Joshi,ME,8,7.71,36.78,30
106216,Sneha Patel,CSE,2,2.97,67.08,86
106215,Rohan Gupta,EEE,8,6.71,17.47,98
106214,Aditya Verma,ME,3,1.53,78.47,26
106213,Isha Rao,EEE,3,0.63,16.82,29
106212,Rohan Patel,CE,5,5.14,32.64,83
106211,Aarav Kumar,CE,3,3.98,3.96,0
106210,Diya Sharma,ECE,1,6.03,95.41,3
106209,Isha Singh,CSE,8,0.83,28.06,25
106208,Aditya Verma,CE,3,1.14,4.2,28
106207,Aditya Reddy,CE,6,0.5,53.34,53
106206,Ananya Sharma,EEE,8,6.43,18.39,54
106205,Diya Jha,CSE,7,1.36,61.51,67
106204,Aditya Patel,CSE,2,3.23,48.01,78
106203,Ananya Singh,ME,1,9.55,12.54,7
106202,Sneha Verma,EEE,3,8.69,89.38,82
106201,Rohan Gupta,ME,8,5.52,60.51,18
106200,Sneha Sharma,ME,7,0.38,14.11,83
106199,Vikram Reddy,CSE,7,8.46,23.57,48
106198,Priya Patel,CSE,6,5.8,8.45,86
106197,Kabir Singh,EEE,8,5.44,9.42,62
106196,Priya Joshi,EEE,6,9.55,7.2,45
106195,Rohan Singh,CE,3,5.38,86.87,76
106194,Ananya Joshi,CSE,2,3.98,27.95,1
106193,Aarav Singh,EEE,4,1.89,10.18,40
106192,Priya Verma,CE,8,5.97,34.15,38
106191,Aditya Singh,ECE,1,1.91,39.68,91
106190,Aarav Kumar,ECE,7,6.49,89.76,82
106189,Sneha Jha,ECE,7,4.09,26.06,77
106188,Diya Patel,ME,4,7.87,20.13,62
106187,Vikram Joshi,CE,8,7.53,58.36,19
106186,Vikram Rao,ME,2,5.81,84.45,97
106185,Vikram Gupta,CE,8,9.16,42.95,37
106184,Priya Gupta,CE,8,1.58,24.75,19
106183,Kabir Sharma,ECE,4,4.89,93.63,93
106182,Aarav Jha,ECE,8,0.72,39.13,26
106181,Aditya Sharma,EEE,5,6.47,52.56,22
106180,Sneha Gupta,CE,6,0.07,40.2,69
106179,Sneha Verma,CSE,6,2.73,13.25,80
106178,Rohan Verma,ECE,5,9.39,86.31,46
106177,Sneha Kumar,ME,7,0.86,19.75,55
106176,Aarav Gupta,CE,2,1.9,19.13,19
106175,Kabir Verma,ME,7,2.62,76.29,34
106174,Rohan Patel,ECE,8,6.7,0.24,62
106173,Priya Joshi,ECE,8,2.47,39.22,41
106172,Aditya Sharma,ME,8,8.28,13.5,77
106171,Kabir Verma,EEE,2,8.35,93.2,59
106170,Aditya Gupta,EEE,7,7.39,28.58,47
106169,Sneha Gupta,CE,5,2.84,34.5,84
106168,Ananya Reddy,ME,1,8.48,26.25,13
106167,Rohan Reddy,CSE,5,8.34,77.0,57
106166,Priya Verma,ME,8,0.94,42.43,35
106165,Diya Joshi,EEE,8,1.2,90.37,83
106164,Diya Patel,CE,5,3.64,55.54,80
106163,Vikram Gupta,ECE,6,9.28,79.18,81
106162,Priya Reddy,CSE,3,4.41,59.35,57
106161,Vikram Reddy,ECE,6,4.39,11.17,44
106160,Aditya Verma,ME,1,1.01,25.24,33
106159,Priya Sharma,ECE,5,3.8,10.86,23
106158,Aditya Verma,CE,7,9.59,91.1,13
106157,Diya Joshi,CE,4,0.74,82.46,75
106156,Kabir Sharma,EEE,7,1.09,43.75,72
106155,Aditya Joshi,CE,8,6.32,84.22,13
106154,Sneha Singh,EEE,1,2.73,97.29,92
106153,Vikram Reddy,ECE,1,7.7,72.96,33
106152,Kabir Gupta,ME,5,6.47,87.2,78
106151,Ananya Jha,CSE,4,2.36,6.46,97
106150,Isha Gupta,ECE,5,3.63,77.12,95
106149,Aditya Sharma,ECE,7,2.11,21.75,37
106148,Priya Kumar,CE,6,7.39,85.23,83
106147,Diya Rao,CSE,7,3.1,78.96,79
106146,Kabir Sharma,EEE,3,1.3,47.76,51
106145,Sneha Sharma,CSE,1,8.72,31.19,70
106144,Vikram Verma,ECE,5,0.17,27.55,84
106143,Ananya Reddy,CSE,2,3.43,36.67,48
106142,Kabir Rao,ECE,2,4.06,1.38,85
106141,Aarav Patel,CSE,6,0.59,46.69,97
106140,Sneha Jha,ECE,1,5.26,15.29,14
106139,Sneha Joshi,CE,3,2.11,48.44,37
106138,Sneha Joshi,EEE,2,0.26,54.06,40
106137,Isha Jha,ECE,6,9.77,29.37,22
106136,Sneha Patel,CSE,1,3.18,74.51,81
106135,Sneha Kumar,EEE,6,4.49,24.35,96
106134,Vikram Reddy,ME,7,0.46,39.91,61
106133,Priya Reddy,EEE,2,4.23,16.19,68
106132,Sneha Joshi,ECE,1,4.08,26.08,64
106131,Isha Singh,CSE,7,6.88,56.64,67
106130,Rohan Verma,ME,3,3.1,22.27,13
106129,Isha Joshi,ME,4,4.5,87.74,71
106128,Sneha Reddy,EEE,4,5.53,78.14,23
106127,Diya Reddy,CE,3,0.65,12.85,13
106126,Isha Sharma,ME,2,7.98,85.21,52
106125,Isha Gupta,CE,4,8.7,94.56,4
106124,Aditya Sharma,ME,4,7.42,33.87,80
106123,Aditya Patel,CSE,8,3.29,31.54,25
106122,Aditya Verma,EEE,8,6.71,98.22,85
106121,Priya Rao,EEE,8,1.65,80.15,40
106120,Ananya Kumar,CE,8,1.21,45.88,40
106119,Rohan Kumar,ME,7,2.38,33.26,38
106118,Diya Singh,ECE,3,4.05,14.77,66
106117,Diya Reddy,ECE,1,6.86,1.72,56
106116,Aarav Patel,ME,6,6.62,44.37,17
106115,Isha Rao,CE,6,9.3,97.61,96
106114,Diya Joshi,ECE,7,8.46,41.19,72
106113,Isha Reddy,ECE,1,5.88,46.89,28
106112,Sneha Jha,EEE,3,7.78,78.68,24
106111,Ananya Rao,CE,1,5.25,56.01,97
106110,Aditya Sharma,EEE,7,9.98,15.64,23
106109,Sneha Rao,CE,6,9.33,82.12,85
106108,Priya Sharma,CE,6,2.37,37.19,24
106107,Vikram Gupta,CE,2,9.81,18.84,29
106106,Diya Verma,EEE,4,2.77,92.56,37
106105,Isha Singh,CE,6,5.51,28.44,41
106104,Aarav Sharma,ME,1,3.2,35.07,14
106103,Aditya Singh,ECE,3,8.14,4.05,99
106102,Diya Verma,EEE,8,3.32,49.28,85
106101,Priya Joshi,ME,8,4.44,38.35,9
106100,Isha Jha,ME,4,4.39,15.78,18
106099,Ananya Reddy,ECE,6,1.81,47.89,61
106098,Aditya Patel,ME,5,9.58,72.28,49
106097,Sneha Kumar,CE,2,2.45,79.98,78
106096,Aditya Joshi,ME,8,8.06,50.6,76
106095,Kabir Jha,ECE,7,4.36,20.5,56
106094,Diya Joshi,ME,2,6.06,9.31,96
106093,Diya Jha,CE,4,9.77,40.97,2
106092,Aarav Rao,CE,7,1.64,7.6,45
106091,Kabir Sharma,ME,1,2.52,13.06,53
106090,Priya Patel,ME,1,3.23,16.46,76
106089,Rohan Singh,CE,5,2.07,88.61,63
106088,Rohan Reddy,ECE,2,6.16,7.43,0
106087,Kabir Rao,CE,4,1.99,47.95,18
106086,Vikram Kumar,ECE,4,2.34,81.72,56
106085,Aditya Reddy,CE,4,8.3,78.58,37
106084,Vikram Verma,EEE,4,4.47,81.13,93
106083,Vikram Jha,EEE,8,8.04,26.0,63
106082,Aditya Sharma,CSE,1,5.62,64.18,87
106081,Kabir Kumar,CSE,6,5.43,65.05,40
106080,Aditya Kumar,CSE,1,9.35,48.02,51
106079,Isha Gupta,EEE,4,1.03,0.98,15
106078,Kabir Jha,ME,7,2.77,35.99,4
106077,Diya Reddy,ME,8,9.43,41.05,85
106076,Aditya Rao,CE,2,3.75,89.38,44
106075,Diya Singh,ECE,6,9.51,54.32,56
106074,Priya Sharma,ECE,3,5.47,86.98,22
106073,Rohan Joshi,ME,8,6.68,86.96,55
106072,Sneha Kumar,EEE,3,1.55,69.27,46
106071,Ananya Rao,ME,7,7.53,47.29,85
106070,Diya Verma,EEE,5,1.73,62.54,47
106069,Kabir Verma,ME,8,4.82,69.32,94
106068,Vikram Sharma,ECE,2,2.5,75.78,68
106067,Ananya Singh,ECE,7,5.09,19.5,33
106066,Isha Sharma,CSE,3,5.74,21.69,89
106065,Diya Rao,CE,2,3.26,70.38,23
106064,Sneha Kumar,ME,1,4.74,98.57,88
106063,Rohan Rao,ME,7,4.41,46.88,7
106062,Priya Jha,ECE,7,3.65,16.01,80
106061,Isha Sharma,ME,2,0.9,74.09,46
106060,Ananya Sharma,ME,2,3.89,5.65,65
106059,Vikram Singh,CSE,1,6.52,20.09,18
106058,Aarav Rao,ME,2,6.3,83.68,50
106057,Isha Kumar,CE,5,2.56,58.01,97
106056,Diya Singh,CE,4,1.07,57.31,22
106055,Ananya Gupta,CE,2,2.6,69.77,100
106054,Kabir Jha,CE,5,9.47,41.52,86
106053,Ananya Sharma,CE,3,5.23,22.4,76
106052,Vikram Jha,ECE,6,7.29,47.45,71
106051,Vikram Rao,ME,3,8.84,32.59,57
106050,Vikram Joshi,ECE,1,2.18,34.83,25
106049,Ananya Jha,CSE,3,2.9,23.03,49
106048,Vikram Rao,CE,5,4.75,79.37,95
106047,Diya Rao,CSE,8,8.42,99.64,50
106046,Isha Verma,ECE,1,9.56,41.29,84
106045,Aarav Patel,EEE,8,5.99,25.68,60
106044,Rohan Reddy,ME,8,3.23,20.68,8
106043,Sneha Jha,CE,8,4.44,25.07,92
106042,Priya Patel,ECE,4,3.28,94.45,59
106041,Ananya Rao,CE,3,7.43,6.39,83
106040,Kabir Joshi,ECE,1,9.5,34.53,58
106039,Kabir Rao,CE,7,3.5,65.92,79
106038,Aditya Jha,ECE,5,1.57,17.45,86
106037,Aarav Joshi,CSE,1,7.13,63.12,45
106036,Aarav Rao,CE,8,0.98,69.73,85
106035,Diya Kumar,CSE,5,8.67,76.72,97
106034,Diya Sharma,CE,3,3.2,32.18,41
106033,Aarav Verma,ME,3,5.05,40.78,53
106032,Rohan Gupta,CSE,1,5.5,64.48,2
106031,Isha Jha,EEE,2,7.08,55.4,80
106030,Diya Reddy,ME,5,7.66,56.27,79
106029,Isha Jha,EEE,7,1.38,67.47,64
106028,Rohan Singh,ME,1,0.87,28.08,27
106027,Diya Gupta,CSE,2,7.12,33.53,56
106026,Priya Rao,ME,5,7.8,32.8,100
106025,Aditya Verma,EEE,7,2.15,41.43,10
106024,Isha Rao,ME,7,7.46,44.51,57
106023,Rohan Kumar,ME,7,0.81,41.97,85
106022,Diya Gupta,EEE,6,2.41,64.52,6
106021,Isha Jha,CSE,7,5.76,95.22,31
106020,Diya Joshi,ECE,6,6.63,79.16,39
106019,Rohan Sharma,ME,8,3.31,68.81,88
106018,Priya Rao,CE,8,5.42,50.55,38
106017,Aditya Patel,CE,1,2.27,37.85,67
106016,Aarav Gupta,CSE,6,1.87,9.98,36
106015,Isha Gupta,CE,8,2.52,44.59,43
106014,Rohan Gupta,ME,3,3.6,76.42,61
106013,Kabir Gupta,ECE,6,2.12,22.6,78
106012,Isha Jha,CE,6,6.44,18.84,95
106011,Isha Joshi,ECE,7,0.18,8.49,69
106010,Ananya Sharma,ME,1,5.51,50.93,31
106009,Kabir Jha,CE,3,7.51,71.24,12
106008,Vikram Jha,EEE,1,8.88,42.2,62
106007,Priya Gupta,ECE,2,8.27,43.12,84
106006,Priya Patel,CSE,5,6.97,62.13,3
106005,Rohan Reddy,EEE,5,2.67,22.32,46
106004,Isha Verma,CSE,7,1.3,29.62,2
106003,Aditya Sharma,ECE,3,8.94,1.77,58
106002,Ananya Joshi,ECE,6,9.65,63.48,60
106001,Aditya Singh,CSE,3,4.7,23.07,32
106000,Vikram Gupta,CE,7,6.88,13.89,53
105999,Vikram Kumar,CE,4,1.78,66.43,76
105998,Aditya Joshi,ME,2,5.9,1.52,78
105997,Priya Kumar,ME,5,8.4,67.53,60
105996,Sneha Joshi,ECE,4,3.12,96.44,66
105995,Isha Patel,ME,7,1.19,74.59,88
105994,Ananya Singh,EEE,6,8.15,93.24,46
105993,Kabir Joshi,CE,7,2.55,91.69,52
105992,Sneha Singh,ECE,3,8.47,2.3,18
105991,Sneha Sharma,EEE,7,1.44,72.41,72
105990,Kabir Singh,EEE,7,2.91,10.04,34
105989,Ananya Singh,CSE,5,9.8,62.36,7
105988,Sneha Jha,CSE,7,3.91,49.1,65
105987,Priya Singh,CSE,5,7.45,36.94,87
105986,Diya Verma,ECE,7,0.04,57.87,0
105985,Kabir Rao,EEE,5,5.85,69.02,41
105984,Sneha Rao,EEE,4,3.97,15.87,58
105983,Isha Reddy,ME,3,5.06,14.9,87
105982,Aarav Gupta,CSE,3,9.13,88.01,55
105981,Priya Verma,CSE,7,7.02,56.84,53
105980,Aditya Reddy,EEE,1,6.35,96.14,99
105979,Ananya Sharma,ME,7,9.81,71.02,43
105978,Priya Patel,CSE,6,9.94,55.29,94
105977,Diya Sharma,ME,1,5.47,26.78,24
105976,Priya Sharma,CSE,1,3.24,54.18,75
105975,Aditya Verma,ECE,7,5.15,48.75,76
105974,Aarav Joshi,EEE,5,2.46,76.81,38
105973,Aditya Verma,ECE,8,0.72,55.84,34
105972,Kabir Jha,CSE,2,9.8,0.24,34
105971,Rohan Reddy,ME,4,1.51,14.11,86
105970,Kabir Reddy,CSE,7,2.77,37.67,40
105969,Aarav Verma,EEE,8,4.23,15.95,25
105968,Isha Singh,ME,5,8.07,33.42,82
105967,Priya Jha,EEE,5,5.88,21.79,22
105966,Ananya Jha,EEE,8,6.95,36.32,74
105965,Aarav Sharma,CE,3,3.35,34.58,46
105964,Aditya Reddy,EEE,3,8.74,24.65,55
105963,Rohan Singh,ME,7,6.56,93.28,40
105962,Aarav Joshi,CE,8,8.89,26.69,11
105961,Sneha Jha,CSE,6,9.64,15.64,47
105960,Ananya Kumar,CSE,1,4.4,99.29,44
105959,Aditya Reddy,ME,6,3.32,37.23,52
105958,Ananya Singh,CE,8,8.57,75.72,83
105957,Ananya Singh,EEE,1,9.54,45.31,23
105956,Aditya Reddy,CSE,8,5.5,1.2,70
105955,Ananya Reddy,EEE,5,2.21,22.37,21
105954,Aarav Kumar,ECE,3,2.78,62.72,83
105953,Aarav Reddy,CE,8,4.35,97.01,36
105952,Diya Jha,ECE,2,8.65,15.47,98
105951,Sneha Sharma,ECE,7,9.1,23.76,3
105950,Vikram Rao,CSE,7,6.94,10.75,90
105949,Vikram Jha,EEE,3,9.81,4.48,26
105948,Vikram Patel,CE,3,3.35,5.42,36
105947,Priya Verma,CE,4,5.75,31.86,39
105946,Vikram Gupta,ECE,8,0.35,73.82,39
105945,Kabir Singh,EEE,2,4.87,71.93,59
105944,Vikram Patel,ECE,8,1.57,72.07,3
105943,Isha Verma,CE,7,2.13,95.75,1
105942,Isha Verma,ECE,8,5.76,70.66,88
105941,Vikram Reddy,CE,8,3.52,48.03,0
105940,Sneha Reddy,CSE,1,2.94,20.1,12
105939,Ananya Jha,ME,4,7.01,25.72,20
105938,Isha Verma,EEE,6,1.95,40.13,98
105937,Rohan Kumar,EEE,1,7.96,69.32,63
105936,Priya Jha,CSE,1,8.4,32.26,75
105935,Sneha Patel,CE,6,5.09,83.58,71
105934,Sneha Verma,EEE,8,6.9,81.24,52
105933,Kabir Patel,EEE,8,5.76,74.09,19
105932,Aditya Joshi,ME,5,1.54,92.39,95
105931,Diya Jha,ECE,7,5.24,16.13,93
105930,Ananya Sharma,CE,5,9.69,4.04,98
105929,Aarav Patel,CSE,8,3.7,4.51,30
105928,Diya Patel,ME,2,2.71,30.54,0
105927,Diya Reddy,CE,1,4.93,12.33,96
105926,Kabir Singh,CE,7,2.03,52.96,47
105925,Sneha Joshi,ME,6,1.93,71.33,7
105924,Diya Verma,EEE,7,0.26,52.98,12
105923,Rohan Jha,EEE,6,9.12,16.46,73
105922,Rohan Joshi,CSE,3,8.41,58.68,15
105921,Vikram Jha,CSE,3,3.85,80.92,88
105920,Ananya Verma,CSE,5,5.38,33.18,71
105919,Vikram Kumar,EEE,8,1.81,41.02,39
105918,Isha Jha,CSE,7,9.53,57.62,12
105917,Aarav Jha,ECE,2,8.98,50.29,64
105916,Ananya Jha,ME,7,6.25,27.79,27
105915,Aditya Rao,CSE,1,5.19,74.58,37
105914,Aarav Singh,ME,1,3.43,20.56,51
105913,Sneha Rao,CE,8,2.33,38.49,99
105912,Diya Reddy,CE,2,6.03,36.46,49
105911,Isha Jha,CSE,5,7.61,95.28,5
105910,Isha Patel,CE,6,2.72,48.94,86
105909,Isha Singh,ME,1,0.93,25.4,77
105908,Aarav Joshi,EEE,6,1.88,60.01,71
105907,Diya Kumar,ECE,6,1.36,69.82,50
105906,Rohan Rao,EEE,4,7.56,22.02,26
105905,Aditya Verma,ECE,6,2.44,38.55,34
105904,Priya Reddy,CE,2,4.6,14.95,82
105903,Aditya Patel,EEE,1,2.17,74.06,54
105902,Sneha Jha,CE,6,1.32,91.8,53
105901,Sneha Verma,CE,1,1.37,60.77,90
105900,Aditya Rao,ME,1,3.06,58.09,99
105899,Priya Reddy,EEE,4,5.01,15.39,16
105898,Isha Patel,CSE,3,0.07,10.56,0
105897,Isha Gupta,ECE,7,3.78,5.81,37
105896,Priya Jha,ME,5,5.99,40.49,0
105895,Aditya Patel,EEE,7,3.3,93.34,96
105894,Kabir Sharma,CSE,4,7.1,35.65,67
105893,Diya Singh,EEE,2,6.92,47.17,62
105892,Ananya Sharma,EEE,1,4.83,28.89,60
105891,Sneha Verma,EEE,3,9.11,46.66,21
105890,Aarav Patel,EEE,8,6.61,33.46,3
105889,Priya Gupta,EEE,1,5.15,81.21,42
105888,Aarav Joshi,CE,5,8.21,28.75,52
105887,Kabir Gupta,EEE,6,7.37,1.92,28
105886,Priya Jha,CE,6,2.57,59.61,75
105885,Priya Joshi,ECE,5,2.96,75.87,86
105884,Rohan Kumar,CSE,3,4.86,60.04,19
105883,Diya Verma,ECE,5,2.39,24.71,88
105882,Sneha Sharma,CE,4,9.87,13.59,95
105881,Aarav Verma,ECE,7,6.07,16.62,5
105880,Diya Kumar,ECE,2,8.45,87.29,70
105879,Aditya Joshi,CSE,6,7.86,18.1,65
105878,Rohan Patel,EEE,3,1.57,82.07,23
105877,Sneha Kumar,ME,2,1.71,91.91,70
105876,Priya Singh,CSE,8,7.64,25.47,73
105875,Aarav Reddy,CE,8,0.94,54.09,29
105874,Aditya Kumar,CSE,3,2.44,65.88,44
105873,Isha Verma,CSE,1,6.87,75.59,78
105872,Rohan Singh,EEE,4,3.47,74.25,1
105871,Ananya Reddy,ME,1,8.75,91.12,35
105870,Aditya Patel,ME,8,8.74,22.08,18
105869,Kabir Patel,CSE,1,4.16,62.65,69
105868,Priya Joshi,EEE,2,9.09,71.91,17
105867,Vikram Rao,CSE,2,4.42,61.25,42
105866,Vikram Sharma,CSE,3,8.66,89.1,37
105865,Aarav Joshi,ME,7,0.8,38.26,99
105864,Rohan Gupta,EEE,6,0.76,83.75,81
105863,Kabir Sharma,EEE,6,4.54,91.38,48
105862,Rohan Gupta,EEE,5,3.63,31.82,9
105861,Ananya Sharma,CSE,7,4.12,76.86,55
105860,Vikram Singh,ME,4,8.58,67.98,29
105859,Aarav Joshi,ME,8,2.81,8.07,11
105858,Aditya Sharma,ECE,4,7.01,40.52,77
105857,Kabir Reddy,CSE,2,4.69,74.42,19
105856,Priya Reddy,ECE,2,3.97,24.41,70
105855,Aditya Jha,ECE,5,3.95,93.29,85
105854,Aditya Joshi,ECE,4,0.2,17.0,46
105853,Sneha Reddy,ME,4,2.98,38.66,87
105852,Aarav Joshi,CE,3,8.5,40.78,68
105851,Diya Reddy,ECE,2,1.95,77.95,46
105850,Aarav Patel,CE,7,3.6,10.03,64
105849,Aditya Gupta,CE,8,1.91,66.77,78
105848,Priya Kumar,CE,4,0.28,90.46,20
105847,Rohan Kumar,EEE,4,0.86,76.58,6
105846,Sneha Patel,ME,6,2.78,84.33,78
105845,Rohan Kumar,ECE,5,8.68,9.48,64
105844,Priya Gupta,EEE,1,8.67,76.43,50
105843,Diya Gupta,ECE,5,0.9,79.42,22
105842,Isha Gupta,CE,2,5.71,86.78,15
105841,Isha Sharma,ECE,6,6.51,27.91,71
105840,Kabir Jha,CE,3,9.53,99.77,80
105839,Aditya Reddy,ECE,7,5.8,46.27,94
105838,Priya Gupta,ME,3,4.64,37.75,85
105837,Isha Joshi,ECE,7,1.92,54.39,81
105836,Aarav Kumar,CSE,6,8.64,87.38,92
105835,Rohan Singh,ME,6,1.38,76.93,57
105834,Sneha Reddy,ECE,4,8.54,77.74,73
105833,Isha Kumar,EEE,7,0.52,92.17,38
105832,Diya Singh,ME,7,3.24,6.05,97
105831,Aarav Rao,EEE,4,5.04,20.95,8
105830,Aarav Kumar,CSE,7,7.51,84.64,68
105829,Sneha Verma,ME,8,4.28,73.6,63
105828,Ananya Kumar,CE,8,8.93,78.73,69
105827,Diya Sharma,CSE,6,9.48,76.19,13
105826,Aditya Joshi,ECE,6,1.39,41.93,77
105825,Isha Kumar,ECE,6,4.43,30.04,38
105824,Isha Patel,ME,2,6.94,30.92,29
105823,Sneha Jha,CSE,4,9.23,28.18,53
105822,Rohan Patel,EEE,8,6.62,17.5,41
105821,Aarav Reddy,CE,8,5.3,11.08,82
105820,Aditya Rao,ECE,4,6.8,1.29,53
105819,Rohan Joshi,CE,6,8.04,26.98,45
105818,Aditya Joshi,EEE,3,7.63,87.46,7
105817,Vikram Jha,CE,2,5.93,98.75,100
105816,Ananya Jha,EEE,7,0.56,43.77,57
105815,Kabir Joshi,CSE,6,1.17,22.33,13
105814,Vikram Singh,EEE,3,8.77,47.19,44
105813,Diya Singh,EEE,8,7.06,18.04,96
105812,Priya Sharma,EEE,2,5.11,40.75,20
105811,Aditya Singh,EEE,8,2.87,66.91,83
105810,Ananya Singh,ME,1,6.48,56.42,60
105809,Vikram Sharma,CE,3,8.42,52.36,40
105808,Rohan Singh,EEE,8,6.79,98.73,49
105807,Isha Rao,EEE,1,7.29,22.83,98
105806,Diya Patel,ECE,5,0.63,18.14,72
105805,Diya Sharma,ECE,6,6.01,85.98,1
105804,Rohan Joshi,ME,3,3.58,6.78,11
105803,Aditya Singh,ECE,2,2.01,1.33,37
105802,Ananya Rao,EEE,6,9.46,37.8,8
105801,Diya Singh,EEE,1,5.54,27.63,26
105800,Vikram Jha,ECE,5,7.28,28.31,51
105799,Aarav Sharma,CE,4,5.19,93.82,32
105798,Diya Jha,CSE,1,0.26,91.64,85
105797,Aarav Patel,CSE,2,7.8,38.61,40
105796,Kabir Jha,EEE,1,6.86,56.36,66
105795,Rohan Rao,ECE,7,8.39,41.96,40
105794,Vikram Joshi,CSE,1,8.5,33.05,12
105793,Aditya Jha,ECE,1,7.55,51.75,64
105792,Aarav Rao,ME,5,9.88,89.43,83
105791,Vikram Jha,ECE,4,0.76,25.13,76
105790,Kabir Singh,EEE,7,4.89,3.4,33
105789,Ananya Rao,CSE,6,4.06,85.71,62
105788,Kabir Joshi,ECE,7,3.62,48.3,58
105787,Isha Gupta,CSE,4,6.47,22.35,99
105786,Diya Rao,CE,7,8.52,42.86,28
105785,Priya Joshi,EEE,2,9.44,15.79,97
105784,Isha Gupta,CSE,3,0.29,85.79,28
105783,Sneha Singh,CE,1,7.05,49.27,5
105782,Kabir Verma,ECE,8,0.31,38.29,71
105781,Sneha Rao,ECE,7,8.07,92.37,74
105780,Isha Joshi,ECE,3,9.46,56.43,83
105779,Aarav Rao,CSE,6,5.94,72.03,95
105778,Vikram Verma,ECE,7,3.43,33.99,99
105777,Kabir Singh,ME,6,4.58,83.37,52
105776,Aarav Gupta,EEE,5,5.62,26.35,99
105775,Vikram Verma,EEE,6,6.57,70.84,72
105774,Sneha Gupta,EEE,3,9.59,70.31,96
105773,Ananya Singh,CE,2,4.08,35.2,52
105772,Sneha Verma,ME,8,4.42,41.37,73
105771,Diya Joshi,ECE,3,9.09,90.69,9
105770,Kabir Joshi,EEE,2,5.0,16.0,92
105769,Isha Verma,ECE,7,3.3,28.4,79
105768,Aarav Singh,CSE,6,4.03,45.48,7
105767,Isha Kumar,CE,8,8.3,58.2,43
105766,Ananya Singh,ECE,5,7.4,12.61,88
105765,Priya Jha,ME,4,3.45,68.85,85
105764,Isha Rao,CSE,3,6.68,60.12,3
105763,Vikram Kumar,EEE,5,3.36,19.25,87
105762,Diya Patel,CE,3,5.07,65.0,20
105761,Priya Reddy,CE,7,3.93,39.23,92
105760,Ananya Verma,ECE,2,4.67,79.52,3
105759,Ananya Joshi,ME,4,9.18,96.78,8
105758,Aarav Reddy,EEE,6,5.06,98.5,17
105757,Vikram Verma,CSE,3,0.13,24.28,69
105756,Vikram Singh,ME,3,6.84,22.93,43
105755,Rohan Patel,EEE,3,7.09,30.46,88
105754,Aarav Sharma,ECE,3,4.69,1.85,96
105753,Rohan Rao,EEE,5,8.0,0.19,38
105752,Priya Kumar,CE,8,3.74,62.03,37
105751,Rohan Gupta,ECE,1,4.13,34.83,60
105750,Aarav Joshi,ME,6,2.26,38.83,53
105749,Ananya Rao,EEE,7,2.44,99.62,83
105748,Aarav Verma,CE,7,2.04,10.79,77
105747,Ananya Gupta,CE,5,4.05,91.67,98
105746,Rohan Gupta,ME,2,4.22,13.31,0
105745,Sneha Gupta,CE,1,2.6,20.49,73
105744,Diya Reddy,ECE,2,5.72,92.97,7
105743,Diya Jha,EEE,5,5.26,57.11,64
105742,Vikram Rao,CE,5,5.58,75.98,49
105741,Vikram Rao,CE,2,5.93,8.15,18
105740,Rohan Gupta,ME,6,9.31,51.08,47
105739,Vikram Verma,CSE,4,2.07,33.42,24
105738,Kabir Reddy,CSE,6,5.69,37.05,15
105737,Diya Patel,CSE,4,4.21,74.63,49
105736,Sneha Kumar,CE,7,0.81,42.14,71
105735,Aditya Joshi,CSE,6,3.59,46.81,88
105734,Aditya Kumar,CSE,6,6.8,42.29,50
105733,Rohan Joshi,ECE,3,7.6,75.44,62
105732,Kabir Kumar,CE,6,8.43,48.78,36
105731,Isha Rao,EEE,3,8.02,74.58,49
105730,Aarav Singh,CSE,7,0.98,66.36,1
105729,Isha Jha,CSE,8,2.41,70.11,54
105728,Rohan Joshi,CSE,1,7.97,30.96,9
105727,Priya Reddy,CE,3,7.59,95.31,5
105726,Aarav Verma,ME,7,4.51,4.35,78
105725,Isha Sharma,CSE,8,7.62,59.91,44
105724,Kabir Gupta,EEE,7,4.96,36.55,32
105723,Priya Rao,CSE,1,2.58,96.85,21
105722,Sneha Reddy,ME,5,4.33,76.75,18
105721,Vikram Kumar,EEE,2,7.49,70.04,35
105720,Ananya Rao,EEE,5,8.3,35.82,10
105719,Sneha Joshi,ECE,5,5.31,76.65,77
105718,Sneha Joshi,EEE,4,4.54,76.84,20
105717,Sneha Jha,ECE,6,1.68,3.36,29
105716,Isha Singh,CSE,3,5.83,5.37,72
105715,Kabir Joshi,ECE,5,6.61,45.32,74
105714,Ananya Patel,ME,8,4.37,10.74,53
105713,Vikram Sharma,CE,8,2.81,10.61,80
105712,Aarav Jha,CSE,3,3.77,1.74,17
105711,Priya Kumar,CSE,5,9.74,52.0,43
105710,Aditya Rao,ECE,4,6.91,18.86,10
105709,Diya Singh,EEE,6,3.71,23.5,6
105708,Kabir Singh,ME,2,1.08,5.05,48
105707,Priya Patel,EEE,2,6.13,80.59,89
105706,Isha Reddy,ME,6,3.49,33.08,7
105705,Vikram Jha,CE,8,4.55,85.33,43
105704,Rohan Verma,CSE,4,9.3,48.55,92
105703,Diya Singh,CSE,4,4.71,55.33,6
105702,Kabir Singh,CE,7,0.54,18.07,2
105701,Priya Sharma,EEE,6,2.92,8.68,83
105700,Ananya Jha,CSE,7,0.48,24.52,94
105699,Diya Singh,ECE,1,2.87,71.19,78
105698,Isha Singh,CE,3,5.21,65.07,44
105697,Priya Patel,CE,2,0.69,59.88,67
105696,Aarav Patel,CSE,6,1.41,39.79,31
105695,Kabir Reddy,CSE,5,1.31,43.44,21
105694,Priya Rao,CE,7,7.05,33.37,78
105693,Sneha Jha,ME,4,8.37,54.34,8
105692,Sneha Rao,CSE,3,2.83,41.49,94
105691,Kabir Sharma,CE,1,0.59,26.22,11
105690,Diya Sharma,ECE,1,8.2,66.48,43
105689,Diya Reddy,CE,5,6.79,58.48,72
105688,Rohan Rao,ME,7,3.28,16.21,100
105687,Ananya Jha,ME,3,8.52,85.19,75
105686,Aditya Patel,CE,8,7.93,84.57,6
105685,Sneha Gupta,ME,2,1.7,94.32,95
105684,Sneha Kumar,CE,4,4.86,85.97,71
105683,Priya Jha,CE,6,0.38,44.73,53
105682,Priya Kumar,CE,6,2.4,15.75,35
105681,Sneha Rao,ME,1,5.02,98.27,77
105680,Kabir Verma,EEE,1,8.76,13.07,35
105679,Aditya Patel,ECE,7,1.65,13.68,39
105678,Aarav Jha,ME,2,7.97,8.71,11
105677,Vikram Singh,ME,5,6.77,90.72,50
105676,Aditya Reddy,EEE,7,4.26,1.51,79
105675,Priya Kumar,CE,1,8.75,53.07,98
105674,Ananya Kumar,CSE,5,8.17,22.99,7
105673,Ananya Sharma,ME,4,6.05,72.98,68
105672,Priya Reddy,CE,7,0.16,31.19,80
105671,Isha Jha,EEE,8,6.6,60.08,68
105670,Vikram Singh,CE,3,5.93,2.87,40
105669,Sneha Rao,EEE,5,4.57,32.37,60
105668,Aditya Reddy,CSE,6,5.79,16.97,90
105667,Vikram Sharma,CE,4,8.42,16.96,90
105666,Aarav Verma,ME,2,2.78,26.97,32
105665,Diya Reddy,CE,8,5.05,26.13,4
105664,Vikram Verma,ME,5,1.41,3.67,59
105663,Vikram Joshi,ECE,3,1.13,17.27,70
105662,Aarav Gupta,CE,3,5.58,81.14,69
105661,Sneha Sharma,ECE,4,0.81,4.41,32
105660,Kabir Jha,CSE,6,5.81,10.24,21
105659,Aditya Jha,EEE,1,3.86,0.9,9
105658,Priya Jha,ME,2,8.81,14.7,8
105657,Vikram Verma,CSE,7,8.09,59.49,52
105656,Ananya Patel,CE,1,4.26,73.64,75
105655,Isha Joshi,CE,3,3.09,74.48,81
105654,Ananya Gupta,ME,7,9.8,90.41,30
105653,Rohan Patel,ME,4,9.98,2.57,64
105652,Rohan Singh,CSE,6,9.58,81.28,71
105651,Sneha Verma,EEE,4,8.57,48.01,72
105650,Sneha Singh,CSE,1,4.65,80.95,33
105649,Diya Joshi,CE,6,7.65,56.99,15
105648,Rohan Patel,CE,4,3.23,65.18,79
105647,Kabir Reddy,ME,3,5.87,87.84,56
105646,Ananya Verma,CE,5,7.52,64.17,22
105645,Vikram Singh,EEE,2,8.99,7.46,79
105644,Kabir Gupta,CSE,5,1.8,62.55,38
105643,Isha Kumar,ME,5,2.93,56.76,61
105642,Kabir Singh,ME,5,9.34,8.41,13
105641,Kabir Patel,ME,6,7.99,11.72,83
105640,Aditya Reddy,ECE,4,1.95,45.94,36
105639,Sneha Gupta,CE,4,4.01,79.97,67
105638,Rohan Verma,ME,7,6.9,25.54,88
105637,Vikram Reddy,ECE,4,2.7,5.91,33
105636,Priya Patel,CSE,7,6.31,5.65,13
105635,Isha Reddy,ECE,3,4.73,33.35,28
105634,Sneha Gupta,ECE,2,5.53,55.29,84
105633,Isha Singh,EEE,4,3.19,75.88,86
105632,Aditya Patel,CE,5,5.34,26.66,86
105631,Diya Singh,EEE,7,6.66,19.54,77
105630,Priya Kumar,CE,1,1.63,90.11,3
105629,Isha Gupta,CE,3,6.19,87.64,24
105628,Aditya Patel,EEE,8,7.84,36.08,64
105627,Priya Gupta,CSE,6,6.36,64.43,23
105626,Priya Patel,CE,3,4.4,65.71,41
105625,Aarav Gupta,ECE,4,5.55,25.16,44
105624,Vikram Patel,ME,2,9.32,48.32,59
105623,Aarav Verma,CE,1,5.68,79.01,57
105622,Vikram Verma,EEE,6,1.29,56.45,94
105621,Kabir Kumar,CE,8,7.96,40.21,56
105620,Aditya Verma,EEE,1,9.14,9.98,96
105619,Kabir Patel,EEE,2,9.4,54.24,84
105618,Ananya Gupta,ME,1,4.48,66.02,3
105617,Sneha Jha,EEE,7,9.12,55.62,24
105616,Isha Verma,CSE,8,0.49,39.29,69
105615,Vikram Kumar,CSE,2,6.74,63.8,34
105614,Aditya Sharma,CSE,1,3.64,17.88,5
105613,Ananya Singh,ME,1,4.27,19.54,49
105612,Aditya Singh,ECE,1,3.61,9.0,20
105611,Priya Gupta,EEE,3,5.65,11.78,88
105610,Isha Gupta,CE,3,4.55,59.49,56
105609,Sneha Joshi,ECE,6,3.28,89.58,10
105608,Priya Sharma,CE,7,2.73,29.41,5
105607,Vikram Jha,EEE,8,0.5,0.69,83
105606,Vikram Jha,CE,1,2.33,49.66,32
105605,Sneha Sharma,EEE,5,5.02,16.38,37
105604,Aditya Patel,CSE,1,6.65,2.75,41
105603,Priya Sharma,ME,1,3.61,19.74,77
105602,Rohan Gupta,CSE,5,0.84,68.58,43
105601,Aditya Reddy,ME,3,4.32,23.39,2
105600,Aditya Reddy,ECE,1,1.8,9.59,24
105599,Isha Joshi,CSE,2,8.03,98.72,59
105598,Rohan Reddy,CE,1,1.02,75.75,51
105597,Diya Kumar,ME,3,5.29,90.54,27
105596,Rohan Sharma,ECE,2,2.2,9.87,59
105595,Priya Gupta,ME,3,7.11,38.44,46
105594,Aarav Kumar,EEE,4,1.78,69.79,69
105593,Ananya Gupta,ECE,3,1.13,66.61,1
105592,Aditya Sharma,EEE,4,2.83,71.34,82
105591,Aarav Patel,CSE,1,6.23,65.68,93
105590,Aditya Jha,CSE,3,4.83,53.3,23
105589,Vikram Rao,CSE,2,4.65,62.64,91
105588,Isha Verma,ME,2,3.13,71.88,38
105587,Rohan Patel,ME,4,2.57,21.87,65
105586,Ananya Jha,CE,6,8.43,88.36,96
105585,Aarav Sharma,CSE,2,6.56,63.89,96
105584,Priya Verma,CE,8,6.36,39.89,73
105583,Isha Gupta,CSE,2,1.83,34.77,2
105582,Isha Sharma,ECE,4,1.22,59.48,54
105581,Priya Verma,ME,1,5.94,17.74,21
105580,Sneha Gupta,ECE,2,9.28,24.24,50
105579,Sneha Gupta,CSE,1,6.27,24.05,12
105578,Ananya Gupta,ECE,1,0.77,21.51,64
105577,Priya Jha,CE,4,6.32,60.99,0
105576,Vikram Rao,ECE,5,4.69,58.56,17
105575,Aditya Singh,ECE,2,5.44,54.45,15
105574,Sneha Reddy,CSE,4,6.67,27.31,71
105573,Aarav Singh,EEE,6,0.83,95.71,79
105572,Aditya Jha,EEE,3,2.72,25.06,32
105571,Rohan Joshi,EEE,7,7.58,74.62,89
105570,Diya Reddy,CSE,1,9.8,87.01,50
105569,Kabir Reddy,CE,7,1.05,35.34,38
105568,Kabir Jha,ECE,4,7.81,67.99,32
105567,Priya Patel,CE,3,4.74,5.49,87
105566,Rohan Singh,ECE,6,4.48,81.46,62
105565,Vikram Gupta,EEE,8,7.93,37.7,72
105564,Sneha Sharma,EEE,6,3.35,18.08,100
105563,Diya Patel,ECE,7,5.06,87.88,95
105562,Diya Patel,EEE,4,4.31,68.43,0
105561,Aditya Gupta,ME,5,3.99,98.05,48
105560,Kabir Jha,CE,8,6.87,2.4,56
105559,Priya Rao,CSE,8,5.38,21.24,84
105558,Kabir Sharma,CE,7,6.77,66.76,42
105557,Sneha Sharma,CSE,5,5.68,89.78,71
105556,Sneha Gupta,ME,4,6.06,16.62,81
105555,Rohan Gupta,EEE,3,1.22,61.99,25
105554,Rohan Rao,CE,1,5.45,22.07,62
105553,Kabir Verma,ME,3,9.36,30.69,7
105552,Sneha Singh,CE,3,2.3,39.65,5
105551,Rohan Kumar,CSE,5,3.39,48.0,75
105550,Kabir Joshi,ME,3,0.88,56.4,23
105549,Priya Singh,CE,6,1.53,56.94,50
105548,Vikram Kumar,CE,1,0.42,92.86,98
105547,Vikram Rao,CE,6,7.04,56.63,74
105546,Sneha Verma,EEE,6,1.08,72.91,63
105545,Kabir Reddy,ECE,6,1.21,31.26,26
105544,Sneha Reddy,EEE,5,9.38,77.12,42
105543,Kabir Patel,CE,4,2.2,71.17,48
105542,Ananya Jha,ECE,5,9.64,65.42,30
105541,Vikram Jha,CE,6,2.84,36.97,52
105540,Aarav Sharma,CE,4,6.34,14.05,65
105539,Priya Singh,EEE,6,2.18,1.43,75
105538,Aditya Jha,EEE,6,6.69,10.64,77
105537,Vikram Joshi,ECE,6,1.57,50.86,80
105536,Aarav Sharma,CE,3,1.65,88.92,56
105535,Rohan Rao,CE,2,2.53,15.63,97
105534,Priya Reddy,ME,4,3.92,29.01,26
105533,Aarav Reddy,ME,2,0.46,71.71,32
105532,Kabir Gupta,CSE,2,4.21,67.33,22
105531,Sneha Rao,ECE,6,3.15,66.8,11
105530,Aarav Singh,CE,2,6.89,10.96,56
105529,Priya Singh,EEE,2,8.31,60.3,77
105528,Aditya Rao,ME,3,8.92,81.24,60
105527,Priya Rao,CSE,7,1.58,61.87,94
105526,Ananya Kumar,CSE,2,2.08,25.47,28
105525,Priya Rao,ECE,5,1.79,70.78,17
105524,Vikram Reddy,CE,2,3.4,68.33,74
105523,Sneha Patel,EEE,2,2.88,93.76,23
105522,Ananya Jha,ECE,8,3.57,94.7,43
105521,Isha Singh,CE,7,3.55,25.73,50
105520,Rohan Singh,ME,4,9.39,12.92,62
105519,Priya Verma,CSE,1,4.68,9.62,71
105518,Diya Rao,CE,1,1.4,26.98,38
105517,Diya Singh,ECE,3,5.15,85.5,81
105516,Aditya Patel,ECE,6,0.49,28.0,1
105515,Aditya Patel,CSE,5,8.94,6.13,36
105514,Aarav Singh,CSE,8,3.14,94.44,76
105513,Rohan Reddy,ECE,6,2.41,53.85,35
105512,Diya Singh,ME,1,5.22,28.79,93
105511,Ananya Reddy,ME,7,4.08,63.22,30
105510,Vikram Gupta,ME,5,4.17,18.29,4
105509,Sneha Verma,EEE,1,6.34,89.9,93
105508,Aarav Singh,EEE,8,1.59,91.51,15
105507,Ananya Rao,CSE,6,8.56,74.12,16
105506,Diya Sharma,CSE,1,1.31,98.8,63
105505,Ananya Jha,EEE,8,1.91,48.14,93
105504,Diya Singh,CE,5,1.37,52.52,46
105503,Rohan Patel,CE,5,6.34,42.09,21
105502,Ananya Rao,EEE,2,7.75,91.61,55
105501,Kabir Verma,CE,3,3.27,68.25,5
105500,Priya Singh,EEE,6,7.11,74.45,55
105499,Priya Kumar,ME,7,9.55,91.39,55
105498,Sneha Verma,CE,4,6.5,45.63,11
105497,Diya Jha,ME,6,4.55,95.37,27
105496,Rohan Rao,CE,2,3.44,27.65,52
105495,Sneha Joshi,CE,6,3.72,69.65,45
105494,Aditya Patel,CSE,7,3.54,50.18,41
105493,Diya Singh,ECE,1,8.97,10.85,14
105492,Ananya Patel,ECE,1,1.94,54.4,24
105491,Rohan Patel,CE,7,2.02,3.74,20
105490,Priya Joshi,CE,5,0.35,37.99,61
105489,Sneha Sharma,CE,3,5.95,53.62,100
105488,Kabir Gupta,ECE,1,4.31,68.69,70
105487,Isha Joshi,ECE,8,9.96,46.8,38
105486,Ananya Jha,ME,1,2.88,62.32,66
105485,Rohan Rao,CE,5,3.3,32.07,23
105484,Aarav Joshi,ME,3,0.08,67.12,43
105483,Isha Reddy,CE,7,8.61,48.07,50
105482,Isha Reddy,CE,8,7.52,39.95,47
105481,Diya Verma,CSE,7,6.86,73.86,47
105480,Vikram Reddy,CSE,5,3.16,54.81,29
105479,Ananya Kumar,ME,2,7.34,46.47,89
105478,Kabir Joshi,ME,6,4.2,92.37,61
105477,Isha Verma,ECE,3,6.62,0.67,91
105476,Diya Joshi,ECE,2,3.14,78.55,1
105475,Diya Gupta,CSE,3,1.36,71.38,73
105474,Ananya Patel,CSE,8,1.73,20.72,33
105473,Isha Patel,CSE,5,1.7,50.59,29
105472,Aditya Reddy,CE,2,5.24,29.05,69
105471,Isha Jha,ME,1,7.39,25.5,47
105470,Priya Joshi,CE,7,1.86,7.93,45
105469,Priya Reddy,EEE,8,0.82,72.82,48
105468,Kabir Rao,CSE,8,9.92,89.17,36
105467,Ananya Patel,ECE,4,8.72,3.14,6
105466,Isha Sharma,CE,1,0.25,27.24,48
105465,Aditya Patel,EEE,8,8.66,80.27,3
105464,Vikram Kumar,ECE,3,5.88,32.32,93
105463,Priya Sharma,ECE,5,0.73,91.02,31
105462,Aarav Kumar,CE,4,4.07,60.57,89
105461,Rohan Kumar,CE,7,0.2,58.03,100
105460,Aditya Rao,ME,2,3.67,14.19,39
105459,Ananya Gupta,ECE,1,0.27,78.04,58
105458,Isha Verma,ECE,6,3.89,48.38,23
105457,Rohan Sharma,ECE,3,4.7,20.83,43
105456,Sneha Reddy,EEE,3,9.86,89.99,75
105455,Diya Singh,CE,6,0.68,50.9,57
105454,Isha Joshi,CSE,5,4.4,29.27,61
105453,Kabir Kumar,EEE,3,9.26,25.87,31
105452,Rohan Patel,EEE,4,8.79,10.95,94
105451,Diya Jha,EEE,6,2.17,47.27,9
105450,Rohan Reddy,ME,2,5.04,62.48,83
105449,Ananya Verma,CSE,7,6.46,93.72,58
105448,Vikram Rao,EEE,6,5.33,44.65,79
105447,Vikram Jha,ME,1,4.42,89.44,71
105446,Diya Singh,EEE,5,1.07,78.41,91
105445,Rohan Verma,CE,7,2.61,19.34,37
105444,Aditya Patel,ME,1,6.82,68.88,51
105443,Kabir Gupta,CSE,5,7.93,91.89,83
105442,Rohan Jha,ECE,7,9.55,10.44,15
105441,Isha Gupta,ECE,7,4.12,29.13,50
105440,Diya Kumar,EEE,2,3.04,4.31,79
105439,Sneha Joshi,CE,6,3.41,54.12,0
105438,Priya Sharma,CSE,8,5.13,54.63,63
105437,Isha Kumar,CSE,3,9.55,73.42,15
105436,Aditya Sharma,CE,1,8.86,28.3,8
105435,Aarav Singh,ECE,4,0.14,93.59,67
105434,Aditya Jha,ME,2,4.6,44.55,79
105433,Priya Singh,CSE,6,8.11,90.69,79
105432,Sneha Gupta,ECE,6,5.7,77.24,16
105431,Isha Verma,ECE,2,5.22,84.53,35
105430,Aarav Sharma,EEE,1,4.72,17.28,71
105429,Isha Kumar,EEE,1,5.25,41.2,91
105428,Ananya Patel,EEE,6,0.52,97.87,20
105427,Ananya Gupta,EEE,8,9.89,88.91,35
105426,Aarav Jha,EEE,4,8.41,46.71,29
105425,Aditya Jha,ECE,1,6.65,56.83,46
105424,Aarav Kumar,ECE,1,5.6,55.94,8
105423,Priya Jha,CSE,6,9.03,47.64,14
105422,Kabir Joshi,CE,7,9.71,92.64,43
105421,Aarav Jha,CE,3,0.68,19.37,80
105420,Diya Gupta,CSE,6,1.2,1.19,48
105419,Isha Singh,ECE,8,5.2,21.59,53
105418,Diya Singh,ME,5,2.17,75.2,81
105417,Rohan Jha,CE,8,4.82,27.29,26
105416,Sneha Rao,ME,3,7.93,93.21,91
105415,Aditya Rao,ECE,1,4.77,64.98,86
105414,Ananya Sharma,ME,1,9.38,70.73,16
105413,Sneha Verma,CSE,3,5.52,23.14,10
105412,Aarav Patel,CSE,5,7.28,38.94,84
105411,Rohan Jha,CE,2,4.62,91.81,34
105410,Kabir Sharma,ECE,4,6.0,20.87,85
105409,Rohan Jha,CSE,4,1.33,14.51,87
105408,Rohan Jha,ECE,2,4.93,87.41,87
105407,Diya Kumar,EEE,6,8.43,73.3,14
105406,Isha Rao,ME,7,7.26,33.61,39
105405,Aditya Rao,ME,3,6.86,24.28,11
105404,Diya Patel,ECE,5,9.48,93.78,58
105403,Vikram Sharma,ECE,3,3.72,64.91,29
105402,Vikram Gupta,ME,2,7.07,29.66,15
105401,Diya Singh,ECE,5,4.69,44.04,18
105400,Priya Rao,CE,1,0.93,43.41,73
105399,Aarav Patel,CSE,8,1.57,36.05,45
105398,Aditya Kumar,ME,7,0.21,10.07,15
105397,Isha Kumar,ME,4,4.97,59.37,100
105396,Aditya Gupta,CE,5,5.46,12.59,94
105395,Vikram Patel,CSE,1,4.35,38.65,68
105394,Kabir Rao,CE,5,7.94,24.53,39
105393,Sneha Gupta,ME,8,4.92,48.24,36
105392,Isha Singh,ME,5,7.88,82.24,16
105391,Sneha Sharma,CE,2,5.86,88.25,80
105390,Sneha Gupta,EEE,1,3.36,92.61,63
105389,Diya Singh,ME,1,6.94,94.9,94
105388,Kabir Sharma,ECE,4,1.34,34.73,47
105387,Sneha Sharma,EEE,2,2.7,61.2,84
105386,Sneha Joshi,ECE,7,5.3,71.98,79
105385,Ananya Joshi,ME,6,3.15,43.86,99
105384,Ananya Kumar,EEE,5,2.7,14.17,89
105383,Aditya Patel,ECE,6,7.75,11.99,52
105382,Rohan Reddy,CE,4,7.48,36.55,25
105381,Aarav Kumar,ECE,3,0.75,67.49,33
105380,Isha Verma,ECE,7,6.5,20.39,100
105379,Ananya Verma,EEE,1,6.4,2.78,1
105378,Rohan Singh,CSE,2,8.22,25.78,81
105377,Sneha Singh,CE,3,3.15,87.53,85
105376,Priya Gupta,ME,7,8.06,46.9,3
105375,Aarav Sharma,ECE,5,2.42,75.89,34
105374,Aditya Verma,ECE,8,3.67,8.07,60
105373,Priya Verma,ME,6,6.89,81.56,12
105372,Priya Sharma,CSE,7,7.68,28.84,17
105371,Kabir Jha,CSE,5,8.55,12.12,87
105370,Isha Jha,EEE,3,2.61,84.15,20
105369,Aarav Singh,CSE,5,7.98,22.76,12
105368,Aditya Rao,EEE,8,6.57,25.64,86
105367,Aarav Jha,ECE,3,3.08,37.62,54
105366,Sneha Jha,CSE,5,6.6,22.41,96
105365,Ananya Joshi,CE,8,7.79,23.09,20
105364,Aarav Patel,EEE,7,4.7,11.5,2
105363,Kabir Gupta,CE,3,7.7,30.06,63
105362,Kabir Joshi,CE,7,4.83,52.18,32
105361,Aditya Sharma,ME,2,9.43,2.3,88
105360,Rohan Patel,CE,2,6.88,36.71,62
105359,Aarav Rao,ME,8,7.6,6.81,15
105358,Aarav Sharma,CE,3,6.79,0.91,35
105357,Aditya Rao,ECE,3,9.75,79.91,97
105356,Diya Reddy,CE,8,6.99,50.33,67
105355,Sneha Patel,ME,1,4.5,93.91,66
105354,Aarav Kumar,ME,6,7.19,75.58,86
105353,Isha Verma,ME,4,4.59,65.67,23
105352,Aditya Kumar,CE,8,0.08,97.71,94
105351,Rohan Jha,CSE,6,2.52,94.32,29
105350,Aarav Kumar,ME,5,6.01,76.72,74
105349,Priya Rao,CSE,6,2.38,39.13,17
105348,Priya Verma,ME,8,8.05,51.0,79
105347,Aarav Jha,EEE,7,7.79,72.79,5
105346,Ananya Jha,ECE,5,1.13,55.55,87
105345,Diya Patel,ME,6,7.39,40.99,65
105344,Aarav Patel,EEE,8,2.25,27.49,14
105343,Ananya Joshi,EEE,4,6.15,64.32,20
105342,Aditya Jha,CE,2,1.29,21.31,68
105341,Isha Reddy,CE,8,9.18,86.48,27
105340,Aditya Rao,EEE,8,7.15,90.62,58
105339,Isha Gupta,CSE,8,3.78,78.11,90
105338,Rohan Singh,EEE,6,4.23,86.06,88
105337,Isha Rao,ME,3,0.47,47.24,18
105336,Aarav Patel,CSE,4,1.22,33.62,42
105335,Sneha Verma,CSE,1,2.94,39.51,8
105334,Kabir Singh,ECE,5,3.05,10.45,52
105333,Priya Gupta,CSE,5,1.88,31.14,63
105332,Priya Gupta,CSE,5,5.68,57.39,1
105331,Vikram Verma,CE,8,5.33,64.15,80
105330,Kabir Sharma,EEE,2,4.48,13.47,33
105329,Ananya Sharma,CSE,3,0.68,15.31,9
105328,Ananya Joshi,CSE,4,7.05,29.78,47
105327,Sneha Rao,ME,1,0.27,81.4,68
105326,Aditya Joshi,CE,3,9.74,5.38,55
105325,Kabir Rao,ECE,4,9.91,10.52,2
105324,Diya Reddy,ECE,8,8.91,21.75,11
105323,Sneha Gupta,CSE,2,9.03,44.12,40
105322,Diya Rao,ECE,6,9.45,30.72,56
105321,Rohan Joshi,CSE,8,0.63,79.25,67
105320,Isha Sharma,ECE,3,2.16,82.55,14
105319,Rohan Singh,ME,3,4.2,70.21,64
105318,Aarav Kumar,CSE,5,0.65,23.74,18
105317,Ananya Singh,CE,4,4.02,35.55,77
105316,Sneha Verma,CSE,1,5.97,49.79,43
105315,Ananya Kumar,ME,2,5.82,20.82,88
105314,Sneha Verma,ECE,4,7.08,74.25,78
105313,Kabir Kumar,ME,3,1.63,37.08,42
105312,Sneha Rao,ME,2,6.11,82.32,70
105311,Aditya Reddy,CE,3,7.69,23.77,1
105310,Kabir Rao,ME,7,1.98,34.65,48
105309,Aarav Jha,CE,6,0.06,55.86,99
105308,Priya Patel,CE,1,3.46,81.51,83
105307,Vikram Rao,EEE,3,6.74,65.08,40
105306,Priya Verma,EEE,6,5.79,7.08,10
105305,Aarav Patel,ECE,4,3.52,91.41,98
105304,Rohan Jha,EEE,7,5.16,47.81,94
105303,Ananya Joshi,ECE,4,9.08,64.81,85
105302,Priya Rao,EEE,6,6.99,21.95,84
105301,Vikram Joshi,EEE,4,5.94,48.54,55
105300,Rohan Kumar,ME,3,4.32,28.93,8
105299,Ananya Sharma,EEE,8,9.67,14.46,59
105298,Aarav Sharma,ECE,4,6.99,88.25,47
105297,Isha Gupta,CSE,1,4.49,33.8,37
105296,Vikram Jha,ME,1,9.71,70.08,63
105295,Priya Rao,EEE,8,6.4,90.99,54
105294,Isha Reddy,CSE,5,7.73,61.91,93
105293,Kabir Gupta,ECE,7,4.41,3.94,57
105292,Priya Gupta,CSE,3,3.13,93.73,96
105291,Rohan Gupta,ME,7,1.74,39.31,10
105290,Rohan Singh,ME,3,5.43,93.41,1
105289,Aditya Kumar,ECE,4,1.02,40.26,68
105288,Rohan Verma,EEE,1,8.92,9.84,7
105287,Kabir Patel,EEE,2,9.96,96.67,24
105286,Priya Reddy,CE,6,9.49,95.16,53
105285,Ananya Joshi,ECE,8,1.87,79.93,15
105284,Kabir Reddy,EEE,7,4.03,62.42,69
105283,Kabir Sharma,ECE,1,6.19,50.61,38
105282,Rohan Sharma,CSE,3,8.21,3.05,57
105281,Diya Singh,EEE,2,2.85,16.84,41
105280,Aarav Verma,ECE,6,6.93,39.68,73
105279,Rohan Rao,EEE,5,5.04,29.02,36
105278,Rohan Gupta,CSE,2,6.43,10.26,36
105277,Rohan Rao,CSE,6,1.78,80.3,75
105276,Aditya Verma,CE,2,6.67,72.7,70
105275,Sneha Rao,CSE,6,9.05,69.66,40
105274,Priya Reddy,CE,6,7.31,1.23,66
105273,Vikram Patel,CSE,6,2.7,19.17,86
105272,Sneha Reddy,CSE,7,5.15,90.54,43
105271,Ananya Gupta,CSE,3,1.65,63.31,62
105270,Vikram Singh,ME,3,0.75,63.24,94
105269,Aditya Verma,CSE,8,5.78,77.38,13
105268,Aarav Sharma,CE,1,7.96,24.98,73
105267,Vikram Reddy,CSE,6,8.33,25.92,87
105266,Aarav Jha,CSE,8,2.46,29.51,35
105265,Sneha Patel,CE,3,1.44,25.0,36
105264,Kabir Reddy,ECE,1,9.12,96.15,29
105263,Kabir Gupta,CE,3,3.02,94.08,41
105262,Priya Patel,CE,6,3.96,64.3,52
105261,Kabir Joshi,CSE,2,0.89,71.66,4
105260,Diya Singh,ME,8,9.71,32.1,67
105259,Vikram Rao,EEE,2,2.14,15.56,80
105258,Ananya Sharma,CSE,2,5.05,87.73,78
105257,Isha Patel,EEE,4,3.49,84.15,19
105256,Ananya Sharma,ME,3,8.58,77.95,75
105255,Kabir Singh,EEE,5,2.66,10.62,100
105254,Isha Sharma,EEE,6,3.25,39.97,97
105253,Diya Patel,ECE,4,5.77,40.69,48
105252,Vikram Rao,ME,8,6.44,99.18,23
105251,Isha Gupta,CSE,5,5.16,73.31,24
105250,Ananya Verma,ME,8,3.52,85.7,18
105249,Priya Patel,ME,4,3.5,50.29,89
105248,Ananya Jha,ME,4,0.74,12.55,38
105247,Sneha Kumar,CE,8,7.25,78.1,72
105246,Diya Patel,CE,6,8.36,64.42,7
105245,Isha Joshi,CE,6,9.06,0.81,31
105244,Priya Rao,ECE,3,1.37,22.1,56
105243,Rohan Reddy,EEE,4,2.9,36.84,57
105242,Aditya Jha,ME,8,5.04,11.37,71
105241,Rohan Reddy,ECE,1,1.36,67.55,99
105240,Vikram Joshi,ECE,8,3.74,23.54,42
105239,Priya Verma,ECE,8,5.57,3.96,82
105238,Ananya Rao,CE,4,2.11,23.9,4
105237,Vikram Rao,CSE,3,3.82,49.09,73
105236,Aarav Verma,EEE,4,0.62,38.0,32
105235,Priya Kumar,CE,8,7.52,17.74,18
105234,Diya Singh,ME,6,6.55,30.69,68
105233,Isha Patel,EEE,8,9.44,28.22,57
105232,Isha Singh,ME,2,5.51,73.08,62
105231,Ananya Reddy,CE,5,8.79,72.25,53
105230,Isha Patel,EEE,3,3.52,4.87,45
105229,Priya Kumar,CE,4,8.55,72.93,72
105228,Diya Gupta,ECE,1,3.54,81.6,15
105227,Sneha Rao,ME,7,6.95,56.29,14
105226,Diya Reddy,ME,7,0.28,49.09,25
105225,Ananya Verma,EEE,6,4.27,65.6,94
105224,Aarav Verma,ME,8,1.34,38.57,16
105223,Aditya Sharma,ME,8,4.65,49.09,63
105222,Aarav Sharma,ECE,3,5.0,40.62,21
105221,Ananya Rao,ME,1,8.15,6.72,59
105220,Ananya Sharma,EEE,4,4.36,0.32,83
105219,Aarav Gupta,CE,2,1.21,43.61,2
105218,Rohan Gupta,CE,2,5.81,81.88,52
105217,Vikram Gupta,CSE,8,5.38,64.8,54
105216,Isha Sharma,CE,7,8.65,0.67,33
105215,Kabir Kumar,ECE,6,5.71,93.14,47
105214,Isha Sharma,EEE,5,7.23,4.32,44
105213,Ananya Jha,EEE,4,9.95,37.58,82
105212,Sneha Rao,CSE,7,6.07,54.82,31
105211,Diya Singh,CSE,2,9.81,68.56,92
105210,Aarav Kumar,EEE,2,4.94,73.95,88
105209,Sneha Reddy,EEE,2,4.54,60.51,47
105208,Aditya Singh,ECE,8,0.93,64.19,69
105207,Aarav Verma,ECE,6,7.04,87.38,21
105206,Rohan Verma,CE,1,8.28,74.67,56
105205,Ananya Reddy,ME,4,4.51,44.9,81
105204,Kabir Singh,CE,1,0.03,81.96,36
105203,Vikram Singh,ECE,1,3.16,70.87,47
105202,Priya Singh,ME,7,7.75,72.34,28
105201,Ananya Kumar,ME,1,7.79,9.85,77
105200,Ananya Rao,CSE,3,7.21,30.46,99
105199,Kabir Reddy,EEE,6,6.28,68.41,94
105198,Rohan Verma,EEE,4,0.32,27.14,50
105197,Vikram Kumar,CE,1,8.96,58.17,24
105196,Sneha Patel,EEE,5,7.34,70.09,10
105195,Priya Kumar,ECE,4,7.6,91.9,2
105194,Aditya Verma,CE,8,8.7,59.88,23
105193,Aarav Kumar,CE,2,7.73,97.15,10
105192,Aarav Sharma,ME,7,5.5,4.17,74
105191,Priya Reddy,CE,1,1.44,72.4,14
105190,Sneha Kumar,ECE,7,4.57,13.88,6
105189,Sneha Joshi,CSE,7,7.63,25.05,41
105188,Rohan Singh,ECE,7,0.86,41.38,45
105187,Ananya Gupta,CE,7,4.11,39.81,5
105186,Aarav Patel,ECE,2,6.1,44.35,31
105185,Sneha Singh,CE,2,2.83,44.7,19
105184,Diya Gupta,ECE,2,4.01,58.77,36
105183,Isha Jha,ME,2,2.21,42.81,1
105182,Kabir Singh,ME,4,0.45,94.22,0
105181,Isha Sharma,ECE,6,6.16,42.92,14
105180,Kabir Rao,CE,6,6.18,2.09,16
105179,Ananya Joshi,ME,6,4.59,83.86,99
105178,Diya Verma,CE,1,0.38,15.11,77
105177,Aditya Verma,CSE,7,0.41,98.17,64
105176,Rohan Jha,EEE,1,7.79,12.89,26
105175,Priya Gupta,ECE,8,8.99,41.08,26
105174,Priya Kumar,EEE,6,0.5,8.76,33
105173,Aditya Kumar,CSE,6,4.09,62.73,30
105172,Rohan Sharma,ECE,6,0.83,57.44,73
105171,Ananya Joshi,CE,8,2.5,71.54,47
105170,Sneha Singh,ME,5,1.78,6.15,19
105169,Rohan Jha,CSE,6,4.11,25.54,55
105168,Kabir Patel,EEE,5,2.15,41.42,28
105167,Sneha Verma,ECE,7,6.37,47.9,54
105166,Sneha Jha,EEE,7,5.62,0.21,45
105165,Sneha Rao,CE,6,6.76,44.94,51
105164,Sneha Jha,EEE,4,0.51,26.55,42
105163,Vikram Verma,ECE,7,4.92,30.08,66
105162,Isha Singh,ECE,8,7.07,77.35,6
105161,Rohan Patel,CE,8,1.37,90.33,28
105160,Rohan Gupta,EEE,3,2.43,77.21,80
105159,Vikram Reddy,EEE,2,9.59,12.17,68
105158,Diya Sharma,EEE,7,2.68,95.52,49
105157,Rohan Singh,EEE,5,0.1,15.26,48
105156,Sneha Singh,CSE,6,3.3,43.72,39
105155,Kabir Patel,CE,4,9.83,56.9,90
105154,Diya Rao,ECE,5,3.88,44.59,11
105153,Sneha Joshi,CSE,8,4.44,85.47,34
105152,Rohan Jha,EEE,7,4.06,44.23,100
105151,Vikram Patel,ME,1,2.58,64.82,24
105150,Kabir Gupta,CE,7,2.92,27.81,93
105149,Rohan Sharma,EEE,4,2.99,69.94,23
105148,Aditya Verma,CE,8,4.32,24.85,34
105147,Aditya Joshi,EEE,4,5.28,28.33,57
105146,Aarav Singh,EEE,8,5.19,94.36,8
105145,Priya Singh,ECE,7,2.43,58.74,23
105144,Rohan Sharma,ECE,7,2.85,3.3,90
105143,Aditya Singh,EEE,2,0.93,36.94,26
105142,Aditya Joshi,ME,1,9.8,3.34,47
105141,Diya Singh,CSE,7,0.36,57.58,66
105140,Diya Singh,ECE,7,5.56,88.72,99
105139,Isha Joshi,ME,3,0.93,71.82,58
105138,Aarav Patel,ECE,2,4.74,37.06,42
105137,Aarav Patel,EEE,2,0.3,41.74,91
105136,Isha Reddy,CE,1,5.6,78.23,45
105135,Rohan Verma,CE,4,2.04,79.43,84
105134,Kabir Kumar,ME,6,8.88,36.35,55
105133,Aarav Sharma,ME,5,9.6,33.64,30
105132,Kabir Kumar,CSE,4,2.76,49.64,81
105131,Rohan Jha,ECE,8,3.97,19.73,8
105130,Diya Sharma,CE,5,1.24,15.49,99
105129,Priya Kumar,CSE,3,7.77,43.09,33
105128,Diya Kumar,CE,8,1.17,32.99,75
105127,Vikram Jha,ME,2,4.36,13.26,86
105126,Kabir Kumar,ME,5,5.47,31.05,88
105125,Diya Singh,CE,8,6.16,1.7,7
105124,Kabir Verma,ECE,4,5.14,14.84,36
105123,Isha Jha,CE,5,3.72,87.39,47
105122,Rohan Gupta,CE,8,7.76,30.0,98
105121,Sneha Kumar,EEE,2,8.59,50.78,91
105120,Diya Kumar,ME,6,6.01,79.99,26
105119,Kabir Sharma,ECE,6,0.27,93.28,52
105118,Sneha Sharma,EEE,3,6.54,28.81,91
105117,Aarav Patel,EEE,5,5.85,11.51,91
105116,Sneha Patel,ME,8,3.88,67.52,43
105115,Aarav Joshi,CSE,7,7.28,85.24,79
105114,Aditya Joshi,CSE,6,9.05,59.17,31
105113,Aditya Kumar,ECE,6,3.65,46.7,53
105112,Aditya Gupta,CE,5,8.52,58.69,12
105111,Ananya Joshi,ECE,8,1.45,67.85,97
105110,Rohan Patel,ME,6,2.37,82.99,47
105109,Isha Rao,CE,4,5.87,52.54,95
105108,Kabir Joshi,ME,8,2.18,51.62,56
105107,Ananya Sharma,EEE,4,9.1,5.59,44
105106,Aarav Reddy,EEE,3,8.08,5.55,67
105105,Aarav Patel,ECE,4,0.78,94.74,17
105104,Diya Kumar,ECE,2,5.58,92.14,0
105103,Rohan Jha,ECE,3,0.26,14.6,80
105102,Aarav Jha,EEE,2,8.03,27.52,7
105101,Rohan Singh,ME,7,3.53,96.91,31
105100,Aarav Gupta,EEE,7,3.81,21.89,76
105099,Rohan Reddy,EEE,1,1.24,36.16,26
105098,Aarav Jha,ME,7,0.05,71.32,43
105097,Aditya Rao,ME,4,0.24,99.58,80
105096,Diya Joshi,ME,5,9.94,88.88,70
105095,Vikram Patel,ECE,2,4.28,74.42,41
105094,Aarav Singh,CSE,8,5.54,81.92,31
105093,Aarav Patel,ME,3,4.79,51.41,78
105092,Sneha Jha,ECE,7,9.3,32.86,36
105091,Isha Joshi,ME,4,8.06,22.8,66
105090,Aarav Jha,EEE,4,7.61,68.07,38
105089,Vikram Kumar,CSE,1,8.19,26.73,63
105088,Aditya Sharma,CE,2,7.58,62.8,96
105087,Priya Singh,CE,7,9.35,44.59,42
105086,Diya Rao,EEE,5,9.6,10.25,94
105085,Priya Rao,CSE,3,1.88,46.17,46
105084,Aditya Verma,ECE,3,2.39,71.88,12
105083,Aditya Jha,ME,7,7.56,6.05,10
105082,Rohan Reddy,CSE,3,7.61,2.9,51
105081,Sneha Patel,CE,4,8.55,2.29,44
105080,Vikram Verma,ME,5,2.15,32.14,83
105079,Isha Rao,CE,4,5.18,99.58,2
105078,Sneha Verma,CE,5,9.77,26.24,59
105077,Isha Reddy,CSE,8,8.04,11.02,76
105076,Aarav Rao,ME,2,0.53,8.88,22
105075,Isha Singh,EEE,8,2.64,33.57,18
105074,Vikram Patel,CE,7,7.46,24.76,17
105073,Vikram Singh,ECE,5,9.25,46.73,82
105072,Vikram Kumar,EEE,4,8.69,45.2,74
105071,Kabir Sharma,ME,2,0.46,73.81,18
105070,Ananya Kumar,CSE,7,2.18,81.08,90
105069,Kabir Sharma,CE,4,4.59,5.54,35
105068,Vikram Rao,CE,5,9.76,52.49,89
105067,Aditya Kumar,CE,4,1.87,60.72,31
105066,Aditya Sharma,CE,1,3.75,53.21,25
105065,Kabir Kumar,CSE,4,4.41,81.47,35
105064,Aarav Joshi,ME,7,3.15,22.7,79
105063,Rohan Patel,CSE,6,2.41,49.52,76
105062,Priya Patel,CE,5,8.64,64.78,91
105061,Kabir Jha,CSE,6,3.54,62.84,94
105060,Sneha Joshi,CE,7,3.85,25.93,74
105059,Vikram Jha,CE,6,5.95,80.85,33
105058,Kabir Patel,CE,1,1.68,20.08,62
105057,Isha Rao,ME,4,9.49,91.58,52
105056,Aditya Kumar,EEE,8,2.0,34.68,48
105055,Aditya Kumar,CE,7,7.54,3.49,96
105054,Isha Singh,ECE,7,0.05,96.64,54
105053,Aarav Verma,CSE,6,3.08,61.86,59
105052,Sneha Kumar,CE,4,1.57,87.64,59
105051,Kabir Kumar,EEE,8,1.04,84.43,82
105050,Rohan Sharma,ME,7,5.68,43.88,20
105049,Ananya Sharma,ECE,4,4.58,43.23,28
105048,Priya Reddy,CE,3,9.78,58.4,50
105047,Aditya Sharma,CE,8,6.13,57.23,59
105046,Kabir Rao,EEE,2,3.43,90.57,28
105045,Vikram Verma,CE,5,8.26,70.4,2
105044,Rohan Verma,ME,1,0.87,86.4,67
105043,Kabir Patel,ECE,4,4.13,25.11,79
105042,Ananya Singh,EEE,2,3.34,52.57,0
105041,Isha Reddy,CSE,6,8.66,3.32,9
105040,Rohan Reddy,CE,3,1.92,60.78,1
105039,Sneha Singh,EEE,1,9.6,65.24,38
105038,Priya Patel,CSE,8,2.57,59.56,74
105037,Isha Jha,ME,4,3.61,55.9,9
105036,Diya Jha,ECE,8,4.0,42.77,63
105035,Priya Verma,ECE,7,1.93,68.93,43
105034,Sneha Rao,ME,3,0.73,24.67,73
105033,Vikram Kumar,EEE,6,9.26,73.81,70
105032,Aditya Singh,CE,5,6.26,52.9,10
105031,Vikram Singh,CE,2,4.74,70.75,39
105030,Vikram Kumar,CSE,3,9.67,18.13,3
105029,Kabir Rao,EEE,2,1.12,52.09,39
105028,Rohan Singh,ME,5,2.06,34.01,93
105027,Vikram Reddy,CSE,5,5.43,98.85,12
105026,Sneha Rao,CE,3,6.62,3.67,51
105025,Priya Rao,ECE,4,8.5,90.63,92
105024,Rohan Jha,EEE,5,7.63,13.37,33
105023,Aditya Gupta,CSE,4,8.59,50.34,68
105022,Rohan Gupta,EEE,3,1.2,96.71,100
105021,Sneha Reddy,CSE,1,6.72,44.93,91
105020,Kabir Sharma,CE,1,2.21,38.5,97
105019,Priya Reddy,EEE,8,3.1,47.16,63
105018,Isha Singh,CSE,5,7.32,87.84,67
105017,Sneha Patel,EEE,1,9.29,43.9,37
105016,Priya Singh,CSE,3,1.67,22.91,77
105015,Vikram Singh,EEE,3,4.91,28.85,5
105014,Ananya Kumar,EEE,3,4.99,25.51,58
105013,Aditya Verma,CE,7,0.54,71.06,16
105012,Aditya Kumar,EEE,7,6.27,73.37,67
105011,Priya Patel,ECE,5,3.02,59.97,46
105010,Diya Reddy,EEE,8,0.28,2.52,5
105009,Priya Singh,ECE,5,7.85,93.28,21
105008,Ananya Rao,EEE,8,0.97,12.25,46
105007,Vikram Patel,ME,8,3.12,93.16,27
105006,Vikram Verma,ME,5,3.55,59.09,76
105005,Ananya Patel,ME,4,0.04,81.9,1
105004,Rohan Reddy,ECE,2,6.57,3.45,37
105003,Priya Reddy,EEE,6,6.04,10.27,99
105002,Isha Verma,ECE,1,6.26,31.34,9
105001,Aarav Joshi,ECE,8,2.99,70.68,64
105000,Kabir Jha,CE,8,4.35,91.51,90
104999,Sneha Kumar,ECE,3,5.11,47.17,0
104998,Aditya Gupta,EEE,1,3.31,98.49,32
104997,Priya Kumar,CSE,2,8.99,97.0,86
104996,Rohan Kumar,ME,5,7.48,12.83,41
104995,Aditya Joshi,EEE,3,1.95,75.72,63
104994,Isha Patel,ME,3,4.17,76.72,38
104993,Aditya Rao,CE,4,6.79,36.16,60
104992,Diya Reddy,ECE,5,1.63,40.84,59
104991,Priya Jha,EEE,2,5.02,65.31,5
104990,Rohan Verma,CSE,7,9.31,14.73,11
104989,Isha Jha,EEE,3,6.89,30.37,96
104988,Isha Joshi,ECE,5,6.95,80.04,25
104987,Priya Verma,ME,2,2.81,3.1,68
104986,Aarav Rao,CSE,3,9.21,57.87,33
104985,Kabir Gupta,ECE,3,1.27,71.78,15
104984,Sneha Reddy,CSE,6,6.13,82.93,29
104983,Priya Kumar,ECE,2,1.88,11.9,34
104982,Sneha Sharma,ME,3,0.08,36.0,93
104981,Aditya Rao,ME,7,8.79,45.26,13
104980,Sneha Gupta,ME,7,8.31,0.07,41
104979,Rohan Singh,CSE,3,3.22,27.35,25
104978,Isha Jha,ME,1,1.58,89.68,63
104977,Diya Reddy,CE,1,1.25,36.96,20
104976,Diya Joshi,ECE,5,8.08,40.0,70
104975,Vikram Reddy,ECE,7,4.35,76.8,39
104974,Vikram Gupta,EEE,8,9.57,8.48,97
104973,Vikram Joshi,ME,1,1.35,78.23,87
104972,Isha Gupta,EEE,7,1.23,98.92,86
104971,Sneha Singh,CSE,2,3.91,85.67,36
104970,Aditya Patel,CE,7,7.53,60.48,76
104969,Isha Reddy,ECE,6,8.48,67.45,80
104968,Ananya Patel,ECE,1,2.9,35.91,83
104967,Aditya Kumar,EEE,1,4.87,14.17,35
104966,Kabir Kumar,CE,7,5.94,22.04,79
104965,Sneha Joshi,CSE,7,8.28,69.23,58
104964,Sneha Sharma,CE,1,5.91,81.16,94
104963,Aditya Singh,ME,7,5.64,26.36,72
104962,Aarav Joshi,CSE,8,9.07,25.67,99
104961,Kabir Verma,EEE,1,2.53,74.72,52
104960,Rohan Sharma,ECE,7,0.06,12.24,100
104959,Aditya Sharma,ME,6,0.31,16.33,8
104958,Diya Verma,CSE,7,6.33,57.07,51
104957,Ananya Patel,ME,7,5.55,68.75,89
104956,Aditya Jha,EEE,3,0.6,78.8,28
104955,Priya Singh,CSE,3,3.25,58.37,95
104954,Ananya Verma,ECE,4,8.75,61.46,77
104953,Ananya Verma,EEE,7,0.48,64.32,69
104952,Diya Kumar,CSE,7,3.18,67.38,21
104951,Rohan Reddy,ECE,1,6.5,91.69,49
104950,Rohan Jha,ME,1,3.89,10.62,88
104949,Isha Verma,CE,8,3.63,55.57,49
104948,Rohan Gupta,CSE,5,0.41,5.22,27
104947,Priya Singh,ECE,2,7.62,27.94,45
104946,Sneha Sharma,CE,2,6.0,8.37,75
104945,Rohan Rao,ECE,3,7.51,94.77,71
104944,Isha Verma,CE,1,5.36,64.2,78
104943,Diya Singh,EEE,7,5.32,8.15,55
104942,Sneha Sharma,ME,6,1.21,9.49,94
104941,Ananya Rao,ME,2,1.9,40.12,100
104940,Isha Verma,EEE,2,9.11,55.89,49
104939,Aarav Verma,CSE,2,1.84,29.43,45
104938,Aarav Sharma,ECE,6,7.85,48.19,66
104937,Vikram Reddy,CSE,2,8.15,51.56,40
104936,Sneha Joshi,EEE,4,2.15,37.28,69
104935,Vikram Joshi,CSE,1,0.42,82.85,15
104934,Aarav Singh,EEE,7,6.99,97.9,70
104933,Ananya Verma,CE,2,1.86,11.58,43
104932,Vikram Patel,CE,5,4.6,73.47,74
104931,Vikram Reddy,CSE,5,5.87,5.86,61
104930,Aditya Sharma,ECE,6,8.68,41.96,37
104929,Sneha Reddy,CSE,4,5.04,6.35,66
104928,Aditya Reddy,EEE,6,1.77,11.21,13
104927,Rohan Patel,ECE,5,7.75,23.22,32
104926,Diya Rao,CE,5,3.93,60.83,81
104925,Aarav Reddy,ECE,6,0.58,23.97,65
104924,Sneha Sharma,EEE,7,5.08,61.9,64
104923,Isha Jha,CSE,4,9.77,27.34,33
104922,Ananya Joshi,ECE,8,5.42,89.39,94
104921,Sneha Gupta,EEE,1,6.59,38.9,44
104920,Priya Joshi,CE,1,7.44,78.64,91
104919,Kabir Reddy,CE,5,2.55,49.38,27
104918,Sneha Joshi,CSE,1,2.86,75.12,31
104917,Aarav Rao,ECE,8,0.97,41.48,98
104916,Kabir Verma,CE,7,7.95,78.69,78
104915,Aditya Rao,ECE,8,5.14,61.4,80
104914,Rohan Reddy,ME,5,9.24,44.73,98
104913,Aditya Reddy,CE,1,7.48,20.79,95
104912,Vikram Sharma,CSE,2,0.33,1.04,70
104911,Aditya Jha,ME,4,5.98,6.53,85
104910,Vikram Jha,ECE,3,1.7,72.97,36
104909,Priya Reddy,CE,4,6.83,97.3,44
104908,Aarav Sharma,ECE,2,0.16,14.65,59
104907,Vikram Kumar,ECE,2,4.7,51.35,27
104906,Aditya Rao,ME,6,7.88,28.6,46
104905,Diya Rao,ME,6,9.17,28.9,25
104904,Priya Jha,ME,4,5.73,98.58,29
104903,Vikram Gupta,ECE,2,3.25,56.6,51
104902,Ananya Sharma,ECE,6,1.85,14.66,60
104901,Aditya Reddy,ECE,3,5.6,35.84,78
104900,Isha Reddy,CE,2,8.71,82.88,73
104899,Aditya Reddy,CSE,7,6.46,22.32,38
104898,Ananya Sharma,ECE,6,0.12,43.59,94
104897,Aditya Kumar,EEE,7,9.64,79.79,99
104896,Priya Singh,CSE,6,0.23,16.5,76
104895,Diya Jha,EEE,8,9.14,67.69,66
104894,Kabir Gupta,EEE,4,6.36,57.22,28
104893,Rohan Jha,ECE,7,5.22,36.27,26
104892,Priya Jha,EEE,3,4.35,3.01,26
104891,Kabir Patel,ECE,2,3.68,66.57,69
104890,Vikram Joshi,CSE,7,2.96,84.42,45
104889,Diya Joshi,ME,2,4.78,42.1,84
104888,Rohan Kumar,CE,1,2.69,21.91,12
104887,Aditya Singh,EEE,5,3.67,63.46,10
104886,Priya Singh,ECE,4,6.83,63.23,68
104885,Rohan Singh,ME,1,2.04,44.58,34
104884,Priya Singh,CE,1,0.07,69.29,39
104883,Isha Gupta,ECE,6,7.51,20.79,4
104882,Aditya Singh,CE,3,8.95,83.29,28
104881,Rohan Gupta,EEE,6,6.97,15.93,98
104880,Diya Singh,ECE,3,4.93,23.05,33
104879,Aarav Sharma,ME,4,3.99,92.41,52
104878,Rohan Kumar,EEE,4,4.82,63.29,75
104877,Rohan Gupta,ME,8,4.0,47.86,15
104876,Kabir Sharma,CE,4,3.35,43.27,43
104875,Priya Singh,CSE,1,9.99,46.14,99
104874,Vikram Patel,ME,3,9.53,37.12,56
104873,Rohan Reddy,EEE,4,0.58,12.5,95
104872,Priya Patel,ME,3,7.55,6.1,55
104871,Kabir Jha,CE,6,0.03,91.94,5
104870,Sneha Patel,CSE,3,5.02,44.67,75
104869,Kabir Kumar,CE,6,4.42,42.71,50
104868,Diya Reddy,ME,1,8.52,79.84,86
104867,Vikram Jha,ME,8,8.65,93.39,22
104866,Aarav Rao,EEE,4,2.73,27.13,19
104865,Diya Singh,ECE,1,4.99,84.07,96
104864,Aditya Sharma,EEE,7,9.19,70.5,55
104863,Isha Sharma,EEE,1,4.47,81.07,62
104862,Aditya Gupta,CSE,1,8.29,18.89,95
104861,Aditya Singh,EEE,6,4.59,40.99,51
104860,Aarav Gupta,EEE,7,3.61,71.89,26
104859,Vikram Jha,EEE,1,6.15,66.58,52
104858,Rohan Verma,EEE,1,5.51,16.34,21
104857,Aditya Verma,ECE,6,2.42,33.43,12
104856,Isha Patel,EEE,8,4.58,5.65,71
104855,Aditya Joshi,ME,3,2.41,100.0,85
104854,Rohan Patel,CE,4,9.6,81.33,85
104853,Diya Joshi,ECE,1,7.58,45.75,38
104852,Vikram Patel,ME,7,7.13,8.17,13
104851,Isha Rao,CSE,2,9.89,11.93,38
104850,Aditya Jha,CSE,5,0.73,72.15,0
104849,Ananya Verma,ME,3,8.84,72.89,8
104848,Vikram Kumar,CE,5,6.37,95.06,60
104847,Sneha Reddy,CE,2,6.6,4.83,17
104846,Priya Singh,CE,3,6.75,80.97,91
104845,Priya Kumar,ME,3,7.87,88.7,69
104844,Kabir Joshi,ME,2,6.99,85.32,22
104843,Ananya Singh,CSE,5,8.74,77.82,72
104842,Aditya Verma,ECE,5,6.36,33.78,51
104841,Diya Jha,CSE,1,0.53,44.5,59
104840,Priya Joshi,ECE,3,4.23,90.94,65
104839,Kabir Kumar,EEE,3,2.34,67.42,52
104838,Ananya Reddy,CSE,8,2.05,30.6,74
104837,Sneha Reddy,ECE,8,3.43,50.05,1
104836,Sneha Patel,ECE,2,9.81,75.16,60
104835,Diya Kumar,ME,5,6.13,38.72,73
104834,Diya Kumar,EEE,6,8.76,12.41,23
104833,Isha Jha,CSE,1,6.91,17.27,62
104832,Aarav Singh,ME,5,5.62,18.88,95
104831,Aarav Joshi,CSE,2,1.89,80.35,33
104830,Kabir Sharma,EEE,2,4.06,91.87,46
104829,Aarav Rao,ME,8,0.21,79.0,24
104828,Ananya Jha,ECE,7,7.98,23.18,47
104827,Aditya Reddy,EEE,8,9.07,68.7,88
104826,Ananya Rao,CE,3,1.52,77.54,28
104825,Vikram Reddy,CSE,1,2.31,0.69,11
104824,Kabir Patel,ME,5,9.92,84.76,45
104823,Priya Jha,CE,2,9.89,80.7,25
104822,Rohan Reddy,EEE,4,3.8,75.31,99
104821,Sneha Kumar,ME,5,3.79,35.06,33
104820,Ananya Joshi,EEE,3,4.0,74.83,100
104819,Ananya Patel,CE,1,8.6,87.75,9
104818,Kabir Singh,CE,2,0.73,53.9,15
104817,Kabir Patel,CSE,6,4.39,54.41,90
104816,Sneha Joshi,ME,1,5.13,11.09,99
104815,Sneha Kumar,ECE,8,4.81,3.73,33
104814,Priya Jha,CSE,3,0.39,22.8,58
104813,Kabir Joshi,CE,8,9.44,26.57,50
104812,Priya Reddy,ME,8,3.64,31.12,53
104811,Diya Singh,ECE,4,5.32,3.25,88
104810,Priya Reddy,CE,4,5.48,48.9,50
104809,Vikram Sharma,ECE,5,5.19,16.51,96
104808,Kabir Kumar,ME,2,2.12,76.93,73
104807,Aditya Kumar,EEE,3,6.86,55.04,43
104806,Isha Kumar,EEE,1,8.41,49.29,18
104805,Kabir Joshi,EEE,4,6.23,65.11,31
104804,Priya Sharma,CE,6,8.9,77.83,37
104803,Kabir Sharma,EEE,7,1.98,18.26,38
104802,Sneha Joshi,CSE,1,5.8,86.66,8
104801,Priya Singh,CE,1,0.29,10.81,87
104800,Diya Reddy,CE,4,8.61,13.69,98
104799,Vikram Jha,CSE,1,3.45,60.75,51
104798,Isha Sharma,ECE,7,8.6,20.58,54
104797,Aditya Verma,CSE,1,3.15,88.88,96
104796,Priya Verma,CE,1,8.35,66.21,82
104795,Sneha Jha,ECE,4,0.75,37.73,95
104794,Vikram Kumar,CSE,8,4.54,75.11,19
104793,Vikram Sharma,CE,2,2.56,51.92,98
104792,Rohan Sharma,ECE,5,9.53,26.35,47
104791,Kabir Sharma,ME,1,1.12,72.22,100
104790,Diya Verma,EEE,2,8.88,79.32,61
104789,Ananya Jha,CSE,1,8.58,21.77,70
104788,Vikram Reddy,CE,1,9.92,97.38,91
104787,Vikram Joshi,ECE,2,4.42,15.16,97
104786,Diya Sharma,EEE,3,0.7,21.7,41
104785,Sneha Gupta,ECE,2,8.25,10.77,73
104784,Diya Sharma,EEE,2,5.78,67.74,38
104783,Ananya Patel,EEE,5,5.6,16.28,67
104782,Rohan Rao,CSE,4,5.03,99.39,5
104781,Isha Singh,ME,3,1.16,11.65,3
104780,Diya Reddy,ECE,8,4.28,41.6,23
104779,Kabir Joshi,ME,8,0.69,21.43,98
104778,Ananya Verma,ECE,5,7.41,72.99,29
104777,Priya Gupta,ME,5,4.07,8.63,76
104776,Aarav Sharma,ME,8,6.08,25.29,17
104775,Aarav Kumar,ECE,6,4.78,31.7,72
104774,Aarav Rao,ME,2,1.76,71.65,70
104773,Aarav Gupta,EEE,4,9.99,43.65,37
104772,Priya Gupta,CSE,3,7.38,28.45,36
104771,Aditya Gupta,ME,1,1.89,72.88,87
104770,Rohan Jha,CE,5,4.63,2.57,93
104769,Kabir Kumar,ECE,1,8.04,4.04,85
104768,Diya Gupta,CSE,5,8.32,37.43,37
104767,Aditya Joshi,ECE,2,3.94,31.33,8
104766,Sneha Gupta,ME,3,8.09,6.17,58
104765,Kabir Verma,EEE,4,6.24,94.21,88
104764,Vikram Gupta,EEE,2,4.43,30.04,46
104763,Sneha Sharma,ME,6,8.97,24.0,80
104762,Kabir Kumar,CE,6,5.68,61.16,47
104761,Sneha Rao,CE,6,4.63,91.65,85
104760,Isha Jha,ECE,8,0.71,31.88,48
104759,Kabir Singh,ME,7,4.58,12.93,83
104758,Aarav Joshi,CSE,2,3.66,21.85,58
104757,Aditya Rao,CSE,6,8.91,54.81,9
104756,Isha Verma,CE,3,5.44,24.78,54
104755,Aarav Singh,ECE,1,6.94,24.13,64
104754,Isha Reddy,CSE,6,2.06,8.51,91
104753,Kabir Kumar,EEE,5,9.59,42.17,4
104752,Isha Sharma,CSE,7,8.91,23.92,78
104751,Ananya Gupta,ME,6,3.52,46.52,88
104750,Kabir Reddy,CE,4,2.07,71.17,79
104749,Vikram Rao,CSE,5,9.64,27.85,85
104748,Kabir Reddy,CE,4,5.28,84.14,43
104747,Vikram Jha,EEE,2,3.6,58.38,81
104746,Priya Rao,CE,8,6.49,29.32,13
104745,Sneha Kumar,ME,5,9.08,52.12,92
104744,Aarav Patel,ECE,5,0.42,72.68,19
104743,Isha Singh,ECE,3,5.51,81.58,57
104742,Aditya Kumar,EEE,8,2.18,94.15,99
104741,Rohan Jha,CE,1,0.56,33.06,43
104740,Sneha Kumar,CE,4,3.42,42.53,24
104739,Aarav Reddy,ECE,4,8.24,26.6,81
104738,Isha Joshi,ECE,5,4.38,8.0,95
104737,Vikram Sharma,ECE,3,0.06,99.39,61
104736,Vikram Gupta,CE,6,1.86,14.4,59
104735,Vikram Patel,ECE,8,9.29,74.9,69
104734,Priya Gupta,CSE,4,8.67,94.46,66
104733,Priya Gupta,EEE,8,0.91,73.36,21
104732,Aditya Patel,CE,1,3.28,4.45,10
104731,Diya Patel,CE,5,1.76,50.15,20
104730,Aditya Joshi,CE,7,5.84,91.13,40
104729,Aditya Joshi,ECE,6,1.4,93.81,84
104728,Vikram Kumar,ME,2,5.23,2.87,80
104727,Sneha Rao,EEE,6,5.14,37.67,45
104726,Isha Joshi,CSE,7,4.16,31.89,38
104725,Rohan Verma,ECE,1,4.92,84.74,71
104724,Isha Kumar,CE,4,8.62,79.98,13
104723,Rohan Jha,CSE,7,6.36,16.2,38
104722,Rohan Gupta,CE,5,2.41,5.29,56
104721,Kabir Joshi,CSE,6,9.68,10.21,4
104720,Rohan Singh,CSE,8,0.28,41.89,78
104719,Vikram Verma,CSE,6,4.1,80.33,17
104718,Kabir Patel,CE,4,4.22,78.83,44
104717,Vikram Singh,EEE,1,1.11,84.03,67
104716,Rohan Jha,ME,2,9.88,58.14,32
104715,Diya Singh,CE,1,6.91,96.26,55
104714,Kabir Verma,ECE,5,0.04,91.81,17
104713,Isha Kumar,ME,5,3.29,25.8,57
104712,Aditya Joshi,EEE,8,5.9,54.18,59
104711,Diya Gupta,CE,8,8.64,83.89,79
104710,Isha Kumar,EEE,1,8.09,34.41,18
104709,Kabir Jha,ECE,2,2.62,7.85,23
104708,Rohan Rao,ECE,8,9.58,48.18,70
104707,Kabir Jha,ME,5,4.47,38.66,37
104706,Aditya Jha,EEE,2,7.18,14.09,8
104705,Rohan Sharma,ME,6,2.97,82.62,73
104704,Rohan Reddy,ME,3,3.46,96.78,63
104703,Isha Singh,ME,1,8.78,3.99,19
104702,Priya Kumar,EEE,7,1.18,66.6,6
104701,Vikram Joshi,EEE,6,5.96,81.85,9
104700,Aarav Joshi,ME,2,9.62,25.03,86
104699,Rohan Jha,EEE,2,0.97,11.66,88
104698,Aditya Reddy,ECE,3,2.58,76.49,40
104697,Sneha Jha,ME,5,3.31,56.49,73
104696,Aarav Singh,ME,7,1.71,73.45,86
104695,Aditya Joshi,CSE,5,2.73,61.23,65
104694,Kabir Rao,CSE,6,5.21,61.54,50
104693,Aarav Joshi,ME,6,4.96,8.84,58
104692,Diya Jha,CE,2,7.44,90.05,98
104691,Priya Jha,CE,7,7.42,77.14,87
104690,Sneha Verma,ECE,4,4.59,78.1,78
104689,Sneha Singh,CE,5,0.39,79.33,87
104688,Diya Patel,ECE,1,2.81,40.45,14
104687,Kabir Patel,ECE,6,1.51,66.31,87
104686,Sneha Singh,EEE,7,3.21,86.71,57
104685,Isha Kumar,EEE,8,2.69,46.07,88
104684,Diya Gupta,CSE,2,0.12,67.46,79
104683,Kabir Rao,CE,3,6.86,93.03,29
104682,Sneha Sharma,ECE,1,3.72,14.86,85
104681,Aarav Sharma,CE,1,8.15,49.64,94
104680,Vikram Verma,CSE,6,9.74,9.16,73
104679,Diya Kumar,CE,7,4.53,15.17,37
104678,Isha Patel,CSE,5,2.26,42.46,70
104677,Rohan Sharma,CE,8,6.49,72.45,7
104676,Ananya Jha,CSE,7,4.86,89.84,46
104675,Aditya Patel,EEE,1,5.22,0.28,89
104674,Kabir Verma,CE,1,0.85,60.39,78
104673,Kabir Gupta,EEE,6,2.38,37.31,87
104672,Ananya Gupta,CE,4,8.98,88.01,97
104671,Vikram Reddy,ME,8,9.69,57.72,47
104670,Vikram Joshi,EEE,1,7.95,7.43,82
104669,Priya Jha,CSE,7,0.33,38.72,91
104668,Vikram Verma,CE,5,1.2,2.68,43
104667,Rohan Reddy,EEE,1,7.96,13.63,18
104666,Vikram Verma,ECE,8,9.53,15.32,39
104665,Diya Patel,CE,6,4.79,45.81,6
104664,Isha Jha,EEE,5,0.14,0.36,89
104663,Rohan Kumar,CE,4,4.53,46.58,32
104662,Aarav Reddy,ME,8,1.56,62.76,43
104661,Kabir Jha,CE,1,8.45,41.7,88
104660,Kabir Reddy,CE,6,5.03,32.4,94
104659,Aarav Verma,ECE,7,9.76,55.34,37
104658,Vikram Singh,ECE,3,6.93,51.86,88
104657,Aditya Joshi,CE,3,8.91,93.35,7
104656,Rohan Jha,CSE,6,2.86,55.97,62
104655,Rohan Gupta,EEE,4,6.52,44.45,35
104654,Ananya Gupta,ECE,7,0.42,5.57,71
104653,Diya Gupta,CSE,1,8.5,22.43,61
104652,Priya Rao,CSE,3,5.78,37.79,83
104651,Ananya Reddy,ECE,2,5.51,19.36,30
104650,Kabir Rao,CSE,8,4.36,47.56,20
104649,Ananya Gupta,CSE,1,2.07,84.83,32
104648,Diya Sharma,CE,8,0.24,72.13,43
104647,Diya Jha,ME,6,6.77,40.04,58
104646,Vikram Rao,CSE,3,9.47,18.38,7
104645,Aditya Gupta,ECE,7,5.66,72.09,18
104644,Diya Rao,CSE,5,6.78,41.11,3
104643,Kabir Singh,ECE,3,4.88,85.78,24
104642,Vikram Sharma,CE,8,4.87,53.89,86
104641,Diya Kumar,CSE,3,9.7,21.22,42
104640,Priya Sharma,ME,6,3.7,81.13,43
104639,Aarav Kumar,CE,5,2.83,55.75,45
104638,Ananya Gupta,ECE,3,9.06,54.1,30
104637,Rohan Jha,CSE,7,3.25,43.76,51
104636,Rohan Verma,EEE,4,9.27,59.71,81
104635,Kabir Kumar,EEE,5,7.99,79.92,14
104634,Vikram Verma,CE,5,0.74,41.81,39
104633,Sneha Kumar,CE,1,9.13,14.88,5
104632,Vikram Rao,ME,1,5.85,71.04,40
104631,Priya Gupta,ECE,4,2.68,48.73,37
104630,Sneha Verma,ME,8,1.56,59.42,6
104629,Vikram Kumar,ECE,3,4.59,31.36,85
104628,Aditya Kumar,CSE,3,2.24,76.5,17
104627,Aarav Singh,ECE,7,5.82,60.4,16
104626,Rohan Gupta,ECE,4,7.15,50.1,36
104625,Sneha Sharma,CSE,8,5.08,21.79,74
104624,Isha Jha,CE,2,8.8,68.61,24
104623,Aarav Jha,ECE,1,9.96,65.22,12
104622,Ananya Reddy,CE,5,9.96,21.81,39
104621,Aditya Singh,CE,6,4.17,98.62,70
104620,Aarav Jha,EEE,7,3.64,85.51,57
104619,Priya Rao,EEE,6,9.55,63.68,72
104618,Vikram Sharma,ME,4,3.41,65.23,65
104617,Kabir Singh,ME,8,8.3,99.35,13
104616,Diya Gupta,CE,3,3.86,77.12,43
104615,Kabir Patel,ME,2,8.5,4.32,51
104614,Diya Patel,ME,6,4.63,90.07,84
104613,Aarav Sharma,CE,4,4.96,28.46,74
104612,Priya Rao,CE,7,6.97,5.11,72
104611,Diya Joshi,CE,2,5.46,76.7,99
104610,Aditya Kumar,ECE,6,7.34,96.32,71
104609,Vikram Sharma,ECE,4,5.21,48.58,69
104608,Diya Jha,EEE,3,4.67,63.34,42
104607,Kabir Reddy,CSE,2,7.48,73.05,73
104606,Ananya Gupta,EEE,4,0.07,98.84,63
104605,Vikram Sharma,CSE,4,2.72,43.26,95
104604,Rohan Gupta,CSE,4,2.01,70.93,76
104603,Aditya Rao,CE,1,7.98,10.9,44
104602,Ananya Verma,CE,1,5.49,97.89,45
104601,Isha Reddy,ECE,8,8.74,32.51,87
104600,Ananya Singh,CE,4,0.18,30.55,42
104599,Diya Reddy,CE,6,4.45,59.96,11
104598,Kabir Kumar,EEE,3,0.45,73.65,45
104597,Kabir Gupta,ECE,4,3.68,70.25,88
104596,Aditya Joshi,CSE,8,1.18,54.36,8
104595,Kabir Joshi,EEE,1,9.69,1.99,45
104594,Aditya Joshi,EEE,3,4.02,22.1,56
104593,Rohan Kumar,ME,7,8.35,46.3,90
104592,Priya Rao,ME,1,7.72,8.69,42
104591,Kabir Jha,CE,3,9.38,74.62,86
104590,Kabir Singh,ME,5,7.4,95.46,91
104589,Sneha Joshi,EEE,4,9.84,64.79,81
104588,Rohan Singh,ECE,3,6.61,97.96,6
104587,Ananya Singh,CSE,6,8.36,70.83,47
104586,Sneha Sharma,EEE,7,6.15,97.82,53
104585,Rohan Joshi,CSE,3,2.96,11.9,0
104584,Ananya Jha,CE,5,1.43,94.54,88
104583,Aditya Patel,ME,6,5.52,9.99,93
104582,Vikram Verma,CE,7,2.64,46.43,3
104581,Priya Sharma,ME,6,2.78,25.27,2
104580,Vikram Rao,CE,8,7.27,30.55,31
104579,Ananya Reddy,CE,4,1.24,84.02,100
104578,Diya Verma,CE,3,8.49,56.03,77
104577,Kabir Gupta,ME,4,9.96,33.09,26
104576,Sneha Sharma,ECE,4,0.03,90.44,85
104575,Aarav Singh,CE,1,9.96,13.46,30
104574,Kabir Gupta,ECE,7,8.77,20.8,6
104573,Ananya Sharma,EEE,2,6.18,68.86,98
104572,Sneha Kumar,ME,2,6.84,1.95,46
104571,Diya Reddy,ECE,7,3.26,15.7,93
104570,Aditya Jha,ME,2,4.37,71.65,62
104569,Aarav Verma,EEE,8,8.45,55.04,17
104568,Vikram Kumar,ME,6,1.49,0.27,17
104567,Ananya Sharma,CE,4,0.83,63.67,29
104566,Aditya Gupta,EEE,8,2.23,90.91,21
104565,Vikram Singh,CSE,3,5.78,16.61,32
104564,Rohan Singh,ECE,1,7.96,54.3,46
104563,Isha Reddy,CSE,2,1.6,94.81,37
104562,Aarav Singh,EEE,7,1.48,35.51,83
104561,Ananya Verma,CE,4,9.88,96.32,58
104560,Ananya Rao,ECE,5,7.2,26.94,10
104559,Priya Rao,ME,8,8.53,31.58,44
104558,Diya Rao,CE,8,7.7,72.15,73
104557,Ananya Joshi,CSE,3,6.22,34.47,79
104556,Vikram Reddy,CSE,4,1.46,32.4,38
104555,Kabir Reddy,ECE,8,1.68,41.25,92
104554,Aarav Gupta,ME,2,6.88,1.58,93
104553,Diya Sharma,CE,3,7.8,53.06,78
104552,Aditya Jha,CE,2,8.41,31.73,44
104551,Aarav Reddy,ME,1,6.05,51.97,41
104550,Aditya Verma,CSE,2,3.09,97.11,28
104549,Aditya Patel,ECE,7,7.67,72.96,55
104548,Sneha Gupta,EEE,7,7.62,25.81,87
104547,Kabir Rao,EEE,6,8.46,16.54,23
104546,Isha Verma,ECE,7,8.88,24.04,74
104545,Rohan Kumar,ECE,3,8.86,63.51,51
104544,Priya Gupta,ECE,2,7.13,73.42,84
104543,Diya Rao,CSE,7,8.48,43.45,1
104542,Vikram Rao,ECE,7,5.07,31.69,80
104541,Priya Sharma,ECE,4,4.13,76.46,88
104540,Ananya Joshi,CE,5,1.22,38.44,81
104539,Rohan Verma,EEE,3,8.79,2.1,27
104538,Priya Reddy,ME,6,7.25,7.02,17
104537,Aarav Patel,ME,2,4.94,88.9,59
104536,Aditya Reddy,CE,3,1.97,93.22,9
104535,Vikram Rao,EEE,1,7.64,68.66,90
104534,Aarav Joshi,EEE,3,6.55,19.32,38
104533,Diya Joshi,CSE,3,9.48,85.54,0
104532,Ananya Rao,CE,4,5.62,78.78,98
104531,Ananya Verma,CSE,2,8.18,42.41,53
104530,Aarav Kumar,CSE,3,3.89,5.36,6
104529,Aditya Reddy,CE,3,3.62,12.61,83
104528,Priya Patel,ECE,8,6.96,98.22,92
104527,Sneha Kumar,CE,1,8.47,23.08,91
104526,Priya Rao,EEE,8,0.16,93.87,84
104525,Aditya Rao,ECE,6,7.5,39.31,51
104524,Ananya Reddy,ECE,6,0.24,69.75,75
104523,Ananya Jha,ECE,6,4.63,12.53,91
104522,Diya Reddy,CE,1,4.3,36.53,71
104521,Ananya Singh,ME,4,7.91,89.45,61
104520,Diya Gupta,CE,7,5.53,66.38,33
104519,Aditya Kumar,EEE,7,8.58,96.97,31
104518,Kabir Joshi,CE,3,9.29,19.61,95
104517,Isha Singh,EEE,5,7.63,69.45,19
104516,Priya Reddy,CSE,8,6.48,45.64,13
104515,Diya Rao,EEE,3,3.85,40.42,44
104514,Priya Kumar,ECE,1,8.76,75.71,39
104513,Rohan Singh,EEE,2,4.8,67.97,27
104512,Aditya Patel,EEE,7,9.85,92.56,47
104511,Diya Reddy,CE,5,2.27,23.33,84
104510,Kabir Patel,ME,2,9.45,81.02,42
104509,Diya Reddy,CSE,1,2.78,2.36,11
104508,Isha Joshi,CSE,2,9.32,7.39,13
104507,Isha Kumar,EEE,5,5.96,80.89,4
104506,Isha Sharma,CSE,8,4.86,95.58,28
104505,Aarav Singh,CE,2,0.25,5.36,58
104504,Vikram Rao,EEE,5,5.09,51.68,59
104503,Kabir Jha,ME,7,4.64,30.03,71
104502,Sneha Singh,CE,1,3.88,28.86,7
104501,Aditya Rao,CE,6,2.95,78.68,21
104500,Isha Reddy,ECE,2,6.85,3.62,3
104499,Isha Kumar,ECE,2,7.03,55.65,44
104498,Kabir Verma,CSE,7,0.17,16.78,97
104497,Ananya Singh,CE,5,0.89,81.58,51
104496,Diya Joshi,CE,1,6.04,22.97,77
104495,Aarav Singh,ECE,8,2.66,61.82,74
104494,Sneha Jha,EEE,5,7.91,45.5,34
104493,Vikram Patel,ME,8,1.25,76.46,58
104492,Isha Joshi,ECE,2,0.22,10.46,45
104491,Kabir Sharma,CE,8,1.0,66.06,64
104490,Kabir Patel,CE,1,5.02,41.41,73
104489,Priya Gupta,ME,2,4.45,58.72,0
104488,Aditya Verma,ME,1,9.49,34.18,10
104487,Ananya Patel,CSE,4,7.56,51.57,14
104486,Aditya Joshi,ECE,5,0.63,4.53,33
104485,Rohan Kumar,CE,3,8.88,72.63,52
104484,Ananya Joshi,EEE,2,8.31,81.46,78
104483,Vikram Sharma,CE,2,0.25,45.42,100
104482,Diya Verma,ME,2,6.04,24.85,73
104481,Priya Verma,CSE,1,6.95,38.03,48
104480,Ananya Singh,CE,4,4.62,30.02,5
104479,Kabir Joshi,ECE,5,5.37,83.64,24
104478,Sneha Joshi,ME,5,3.03,1.48,20
104477,Vikram Singh,CE,2,3.26,47.36,78
104476,Aditya Patel,ME,8,6.35,3.36,71
104475,Aarav Joshi,CSE,3,2.18,12.71,67
104474,Ananya Joshi,ECE,1,3.37,41.28,55
104473,Rohan Kumar,CSE,6,5.19,73.66,33
104472,Kabir Sharma,ME,7,7.44,45.16,13
104471,Vikram Sharma,CSE,3,1.27,3.74,28
104470,Diya Reddy,ECE,3,3.37,45.23,41
104469,Vikram Gupta,EEE,8,6.93,35.92,66
104468,Ananya Jha,EEE,7,3.14,27.15,96
104467,Kabir Rao,ECE,1,4.92,97.37,35
104466,Aarav Sharma,CSE,2,2.91,31.29,78
104465,Priya Sharma,ECE,5,2.49,21.98,85
104464,Isha Singh,EEE,8,1.35,37.75,50
104463,Aditya Sharma,EEE,4,5.68,49.6,80
104462,Sneha Kumar,CSE,1,9.97,29.58,4
104461,Rohan Patel,CSE,3,9.54,95.53,37
104460,Ananya Kumar,ME,8,6.73,1.26,13
104459,Ananya Reddy,CE,8,1.08,78.28,53
104458,Priya Jha,CE,8,7.95,1.84,25
104457,Aarav Gupta,ME,6,4.29,75.84,27
104456,Ananya Joshi,CSE,8,2.1,93.2,2
104455,Diya Kumar,CE,4,9.97,24.89,96
104454,Ananya Verma,CE,5,3.54,4.54,85
104453,Vikram Jha,ME,2,8.68,33.76,62
104452,Isha Patel,EEE,1,9.44,37.89,65
104451,Diya Joshi,ECE,7,4.61,7.94,49
104450,Diya Rao,EEE,6,1.03,25.53,36
104449,Aditya Singh,CSE,7,6.04,95.23,66
104448,Aarav Jha,EEE,4,7.27,71.19,3
104447,Kabir Jha,ECE,4,4.58,35.17,36
104446,Rohan Jha,ECE,1,7.24,98.35,14
104445,Aditya Gupta,CE,8,1.76,3.43,61
104444,Sneha Sharma,EEE,7,3.34,40.03,71
104443,Aditya Kumar,CSE,6,9.33,93.1,5
104442,Ananya Reddy,ECE,2,4.08,50.83,90
104441,Ananya Joshi,EEE,4,0.38,79.92,50
104440,Priya Rao,ECE,8,8.31,52.44,71
104439,Aarav Verma,ME,7,7.33,84.96,93
104438,Priya Reddy,CSE,1,7.45,59.29,13
104437,Vikram Rao,CE,8,8.77,30.61,87
104436,Sneha Rao,EEE,7,5.01,35.85,83
104435,Aarav Jha,CE,2,3.13,28.92,7
104434,Aditya Kumar,CE,4,3.16,0.93,99
104433,Vikram Verma,CE,3,8.45,7.44,85
104432,Rohan Joshi,ECE,5,4.1,1.74,100
104431,Sneha Kumar,CE,2,8.94,39.23,29
104430,Ananya Rao,CE,2,3.33,49.72,96
104429,Sneha Sharma,ME,4,7.29,31.01,32
104428,Isha Joshi,CSE,2,8.44,82.23,93
104427,Sneha Kumar,CSE,3,3.21,51.07,4
104426,Kabir Kumar,CE,5,0.71,59.37,20
104425,Aarav Rao,ME,1,2.73,15.23,82
104424,Aarav Jha,CSE,6,9.47,32.43,63
104423,Ananya Reddy,CSE,3,2.49,13.21,12
104422,Priya Jha,ECE,1,2.42,34.68,41
104421,Rohan Patel,CE,5,0.22,57.01,47
104420,Priya Sharma,ECE,4,4.23,10.15,22
104419,Priya Singh,CSE,8,2.32,34.04,80
104418,Sneha Jha,ECE,4,8.27,82.6,12
104417,Diya Gupta,ME,3,5.13,55.79,28
104416,Diya Sharma,ME,6,8.54,73.93,85
104415,Priya Rao,ECE,5,9.56,68.39,51
104414,Aarav Reddy,CE,6,8.11,26.76,73
104413,Priya Verma,CE,8,5.99,72.41,95
104412,Sneha Kumar,ME,1,7.14,28.41,82
104411,Kabir Patel,ECE,8,5.03,24.94,94
104410,Aarav Reddy,ME,8,4.07,86.47,82
104409,Priya Gupta,EEE,1,5.75,70.32,81
104408,Rohan Patel,CE,4,4.03,1.06,92
104407,Ananya Kumar,ECE,1,7.9,16.62,98
104406,Sneha Rao,CE,7,9.12,48.13,61
104405,Kabir Jha,ME,3,1.58,53.87,31
104404,Kabir Gupta,EEE,4,2.17,33.0,67
104403,Isha Kumar,CE,1,8.79,63.41,66
104402,Ananya Jha,ECE,3,3.96,91.14,33
104401,Aarav Verma,ME,3,4.67,10.87,90
104400,Diya Singh,CSE,2,7.18,26.84,80
104399,Rohan Kumar,ME,3,9.23,22.08,100
104398,Kabir Gupta,CE,7,6.95,96.9,17
104397,Diya Verma,CE,6,4.83,47.79,16
104396,Diya Reddy,CSE,1,7.21,56.76,1
104395,Priya Patel,EEE,1,6.41,12.54,60
104394,Priya Joshi,CSE,3,6.13,57.14,97
104393,Sneha Jha,CSE,6,9.04,75.27,39
104392,Sneha Patel,EEE,8,5.19,16.48,48
104391,Isha Jha,ECE,5,2.97,63.54,25
104390,Diya Jha,CE,4,7.6,64.58,90
104389,Sneha Rao,CSE,4,6.93,17.78,83
104388,Kabir Joshi,CE,4,5.83,15.85,16
104387,Sneha Jha,ME,2,9.95,96.32,23
104386,Isha Verma,ME,3,9.74,90.4,59
104385,Sneha Kumar,CSE,2,4.29,21.1,77
104384,Isha Rao,ME,3,5.93,10.31,68
104383,Diya Jha,CSE,5,5.75,85.1,96
104382,Ananya Joshi,ECE,6,1.26,22.68,19
104381,Rohan Sharma,EEE,3,3.5,57.15,5
104380,Sneha Sharma,CSE,7,4.96,98.12,61
104379,Kabir Joshi,ME,2,6.21,46.03,12
104378,Sneha Jha,EEE,3,2.29,40.13,9
104377,Aditya Singh,CE,1,4.26,79.56,33
104376,Priya Sharma,EEE,6,5.08,49.34,30
104375,Vikram Sharma,CE,6,2.92,54.29,24
104374,Isha Patel,ME,3,8.25,22.98,92
104373,Sneha Sharma,CSE,6,1.71,68.09,73
104372,Rohan Verma,CSE,5,4.06,13.16,59
104371,Kabir Kumar,ME,2,3.98,52.98,79
104370,Aarav Gupta,ECE,1,0.82,88.74,46
104369,Aarav Gupta,EEE,8,3.12,68.48,19
104368,Rohan Joshi,EEE,1,4.71,1.94,10
104367,Diya Reddy,ME,5,1.15,0.83,24
104366,Diya Kumar,CE,3,5.76,11.31,85
104365,Aditya Jha,ECE,2,2.52,15.75,39
104364,Diya Rao,ECE,8,5.66,77.67,20
104363,Aarav Verma,EEE,6,5.6,96.45,26
104362,Diya Gupta,ECE,2,2.49,7.52,61
104361,Aditya Joshi,CE,7,0.27,18.04,29
104360,Rohan Kumar,ME,1,4.8,85.96,54
104359,Aditya Sharma,ME,4,9.74,41.02,38
104358,Aditya Sharma,ME,3,3.62,96.31,18
104357,Kabir Joshi,CE,6,2.45,11.64,74
104356,Aarav Reddy,ME,5,5.31,82.8,43
104355,Ananya Gupta,EEE,6,2.42,71.54,6
104354,Priya Kumar,CE,7,3.23,14.06,39
104353,Diya Patel,ECE,1,3.99,34.38,16
104352,Kabir Reddy,CSE,7,8.14,88.96,48
104351,Priya Sharma,ECE,4,6.17,92.91,32
104350,Aarav Reddy,EEE,3,2.87,16.4,24
104349,Priya Kumar,CSE,3,5.54,41.94,23
104348,Diya Gupta,CE,2,6.7,8.54,56
104347,Isha Sharma,ECE,7,1.44,22.28,59
104346,Aarav Rao,CE,8,8.9,43.9,47
104345,Vikram Verma,ECE,3,9.31,78.18,60
104344,Vikram Sharma,CE,7,7.24,72.89,23
104343,Priya Rao,CSE,5,9.57,38.02,44
104342,Priya Patel,EEE,6,2.68,98.9,3
104341,Isha Gupta,EEE,8,1.52,38.74,73
104340,Kabir Jha,ME,5,6.74,35.11,43
104339,Ananya Verma,CSE,8,9.53,57.61,50
104338,Diya Kumar,EEE,5,8.03,41.36,15
104337,Aarav Kumar,ME,3,4.84,45.5,99
104336,Kabir Jha,ECE,2,5.41,99.08,49
104335,Aarav Patel,EEE,5,8.97,85.88,75
104334,Isha Kumar,CE,5,9.95,34.03,99
104333,Aarav Singh,ECE,3,2.64,79.12,95
104332,Diya Jha,ECE,2,6.39,47.24,30
104331,Aarav Sharma,CE,5,2.24,32.46,83
104330,Ananya Joshi,CE,7,4.58,86.57,55
104329,Aditya Rao,ME,4,2.39,38.52,33
104328,Aarav Kumar,CSE,7,2.53,80.92,97
104327,Diya Patel,CSE,3,2.54,93.29,48
104326,Aarav Singh,CSE,6,4.11,45.19,7
104325,Diya Jha,CSE,8,9.29,8.14,62
104324,Aditya Rao,CE,1,9.32,33.89,97
104323,Aarav Verma,ECE,4,1.89,57.14,47
104322,Priya Kumar,CSE,1,8.76,73.44,38
104321,Sneha Verma,CE,5,3.38,25.37,73
104320,Aditya Patel,ECE,2,0.04,36.21,30
104319,Rohan Rao,ECE,4,7.73,36.81,29
104318,Aarav Joshi,EEE,8,3.67,27.63,1
104317,Sneha Gupta,CE,1,1.41,11.31,73
104316,Priya Verma,EEE,4,6.38,39.8,17
104315,Vikram Jha,CSE,8,2.77,11.79,42
104314,Aditya Rao,CSE,4,3.97,54.48,74
104313,Ananya Rao,CE,1,1.23,6.92,47
104312,Aarav Rao,CE,1,2.29,13.07,84
104311,Priya Rao,CSE,7,7.85,25.02,72
104310,Diya Rao,CSE,7,0.37,71.79,87
104309,Kabir Kumar,CE,5,6.15,46.73,13
104308,Diya Singh,CSE,4,8.86,67.13,49
104307,Aditya Reddy,EEE,1,6.57,10.3,49
104306,Vikram Gupta,CSE,8,1.47,28.19,67
104305,Diya Kumar,CSE,8,4.21,48.28,8
104304,Vikram Verma,EEE,4,7.75,37.72,94
104303,Isha Jha,CSE,1,9.91,66.14,61
104302,Priya Sharma,EEE,8,8.78,39.49,37
104301,Ananya Gupta,CE,3,5.42,91.14,1
104300,Priya Singh,ECE,6,2.67,5.97,12
104299,Vikram Gupta,ECE,1,9.46,26.1,66
104298,Aditya Patel,CSE,5,8.62,93.91,33
104297,Aditya Verma,EEE,4,4.45,95.12,54
104296,Aditya Sharma,ME,3,0.58,55.26,82
104295,Ananya Joshi,ME,2,2.14,92.14,24
104294,Rohan Kumar,ME,5,2.86,7.64,66
104293,Sneha Jha,ME,5,3.78,37.23,27
104292,Aditya Rao,ECE,6,8.1,86.51,50
104291,Sneha Gupta,CE,2,9.23,58.56,82
104290,Rohan Gupta,ECE,3,0.76,62.66,21
104289,Ananya Gupta,EEE,7,4.29,58.33,11
104288,Rohan Reddy,ECE,8,8.1,94.6,90
104287,Sneha Joshi,ECE,7,8.24,51.37,43
104286,Aarav Sharma,CE,4,8.05,77.42,55
104285,Vikram Jha,CSE,5,5.2,2.23,90
104284,Vikram Reddy,ECE,6,4.8,77.19,72
104283,Isha Patel,ECE,8,6.35,97.56,29
104282,Sneha Verma,ECE,1,0.74,18.96,77
104281,Aditya Joshi,ECE,5,7.79,96.7,29
104280,Aditya Rao,CE,1,4.89,45.45,17
104279,Priya Reddy,CE,4,3.68,67.38,45
104278,Sneha Rao,ECE,7,4.45,67.69,45
104277,Aditya Kumar,ME,2,3.98,70.36,14
104276,Kabir Rao,CSE,8,5.43,70.07,22
104275,Aarav Verma,CE,1,9.4,46.0,82
104274,Ananya Sharma,CSE,8,3.48,67.78,84
104273,Vikram Sharma,CSE,8,0.25,60.85,49
104272,Sneha Sharma,EEE,4,4.99,28.34,91
104271,Isha Singh,ME,2,5.56,71.36,73
104270,Diya Jha,CSE,5,7.3,49.27,75
104269,Kabir Jha,CSE,5,0.18,10.18,51
104268,Kabir Verma,ECE,7,1.68,21.34,94
104267,Ananya Reddy,CE,1,1.55,89.79,67
104266,Sneha Jha,EEE,5,8.33,36.21,64
104265,Sneha Kumar,ME,1,8.34,67.42,74
104264,Isha Singh,EEE,6,1.52,86.07,68
104263,Isha Patel,CSE,7,5.34,87.55,47
104262,Sneha Reddy,ME,2,2.23,27.04,93
104261,Aditya Jha,ECE,3,3.52,36.53,64
104260,Diya Patel,ECE,2,8.19,65.93,88
104259,Ananya Kumar,ME,8,4.55,22.87,36
104258,Diya Jha,CE,2,9.94,66.4,14
104257,Isha Reddy,ECE,5,8.65,34.58,46
104256,Rohan Sharma,EEE,5,7.68,85.86,6
104255,Isha Jha,CSE,6,8.6,80.07,22
104254,Diya Patel,ECE,5,2.23,76.58,68
104253,Vikram Kumar,EEE,1,4.81,36.16,38
104252,Aditya Kumar,EEE,8,2.72,44.49,44
104251,Kabir Rao,EEE,3,5.2,67.3,31
104250,Ananya Patel,EEE,3,3.39,67.22,54
104249,Sneha Kumar,CSE,3,5.73,68.8,38
104248,Isha Kumar,CSE,2,6.07,6.47,61
104247,Kabir Reddy,CSE,8,5.61,77.68,2
104246,Vikram Patel,ECE,6,3.98,64.13,34
104245,Sneha Kumar,EEE,3,0.89,15.87,23
104244,Sneha Singh,EEE,4,8.61,67.36,58
104243,Aditya Kumar,CSE,3,9.81,87.95,45
104242,Aditya Kumar,CE,8,7.39,92.55,19
104241,Vikram Patel,EEE,2,1.07,69.09,90
104240,Vikram Gupta,CE,3,0.48,33.28,26
104239,Rohan Reddy,CSE,7,4.85,26.73,95
104238,Sneha Patel,ME,7,8.81,34.51,74
104237,Sneha Joshi,CE,7,9.87,48.6,44
104236,Aditya Sharma,CSE,6,8.7,43.86,30
104235,Aditya Sharma,ME,1,7.94,19.65,38
104234,Diya Joshi,ME,7,6.55,4.93,10
104233,Priya Patel,EEE,3,4.8,41.02,6
104232,Rohan Patel,ECE,3,5.24,75.93,95
104231,Priya Sharma,CSE,6,5.76,65.22,19
104230,Diya Singh,ME,3,0.61,11.03,100
104229,Diya Reddy,CE,7,2.38,72.26,6
104228,Sneha Kumar,CSE,6,7.79,43.58,14
104227,Diya Jha,CE,5,3.35,26.82,52
104226,Vikram Jha,ME,2,8.39,65.19,78
104225,Ananya Patel,EEE,7,6.84,98.28,20
104224,Diya Jha,ME,8,9.65,8.7,87
104223,Isha Kumar,ME,6,6.0,15.86,64
104222,Isha Kumar,ECE,2,2.31,63.62,10
104221,Aditya Singh,CE,5,7.34,57.45,73
104220,Isha Reddy,CE,1,6.11,39.92,41
104219,Aditya Joshi,ME,7,5.35,29.8,54
104218,Ananya Joshi,ECE,3,2.45,20.97,55
104217,Aditya Gupta,ECE,3,7.17,90.11,97
104216,Vikram Kumar,CE,3,5.93,16.68,99
104215,Aarav Joshi,ME,7,8.15,52.87,98
104214,Aarav Rao,ME,4,1.26,73.02,63
104213,Priya Rao,ME,2,9.57,40.88,27
104212,Isha Rao,CSE,6,2.33,44.05,71
104211,Diya Patel,ME,2,5.89,75.35,33
104210,Ananya Patel,EEE,6,7.3,56.01,91
104209,Kabir Jha,CSE,1,2.14,1.67,42
104208,Priya Joshi,CE,1,9.22,48.2,75
104207,Vikram Gupta,ECE,1,8.85,99.23,93
104206,Vikram Kumar,CE,4,0.74,38.94,6
104205,Rohan Singh,EEE,8,5.31,92.67,56
104204,Priya Sharma,CSE,7,3.29,84.1,55
104203,Ananya Joshi,EEE,6,4.36,96.29,33
104202,Kabir Jha,CE,6,0.42,57.96,32
104201,Rohan Patel,CSE,7,7.83,84.72,61
104200,Aditya Reddy,CSE,7,0.44,55.24,22
104199,Rohan Sharma,ME,1,7.06,14.74,80
104198,Aditya Jha,CSE,3,6.1,8.84,42
104197,Kabir Joshi,ME,8,7.35,25.41,24
104196,Priya Gupta,ECE,1,0.47,64.54,59
104195,Sneha Jha,ECE,3,5.51,45.59,90
104194,Ananya Sharma,CSE,6,5.69,13.92,81
104193,Rohan Sharma,EEE,4,6.31,49.66,90
104192,Sneha Reddy,ECE,7,8.36,56.85,48
104191,Aditya Gupta,CE,3,1.52,8.37,63
104190,Aditya Gupta,ECE,5,1.34,74.01,51
104189,Vikram Rao,CSE,1,0.59,75.38,89
104188,Ananya Sharma,CE,2,9.18,74.82,82
104187,Kabir Kumar,ECE,1,4.17,68.44,79
104186,Aditya Gupta,EEE,2,1.41,93.88,76
104185,Vikram Reddy,ECE,5,3.26,88.63,15
104184,Diya Reddy,ME,5,6.64,31.29,58
104183,Isha Jha,EEE,2,6.72,9.98,6
104182,Sneha Singh,CSE,4,0.59,30.73,1
104181,Priya Verma,ME,6,3.62,84.9,8
104180,Priya Patel,CSE,2,2.96,40.16,25
104179,Aarav Rao,CSE,3,0.63,31.44,60
104178,Diya Kumar,EEE,8,7.45,24.22,97
104177,Kabir Gupta,EEE,3,3.12,15.7,88
104176,Aarav Singh,EEE,2,8.19,86.61,24
104175,Diya Singh,ME,2,5.48,71.65,5
104174,Vikram Jha,ME,3,2.15,20.55,12
104173,Rohan Joshi,CE,6,3.61,51.88,14
104172,Diya Rao,CSE,5,7.06,67.74,9
104171,Aditya Kumar,ECE,2,4.89,60.23,43
104170,Vikram Kumar,EEE,2,3.49,95.09,67
104169,Aditya Singh,CSE,3,3.55,37.39,34
104168,Kabir Verma,ECE,2,9.69,91.87,9
104167,Aditya Reddy,CE,5,9.26,86.45,61
104166,Rohan Singh,EEE,8,6.45,83.83,10
104165,Aarav Singh,ME,5,2.82,1.67,95
104164,Sneha Gupta,ME,8,2.99,30.24,16
104163,Priya Joshi,EEE,2,2.53,73.32,64
104162,Vikram Reddy,CSE,5,4.85,45.11,31
104161,Ananya Patel,CSE,6,0.67,87.57,68
104160,Sneha Patel,CE,4,6.23,42.23,19
104159,Priya Sharma,ECE,3,4.96,90.83,2
104158,Aditya Rao,CSE,5,7.18,70.14,88
104157,Rohan Kumar,CE,6,9.78,58.62,2
104156,Vikram Reddy,CE,3,7.08,1.58,47
104155,Vikram Joshi,CE,1,2.81,46.16,74
104154,Ananya Patel,ME,8,4.49,92.33,65
104153,Sneha Joshi,ECE,8,7.88,27.67,54
104152,Diya Rao,CE,6,9.94,8.68,13
104151,Sneha Reddy,CSE,2,6.0,76.54,64
104150,Ananya Verma,CSE,4,8.15,58.49,96
104149,Aarav Sharma,ME,8,0.29,99.95,94
104148,Rohan Reddy,CE,1,6.31,91.54,85
104147,Vikram Kumar,ECE,6,9.54,91.38,86
104146,Rohan Singh,ME,5,3.43,52.53,42
104145,Diya Patel,CSE,7,3.73,35.71,64
104144,Aarav Rao,EEE,1,7.89,64.33,5
104143,Ananya Verma,ME,8,7.67,65.17,26
104142,Isha Kumar,CSE,5,5.97,35.07,38
104141,Kabir Sharma,ME,3,0.23,86.66,53
104140,Kabir Sharma,ECE,8,3.89,41.99,60
104139,Sneha Gupta,EEE,6,8.48,44.61,58
104138,Sneha Rao,ME,5,6.5,94.09,64
104137,Aarav Joshi,EEE,8,8.14,26.5,63
104136,Vikram Gupta,CE,4,9.43,44.45,40
104135,Isha Patel,ME,6,4.61,88.61,22
104134,Vikram Verma,CE,1,4.48,21.98,15
104133,Ananya Joshi,CSE,3,1.96,37.08,86
104132,Kabir Reddy,EEE,7,7.47,71.87,29
104131,Vikram Singh,ME,5,6.8,21.13,76
104130,Aarav Singh,CE,6,4.15,5.16,24
104129,Sneha Gupta,CE,8,3.5,37.6,60
104128,Sneha Verma,EEE,4,0.02,29.39,64
104127,Ananya Sharma,CSE,3,4.39,57.81,76
104126,Aarav Reddy,ECE,6,5.12,22.07,92
104125,Aditya Patel,EEE,4,7.59,40.72,71
104124,Rohan Reddy,ME,2,6.29,76.06,31
104123,Sneha Sharma,ECE,6,8.71,99.9,54
104122,Rohan Kumar,CE,2,3.01,3.33,16
104121,Rohan Joshi,CE,2,4.72,70.3,75
104120,Isha Kumar,ME,1,1.36,71.19,33
104119,Sneha Sharma,ME,7,4.09,70.74,29
104118,Vikram Rao,EEE,6,0.19,97.64,35
104117,Rohan Singh,ME,4,9.7,36.79,81
104116,Ananya Reddy,CE,5,2.61,88.68,87
104115,Sneha Sharma,ME,2,5.43,50.52,2
104114,Isha Verma,ME,7,4.8,35.85,55
104113,Ananya Verma,CSE,4,7.98,26.07,91
104112,Isha Sharma,CE,1,0.85,26.09,56
104111,Vikram Jha,EEE,5,4.57,40.86,13
104110,Priya Patel,ME,7,6.67,51.63,55
104109,Priya Sharma,CSE,6,2.74,55.05,58
104108,Vikram Kumar,CSE,5,4.58,80.26,66
104107,Kabir Kumar,ECE,6,6.01,83.95,60
104106,Aarav Singh,EEE,7,8.07,60.5,54
104105,Aditya Joshi,EEE,6,6.09,87.91,61
104104,Kabir Singh,ME,1,5.78,34.74,97
104103,Aditya Gupta,CE,3,5.54,34.35,57
104102,Aarav Joshi,CE,6,8.12,17.57,31
104101,Sneha Verma,EEE,7,4.36,61.23,93
104100,Aditya Joshi,EEE,4,9.52,25.74,60
104099,Rohan Joshi,ECE,5,4.1,20.16,38
104098,Kabir Gupta,ME,3,2.94,37.85,86
104097,Aditya Singh,EEE,1,8.36,79.3,100
104096,Sneha Singh,ECE,7,0.93,25.0,8
104095,Vikram Reddy,CE,7,6.0,77.54,72
104094,Diya Rao,ECE,1,6.34,17.45,61
104093,Ananya Sharma,ECE,6,3.83,61.65,23
104092,Aarav Joshi,ECE,7,8.6,66.74,99
104091,Kabir Gupta,ME,6,9.9,68.44,79
104090,Diya Joshi,EEE,2,8.97,46.75,40
104089,Aarav Rao,EEE,5,1.03,49.5,24
104088,Ananya Joshi,CE,2,9.8,41.65,35
104087,Sneha Sharma,EEE,5,4.39,35.1,11
104086,Kabir Gupta,CSE,3,6.93,24.47,96
104085,Aditya Verma,ME,5,2.68,29.65,70
104084,Priya Gupta,ECE,7,3.13,90.18,12
104083,Ananya Rao,EEE,4,8.11,6.13,86
104082,Rohan Patel,ECE,3,6.46,73.5,34
104081,Rohan Verma,CE,4,7.07,97.46,90
104080,Priya Rao,CE,4,9.34,45.28,61
104079,Priya Kumar,CSE,7,4.0,6.44,26
104078,Aarav Joshi,EEE,3,7.03,46.09,81
104077,Kabir Kumar,EEE,8,1.36,27.76,93
104076,Vikram Joshi,ME,1,6.51,42.86,84
104075,Aarav Rao,ECE,1,8.95,80.1,76
104074,Aditya Patel,ME,4,0.94,38.96,99
104073,Vikram Singh,EEE,5,3.58,9.77,26
104072,Ananya Gupta,ECE,7,8.11,12.15,69
104071,Sneha Joshi,CSE,5,8.32,86.76,22
104070,Ananya Jha,ME,2,8.34,70.06,23
104069,Priya Rao,ECE,3,9.11,77.72,43
104068,Priya Rao,EEE,2,1.53,85.06,93
104067,Kabir Kumar,EEE,6,5.04,34.17,53
104066,Diya Sharma,ECE,8,6.73,60.14,95
104065,Sneha Patel,EEE,1,7.54,4.54,88
104064,Priya Reddy,CSE,4,0.77,61.39,67
104063,Sneha Singh,ECE,2,3.89,80.25,88
104062,Aarav Verma,ECE,1,5.0,42.6,63
104061,Diya Rao,CSE,7,5.3,94.78,89
104060,Aditya Verma,CSE,4,5.26,68.97,75
104059,Vikram Verma,CE,5,6.09,21.79,71
104058,Rohan Rao,CE,6,8.33,44.86,22
104057,Sneha Reddy,ECE,2,9.93,20.01,12
104056,Aarav Reddy,CSE,8,2.11,80.08,90
104055,Vikram Kumar,EEE,2,5.53,53.45,13
104054,Ananya Jha,CSE,2,2.79,85.37,42
104053,Diya Rao,CE,1,3.16,92.99,17
104052,Sneha Jha,EEE,5,8.33,47.71,36
104051,Aditya Verma,CE,7,6.52,84.8,61
104050,Aditya Gupta,ME,8,1.24,19.26,11
104049,Aarav Reddy,ECE,2,0.82,45.17,16
104048,Vikram Kumar,EEE,4,2.8,4.37,33
104047,Diya Gupta,ECE,2,6.61,16.77,7
104046,Diya Singh,CE,4,6.9,7.88,44
104045,Aditya Singh,CSE,1,2.78,21.99,87
104044,Vikram Rao,EEE,8,9.27,21.65,70
104043,Isha Sharma,ME,7,3.13,53.86,72
104042,Diya Reddy,EEE,7,2.07,92.31,33
104041,Kabir Gupta,CSE,6,1.86,51.14,14
104040,Aarav Patel,CSE,2,8.06,41.61,12
104039,Kabir Reddy,CE,3,4.94,20.48,27
104038,Rohan Gupta,ECE,5,6.67,96.14,38
104037,Ananya Singh,EEE,8,7.47,82.32,5
104036,Isha Joshi,ECE,1,3.72,49.44,58
104035,Vikram Verma,ECE,7,7.65,38.17,99
104034,Aditya Joshi,CE,3,8.46,24.05,45
104033,Ananya Singh,CE,8,7.34,81.09,88
104032,Sneha Kumar,CE,2,6.0,45.35,63
104031,Sneha Patel,ME,7,6.06,14.18,50
104030,Sneha Verma,CSE,2,6.22,79.85,38
104029,Aditya Rao,ME,2,1.8,45.88,67
104028,Ananya Reddy,ECE,5,5.61,87.14,3
104027,Ananya Patel,CSE,1,9.67,91.33,58
104026,Isha Reddy,CE,3,0.46,2.31,16
104025,Vikram Rao,CSE,8,7.49,59.25,39
104024,Vikram Sharma,ECE,2,6.49,70.14,31
104023,Ananya Reddy,EEE,2,7.24,63.72,28
104022,Rohan Kumar,ECE,3,0.32,55.02,25
104021,Kabir Gupta,ECE,1,0.99,53.54,70
104020,Sneha Verma,ECE,4,2.81,6.01,69
104019,Priya Joshi,ECE,8,1.73,4.85,96
104018,Aditya Gupta,ECE,7,5.42,9.63,9
104017,Priya Patel,CE,8,6.79,29.76,8
104016,Vikram Sharma,ECE,1,2.72,60.46,92
104015,Kabir Kumar,CSE,3,5.94,50.3,57
104014,Vikram Joshi,ECE,8,5.55,3.42,27
104013,Kabir Kumar,CSE,1,8.09,17.76,16
104012,Sneha Rao,EEE,2,3.73,19.65,32
104011,Aarav Kumar,ECE,8,4.87,44.21,37
104010,Sneha Jha,ECE,8,4.35,48.4,98
104009,Ananya Rao,EEE,4,3.97,89.99,100
104008,Ananya Sharma,EEE,8,2.29,61.86,20
104007,Isha Singh,ECE,2,8.42,14.13,78
104006,Isha Rao,ECE,7,9.03,95.99,8
104005,Sneha Sharma,CE,3,6.83,11.47,86
104004,Aarav Gupta,EEE,8,4.84,67.82,13
104003,Priya Patel,ECE,7,8.83,37.25,10
104002,Aarav Patel,ME,4,8.95,52.13,90
104001,Rohan Rao,EEE,2,1.1,33.12,75
104000,Kabir Gupta,CE,6,7.67,44.16,59
103999,Sneha Sharma,ECE,3,7.85,23.75,31
103998,Rohan Sharma,ECE,6,6.08,24.23,38
103997,Aditya Sharma,ME,6,8.5,9.05,37
103996,Rohan Singh,ME,4,8.28,53.1,71
103995,Aditya Gupta,ECE,7,4.41,67.67,12
103994,Aarav Patel,ME,1,7.12,72.11,75
103993,Aarav Singh,EEE,6,9.5,43.58,63
103992,Aarav Reddy,EEE,4,0.84,83.23,30
103991,Kabir Joshi,CSE,8,3.92,1.41,79
103990,Rohan Reddy,ME,2,1.74,42.43,65
103989,Ananya Kumar,CE,6,9.63,71.91,97
103988,Vikram Jha,ECE,4,4.42,38.53,17
103987,Isha Sharma,CE,3,4.74,54.38,13
103986,Isha Patel,ME,6,3.13,68.43,88
103985,Vikram Sharma,EEE,2,5.85,32.42,10
103984,Sneha Kumar,ME,6,9.55,25.95,96
103983,Sneha Verma,CSE,6,4.96,52.85,70
103982,Kabir Gupta,EEE,7,8.4,38.03,23
103981,Diya Sharma,ME,3,4.01,18.47,58
103980,Sneha Singh,CSE,2,1.12,23.9,45
103979,Diya Patel,ECE,4,7.51,62.04,97
103978,Kabir Singh,ME,4,8.85,13.93,59
103977,Aarav Patel,ME,1,6.58,95.94,12
103976,Sneha Verma,ME,1,6.77,68.91,81
103975,Aarav Singh,EEE,1,0.63,13.77,71
103974,Rohan Rao,ME,5,6.35,92.21,85
103973,Priya Rao,CSE,8,4.47,91.47,62
103972,Aarav Jha,ECE,5,1.72,98.58,77
103971,Aarav Rao,ECE,5,4.01,16.52,1
103970,Aarav Kumar,CSE,5,3.19,5.96,92
103969,Kabir Patel,ECE,7,9.97,69.05,68
103968,Kabir Singh,ECE,7,7.71,61.01,27
103967,Isha Jha,ME,8,0.05,50.79,77
103966,Vikram Reddy,ME,6,2.4,2.93,84
103965,Sneha Joshi,CE,3,8.55,83.21,27
103964,Kabir Joshi,ECE,5,5.62,85.61,84
103963,Vikram Joshi,EEE,7,3.54,87.4,25
103962,Kabir Kumar,ECE,5,3.3,6.56,48
103961,Kabir Sharma,CE,8,7.89,36.19,38
103960,Kabir Patel,CE,6,9.01,67.83,63
103959,Kabir Sharma,ME,8,8.84,69.04,82
103958,Vikram Gupta,ME,8,3.63,46.96,94
103957,Priya Sharma,ECE,5,7.85,90.47,83
103956,Aditya Sharma,CE,3,8.86,1.36,63
103955,Rohan Gupta,ECE,4,4.08,21.08,15
103954,Rohan Rao,CSE,7,6.62,60.07,19
103953,Sneha Sharma,CSE,7,8.36,3.61,35
103952,Priya Sharma,ECE,4,0.18,10.17,19
103951,Aditya Jha,EEE,8,3.5,46.31,6
103950,Aarav Rao,ECE,5,2.7,70.4,23
103949,Aditya Reddy,CSE,1,8.73,36.11,5
103948,Aditya Joshi,CE,2,6.48,84.15,39
103947,Diya Verma,ECE,6,8.67,35.09,11
103946,Ananya Jha,CSE,7,3.3,55.14,24
103945,Aditya Sharma,ME,1,9.24,91.85,37
103944,Vikram Patel,CSE,4,9.12,36.94,94
103943,Isha Jha,ECE,7,3.23,60.33,63
103942,Sneha Rao,EEE,2,1.36,34.14,61
103941,Sneha Gupta,ECE,1,4.64,58.08,30
103940,Aditya Joshi,CSE,4,4.48,39.71,50
103939,Isha Reddy,ECE,3,1.84,43.23,56
103938,Sneha Sharma,CSE,7,8.79,78.23,20
103937,Aditya Singh,CE,4,4.32,52.6,85
103936,Aditya Jha,CE,7,8.7,12.53,67
103935,Aarav Verma,CE,8,4.27,69.01,12
103934,Kabir Gupta,CE,4,4.74,40.82,45
103933,Diya Joshi,ME,3,0.95,58.45,15
103932,Priya Sharma,EEE,7,4.97,20.28,57
103931,Priya Verma,CSE,1,9.79,68.09,27
103930,Diya Patel,CE,5,7.69,84.68,44
103929,Ananya Gupta,ECE,7,5.2,34.88,97
103928,Priya Reddy,CE,3,5.34,64.27,65
103927,Priya Sharma,ME,4,6.33,41.72,11
103926,Sneha Joshi,EEE,3,6.25,5.06,94
103925,Aditya Sharma,ECE,4,3.36,95.18,8
103924,Ananya Joshi,CE,2,7.27,80.95,39
103923,Aarav Sharma,EEE,1,5.26,59.52,30
103922,Priya Reddy,EEE,4,8.12,8.94,7
103921,Priya Sharma,ECE,4,3.2,42.08,83
103920,Kabir Singh,ECE,8,8.77,40.06,83
103919,Vikram Sharma,ME,2,5.89,55.95,43
103918,Rohan Sharma,EEE,7,6.64,8.64,85
103917,Isha Gupta,ME,1,0.39,3.44,94
103916,Vikram Joshi,ME,5,8.58,59.22,21
103915,Rohan Reddy,CE,6,1.46,51.84,39
103914,Priya Gupta,CSE,4,0.92,99.49,63
103913,Vikram Singh,EEE,7,9.85,38.73,36
103912,Rohan Verma,ME,7,4.72,9.13,32
103911,Priya Kumar,ME,4,3.58,89.44,76
103910,Priya Patel,CE,6,5.98,86.35,26
103909,Vikram Sharma,CSE,1,1.35,34.86,73
103908,Ananya Kumar,CSE,2,0.44,39.7,19
103907,Vikram Sharma,CSE,6,4.93,64.05,14
103906,Aarav Jha,CSE,6,6.93,47.82,31
103905,Rohan Gupta,CSE,2,7.6,24.39,79
103904,Rohan Reddy,ME,4,7.8,62.41,88
103903,Aarav Rao,ME,3,1.61,82.41,36
103902,Diya Rao,CE,4,1.95,77.9,2
103901,Vikram Kumar,CE,7,7.7,40.67,5
103900,Vikram Verma,EEE,8,1.08,36.48,78
103899,Sneha Jha,CE,8,0.94,61.9,100
103898,Rohan Singh,ME,5,4.89,88.84,6
103897,Isha Verma,ECE,2,0.48,14.16,35
103896,Isha Joshi,CE,4,0.01,60.25,1
103895,Isha Verma,CSE,5,1.4,12.83,93
103894,Isha Singh,EEE,3,9.5,79.34,60
103893,Aarav Joshi,EEE,8,1.25,72.21,1
103892,Vikram Verma,ECE,1,8.04,46.71,24
103891,Aarav Gupta,ME,3,8.75,37.06,38
103890,Priya Patel,ME,2,6.38,81.1,90
103889,Isha Gupta,CE,7,4.3,56.02,82
103888,Aarav Singh,CSE,3,7.89,34.1,20
103887,Sneha Joshi,ME,7,4.28,48.49,26
103886,Rohan Verma,CE,8,3.35,4.33,87
103885,Priya Rao,EEE,3,2.82,38.79,84
103884,Vikram Kumar,CE,3,5.45,24.69,30
103883,Sneha Singh,ME,6,6.44,6.7,44
103882,Isha Sharma,ME,1,3.33,97.9,26
103881,Isha Kumar,EEE,4,6.64,15.98,8
103880,Vikram Joshi,CE,2,0.85,57.13,49
103879,Priya Jha,CSE,7,0.93,36.58,49
103878,Rohan Jha,CSE,7,8.97,52.71,71
103877,Isha Joshi,ME,1,0.91,92.71,4
103876,Aarav Verma,CE,6,3.81,44.74,62
103875,Kabir Jha,ME,6,5.06,19.71,79
103874,Priya Kumar,ECE,2,2.74,64.57,61
103873,Ananya Kumar,CE,7,8.94,33.99,87
103872,Aarav Patel,ME,2,0.61,6.14,30
103871,Aarav Joshi,CSE,4,9.52,73.37,73
103870,Vikram Verma,CE,6,7.87,53.06,88
103869,Priya Kumar,CSE,1,0.77,89.89,37
103868,Priya Gupta,ME,6,7.64,9.36,72
103867,Aditya Kumar,CE,5,5.68,83.39,14
103866,Kabir Rao,ME,7,8.77,59.94,3
103865,Vikram Jha,CSE,4,3.81,85.18,81
103864,Diya Reddy,CSE,3,9.39,69.13,77
103863,Kabir Joshi,ECE,4,9.93,21.25,57
103862,Rohan Sharma,CSE,5,5.03,26.84,49
103861,Rohan Joshi,CE,4,0.04,6.74,17
103860,Isha Reddy,CE,1,3.95,40.7,28
103859,Rohan Sharma,EEE,5,3.17,71.78,50
103858,Ananya Patel,CE,3,7.74,19.31,82
103857,Aarav Jha,CSE,4,2.3,61.1,17
103856,Diya Jha,ECE,6,1.16,51.98,89
103855,Isha Joshi,CSE,5,9.11,97.25,92
103854,Sneha Sharma,ECE,3,7.87,29.27,63
103853,Ananya Gupta,EEE,2,3.01,86.87,84
103852,Isha Rao,ECE,5,6.85,26.93,17
103851,Isha Gupta,EEE,4,7.4,70.22,78
103850,Ananya Gupta,CSE,7,7.66,75.07,53
103849,Vikram Rao,ECE,7,3.27,53.38,42
103848,Sneha Verma,CSE,5,4.07,13.81,0
103847,Diya Reddy,ECE,3,2.79,80.22,36
103846,Vikram Rao,CE,7,2.6,44.13,37
103845,Priya Singh,CE,6,6.73,31.4,96
103844,Sneha Verma,ECE,8,1.83,27.96,44
103843,Vikram Patel,ECE,7,4.45,79.3,28
103842,Ananya Patel,CSE,7,8.04,16.37,54
103841,Diya Verma,ME,4,9.19,13.95,12
103840,Kabir Verma,CE,4,8.01,49.69,43
103839,Aditya Reddy,CE,4,1.27,47.87,68
103838,Rohan Singh,CSE,4,1.43,43.74,76
103837,Priya Jha,ME,4,5.7,53.79,89
103836,Ananya Patel,ECE,5,1.93,4.0,95
103835,Aditya Patel,EEE,6,4.14,91.16,10
103834,Ananya Joshi,ME,3,0.72,13.81,81
103833,Vikram Singh,ME,4,1.35,19.84,62
103832,Isha Joshi,CE,1,3.86,82.59,80
103831,Diya Sharma,ECE,3,2.46,67.52,50
103830,Sneha Jha,EEE,1,4.07,7.42,92
103829,Vikram Verma,ECE,1,7.84,16.01,11
103828,Vikram Kumar,CSE,6,1.77,47.09,97
103827,Diya Verma,CSE,8,9.74,42.79,53
103826,Isha Sharma,CSE,5,9.45,35.27,86
103825,Ananya Patel,ME,7,2.9,73.39,31
103824,Priya Verma,CE,8,4.65,78.18,98
103823,Priya Sharma,ME,6,7.27,97.74,17
103822,Diya Patel,CSE,8,5.79,62.16,18
103821,Sneha Reddy,ME,8,0.64,74.0,45
103820,Aarav Gupta,EEE,6,4.3,37.68,23
103819,Priya Jha,EEE,8,0.85,6.18,7
103818,Diya Sharma,CSE,4,6.43,21.16,79
103817,Aditya Kumar,CSE,3,1.51,41.8,85
103816,Aarav Singh,CSE,4,5.86,50.01,38
103815,Diya Singh,CE,1,3.96,98.62,45
103814,Rohan Verma,ME,4,5.9,89.98,48
103813,Diya Gupta,ECE,1,3.02,40.73,69
103812,Diya Rao,CSE,8,1.58,48.54,20
103811,Aarav Gupta,EEE,7,3.92,90.48,88
103810,Priya Verma,ME,3,5.25,22.64,35
103809,Priya Singh,ECE,6,6.76,29.11,23
103808,Aarav Gupta,ME,3,3.69,6.14,97
103807,Kabir Rao,CSE,7,1.74,49.9,48
103806,Priya Reddy,EEE,2,3.28,33.8,58
103805,Kabir Verma,CE,3,3.08,72.01,43
103804,Rohan Patel,ECE,4,3.01,0.48,4
103803,Isha Gupta,ME,1,5.32,67.53,30
103802,Diya Gupta,EEE,7,2.96,30.13,99
103801,Sneha Singh,CSE,5,1.94,72.29,78
103800,Vikram Joshi,CSE,5,5.88,55.18,17
103799,Ananya Reddy,ME,3,4.44,9.32,28
103798,Isha Singh,ECE,8,7.56,37.13,5
103797,Vikram Sharma,CE,2,7.28,38.85,53
103796,Diya Sharma,ME,6,8.94,51.98,69
103795,Kabir Gupta,EEE,1,8.34,60.27,55
103794,Sneha Jha,ME,5,6.98,2.09,97
103793,Vikram Rao,EEE,1,3.19,33.19,41
103792,Rohan Verma,ECE,8,2.51,91.77,30
103791,Aditya Sharma,ECE,8,5.58,77.31,85
103790,Aditya Rao,ECE,1,3.86,75.6,63
103789,Kabir Gupta,EEE,1,1.75,64.16,86
103788,Rohan Joshi,CSE,5,2.88,55.57,58
103787,Ananya Rao,ME,6,2.43,7.72,42
103786,Aarav Gupta,EEE,1,8.51,2.37,38
103785,Sneha Jha,EEE,1,5.99,46.44,30
103784,Rohan Sharma,CE,5,1.18,70.02,85
103783,Priya Kumar,CE,3,1.65,64.31,75
103782,Ananya Singh,ME,1,8.26,94.57,40
103781,Aditya Patel,CE,2,2.28,88.99,13
103780,Sneha Rao,EEE,5,0.32,27.29,4
103779,Aarav Joshi,ME,8,3.27,15.55,24
103778,Priya Gupta,EEE,3,1.81,55.61,36
103777,Aditya Verma,CSE,6,8.7,65.96,17
103776,Ananya Jha,ECE,3,0.08,40.76,24
103775,Aarav Reddy,CE,1,6.72,98.83,97
103774,Rohan Patel,CSE,8,7.78,10.26,0
103773,Ananya Singh,CSE,7,5.09,95.57,53
103772,Aarav Sharma,CSE,5,8.59,65.39,35
103771,Sneha Reddy,ME,1,2.59,87.4,60
103770,Isha Verma,CE,3,3.9,13.33,83
103769,Sneha Kumar,EEE,5,8.87,85.17,23
103768,Sneha Reddy,CE,6,9.39,91.7,26
103767,Priya Sharma,CSE,6,1.06,99.04,89
103766,Vikram Reddy,EEE,5,5.07,98.2,76
103765,Ananya Jha,EEE,5,5.21,91.49,45
103764,Kabir Verma,CSE,3,6.33,28.3,92
103763,Sneha Kumar,ECE,6,1.76,65.6,94
103762,Vikram Rao,CE,3,3.89,40.65,32
103761,Aarav Verma,ECE,2,9.2,21.78,6
103760,Diya Patel,ECE,4,6.41,11.9,36
103759,Isha Patel,EEE,2,6.58,37.9,100
103758,Priya Rao,CSE,4,5.54,96.4,4
103757,Priya Reddy,CE,6,4.91,29.46,54
103756,Kabir Kumar,ECE,8,9.34,7.51,77
103755,Ananya Patel,CSE,2,1.33,53.36,80
103754,Rohan Patel,CE,1,1.62,93.29,71
103753,Ananya Singh,ECE,2,5.83,30.94,2
103752,Ananya Kumar,CE,2,8.55,88.38,63
103751,Diya Verma,CE,2,2.05,54.35,7
103750,Aarav Singh,ME,4,0.75,6.14,61
103749,Priya Patel,EEE,6,3.02,26.11,19
103748,Aditya Sharma,CSE,1,2.46,14.44,98
103747,Aarav Gupta,EEE,7,8.53,92.58,51
103746,Diya Verma,CSE,1,8.48,65.62,20
103745,Ananya Verma,CE,1,9.75,57.83,90
103744,Isha Rao,ECE,1,0.74,25.1,69
103743,Diya Joshi,ME,2,7.28,95.5,55
103742,Vikram Jha,ECE,5,5.33,10.04,5
103741,Ananya Singh,ECE,4,2.72,27.19,60
103740,Vikram Singh,EEE,5,7.31,3.39,96
103739,Vikram Verma,ECE,6,7.85,57.12,14
103738,Aditya Singh,ECE,6,2.21,11.09,13
103737,Diya Jha,CSE,7,4.51,67.22,52
103736,Ananya Verma,ECE,7,7.03,38.33,37
103735,Kabir Sharma,ECE,7,8.21,26.23,85
103734,Diya Verma,CE,3,7.48,58.51,75
103733,Diya Gupta,CE,5,3.44,40.55,24
103732,Kabir Jha,CE,3,3.23,27.8,18
103731,Ananya Gupta,CSE,5,3.98,19.65,98
103730,Aditya Sharma,EEE,3,3.87,27.51,26
103729,Rohan Sharma,CSE,5,5.36,42.36,61
103728,Aarav Jha,ECE,8,1.31,5.89,88
103727,Ananya Verma,CE,4,6.95,8.84,31
103726,Aditya Verma,CE,2,3.54,22.46,64
103725,Aditya Gupta,ME,8,5.9,23.64,77
103724,Vikram Singh,EEE,1,4.13,10.13,93
103723,Sneha Patel,ECE,5,4.11,32.85,95
103722,Rohan Jha,CE,4,7.45,54.71,28
103721,Vikram Jha,EEE,3,2.98,33.88,10
103720,Vikram Gupta,EEE,6,7.48,15.41,25
103719,Vikram Reddy,ME,4,3.38,56.12,89
103718,Sneha Gupta,ME,8,7.77,94.9,97
103717,Ananya Patel,CE,6,2.19,40.43,74
103716,Rohan Kumar,ECE,1,6.2,41.66,38
103715,Sneha Kumar,EEE,2,2.68,76.4,49
103714,Sneha Reddy,CSE,6,6.88,99.73,51
103713,Kabir Rao,EEE,6,1.77,47.19,29
103712,Priya Reddy,CE,8,6.25,86.7,31
103711,Priya Patel,ECE,1,7.3,58.33,45
103710,Isha Reddy,CSE,3,2.64,51.2,54
103709,Kabir Gupta,EEE,7,2.98,80.42,78
103708,Diya Patel,ME,7,6.79,33.33,27
103707,Rohan Joshi,CE,2,7.97,15.83,93
103706,Priya Singh,EEE,2,1.92,64.17,46
103705,Diya Sharma,CSE,2,7.58,25.6,39
103704,Rohan Sharma,ME,7,1.4,2.75,84
103703,Aarav Sharma,ME,4,8.69,58.71,23
103702,Priya Singh,EEE,3,1.29,85.29,35
103701,Diya Rao,ECE,1,0.95,85.99,54
103700,Vikram Reddy,CE,1,1.03,7.54,40
103699,Rohan Gupta,ME,2,0.96,78.83,3
103698,Aditya Reddy,ME,6,9.1,1.89,41
103697,Priya Sharma,CE,1,0.53,19.52,23
103696,Priya Singh,CSE,6,9.42,17.92,95
103695,Aarav Reddy,EEE,1,1.43,42.78,74
103694,Vikram Joshi,ME,7,3.01,33.07,58
103693,Aarav Jha,EEE,2,5.49,9.73,78
103692,Kabir Singh,CE,8,5.35,17.08,13
103691,Priya Verma,ME,4,5.82,32.46,8
103690,Sneha Joshi,CSE,1,1.0,69.67,61
103689,Isha Reddy,CE,2,5.14,5.18,67
103688,Rohan Sharma,ME,1,5.83,28.54,56
103687,Diya Jha,EEE,8,5.9,31.68,8
103686,Sneha Jha,ME,4,1.49,9.28,33
103685,Ananya Patel,ME,5,3.78,73.89,10
103684,Priya Rao,CSE,5,4.69,24.12,29
103683,Kabir Patel,ME,7,4.81,18.06,68
103682,Sneha Sharma,ECE,6,3.43,72.86,26
103681,Vikram Patel,CSE,5,6.08,2.63,70
103680,Sneha Kumar,EEE,3,6.39,48.6,56
103679,Priya Verma,EEE,6,7.35,64.28,78
103678,Aarav Verma,EEE,7,2.46,75.16,48
103677,Isha Patel,CE,6,4.34,30.72,48
103676,Aarav Rao,ECE,4,2.45,85.83,8
103675,Sneha Gupta,ME,5,8.14,12.03,37
103674,Sneha Rao,CSE,2,4.74,45.23,9
103673,Ananya Singh,CE,7,5.54,89.11,62
103672,Rohan Gupta,ECE,4,2.69,58.84,5
103671,Sneha Reddy,ECE,5,1.74,95.01,4
103670,Diya Reddy,CE,7,4.36,7.8,17
103669,Rohan Verma,EEE,4,4.16,45.24,15
103668,Rohan Reddy,ME,1,5.75,64.58,49
103667,Aditya Reddy,ME,4,9.71,77.07,3
103666,Isha Patel,CSE,3,5.91,71.9,16
103665,Isha Reddy,CSE,5,8.17,20.34,62
103664,Aditya Verma,ME,2,2.28,76.32,35
103663,Aarav Gupta,ECE,2,5.14,9.4,72
103662,Isha Patel,EEE,2,4.25,44.2,43
103661,Rohan Verma,ME,6,5.45,65.03,80
103660,Priya Patel,ME,7,8.47,70.9,49
103659,Kabir Joshi,ECE,7,7.97,2.4,59
103658,Kabir Verma,CE,6,0.69,34.7,94
103657,Aditya Kumar,ME,3,9.96,22.68,22
103656,Vikram Joshi,ECE,1,1.37,82.99,42
103655,Sneha Jha,ECE,3,6.63,23.35,65
103654,Isha Singh,CE,4,8.69,35.51,63
103653,Kabir Sharma,CSE,7,2.18,13.47,40
103652,Diya Patel,CSE,4,8.19,42.33,54
103651,Kabir Patel,ME,7,5.12,26.34,60
103650,Isha Rao,CE,1,8.74,14.21,81
103649,Vikram Joshi,EEE,2,7.44,58.28,56
103648,Sneha Sharma,ECE,7,5.36,44.4,41
103647,Kabir Jha,CSE,2,7.53,93.62,82
103646,Kabir Kumar,EEE,4,1.05,7.63,8
103645,Diya Rao,ECE,5,7.11,28.02,5
103644,Sneha Jha,CSE,6,1.27,9.36,61
103643,Ananya Gupta,ECE,2,3.23,34.03,5
103642,Priya Kumar,ME,8,0.13,48.68,30
103641,Isha Kumar,CE,7,8.62,78.29,28
103640,Kabir Rao,CE,1,2.43,31.62,53
103639,Diya Singh,ECE,5,9.05,51.14,55
103638,Rohan Singh,CE,3,5.89,14.4,70
103637,Aarav Reddy,CE,1,8.73,4.71,75
103636,Aditya Reddy,CSE,3,8.15,2.66,62
103635,Aditya Joshi,CSE,3,9.28,64.7,69
103634,Ananya Gupta,CSE,1,6.32,33.37,11
103633,Aarav Jha,CE,2,1.51,59.37,87
103632,Aditya Patel,EEE,8,4.11,52.51,19
103631,Kabir Kumar,EEE,7,1.68,82.68,26
103630,Sneha Rao,CSE,6,4.94,5.81,74
103629,Aditya Rao,CSE,8,7.49,46.28,8
103628,Vikram Jha,ME,6,2.03,52.48,69
103627,Isha Jha,EEE,6,7.03,7.06,56
103626,Vikram Kumar,ME,8,0.56,88.86,35
103625,Rohan Gupta,ECE,8,6.79,57.32,4
103624,Priya Jha,CSE,8,6.25,94.58,3
103623,Diya Sharma,CE,3,2.36,46.02,18
103622,Rohan Reddy,ME,6,5.63,41.43,70
103621,Ananya Kumar,CSE,2,4.69,50.07,37
103620,Priya Sharma,CE,7,1.82,59.04,84
103619,Isha Reddy,CE,5,9.28,20.98,56
103618,Vikram Sharma,ME,7,7.16,75.67,21
103617,Ananya Rao,CE,3,2.45,76.65,21
103616,Diya Kumar,EEE,7,6.96,80.6,35
103615,Aditya Gupta,ECE,1,5.01,75.46,16
103614,Sneha Verma,ME,2,5.13,42.54,34
103613,Isha Jha,CE,5,5.33,46.03,78
103612,Isha Singh,ME,3,0.41,9.64,95
103611,Priya Verma,ME,3,3.32,28.04,2
103610,Rohan Rao,ME,5,1.47,87.19,5
103609,Kabir Sharma,ME,1,1.4,98.26,0
103608,Aarav Rao,ME,8,6.4,95.33,73
103607,Isha Singh,ME,7,7.52,49.21,65
103606,Priya Kumar,CE,5,5.27,29.88,5
103605,Isha Gupta,ME,6,9.9,55.52,14
103604,Diya Jha,EEE,8,8.68,91.93,73
103603,Ananya Singh,ME,1,5.84,43.33,8
103602,Aditya Rao,EEE,4,0.3,60.87,35
103601,Vikram Sharma,ECE,1,7.97,33.28,6
103600,Aarav Rao,ME,5,1.54,21.22,82
103599,Isha Sharma,CSE,8,0.2,24.52,24
103598,Priya Joshi,CE,7,0.17,77.55,40
103597,Diya Jha,ME,1,1.44,84.8,25
103596,Rohan Gupta,ME,5,2.6,76.98,75
103595,Aarav Kumar,CSE,7,3.83,25.54,13
103594,Isha Kumar,EEE,7,8.08,85.58,37
103593,Kabir Jha,CE,5,0.06,5.23,67
103592,Sneha Kumar,ME,8,3.52,99.12,22
103591,Aditya Reddy,ME,6,4.99,92.68,51
103590,Aarav Verma,CE,6,3.56,31.87,57
103589,Aarav Joshi,CSE,3,4.17,38.42,16
103588,Aditya Singh,CSE,8,1.54,39.5,15
103587,Vikram Jha,EEE,5,5.67,79.68,24
103586,Diya Joshi,ME,7,0.25,67.94,65
103585,Ananya Singh,ME,6,4.01,46.75,73
103584,Isha Sharma,ME,5,0.67,52.22,49
103583,Aditya Gupta,ECE,4,4.5,64.3,83
103582,Sneha Reddy,CE,8,0.64,51.34,64
103581,Kabir Jha,ME,3,8.27,92.91,20
103580,Vikram Gupta,ECE,4,8.17,97.22,90
103579,Priya Patel,CSE,1,7.0,18.25,57
103578,Aditya Verma,CSE,6,6.16,56.24,43
103577,Vikram Verma,ECE,2,1.57,54.81,90
103576,Kabir Singh,ECE,3,7.45,97.54,32
103575,Sneha Sharma,ME,4,1.43,41.69,55
103574,Kabir Rao,EEE,7,0.34,74.01,40
103573,Diya Jha,EEE,5,8.42,59.82,9
103572,Isha Rao,ECE,2,5.23,21.76,75
103571,Kabir Reddy,CSE,5,5.74,26.73,76
103570,Vikram Singh,EEE,6,6.34,79.39,51
103569,Diya Sharma,CE,3,0.14,4.0,90
103568,Isha Kumar,EEE,3,4.28,42.02,47
103567,Aarav Gupta,CE,5,0.19,64.8,55
103566,Rohan Patel,CSE,1,6.4,79.11,38
103565,Vikram Sharma,ME,6,1.69,50.34,38
103564,Isha Sharma,CE,1,2.07,36.15,30
103563,Priya Verma,CE,1,9.55,40.18,38
103562,Rohan Reddy,ECE,3,4.93,46.74,27
103561,Aarav Sharma,CE,5,9.85,21.34,19
103560,Sneha Reddy,EEE,2,2.02,95.94,15
103559,Ananya Kumar,ME,6,1.27,38.9,56
103558,Aditya Gupta,EEE,1,8.0,48.33,41
103557,Kabir Gupta,ECE,5,4.95,7.06,75
103556,Vikram Rao,ECE,4,7.61,17.52,35
103555,Rohan Sharma,EEE,2,2.51,99.16,8
103554,Diya Gupta,ECE,6,6.52,4.67,30
103553,Vikram Rao,EEE,3,2.58,43.93,30
103552,Rohan Kumar,ECE,3,8.15,93.48,58
103551,Priya Gupta,ECE,7,2.89,3.99,71
103550,Priya Singh,ECE,3,6.9,60.37,61
103549,Ananya Rao,ECE,3,0.26,35.99,62
103548,Priya Jha,CE,2,5.42,24.44,0
103547,Vikram Joshi,CSE,6,6.87,4.92,23
103546,Priya Singh,ME,8,2.64,67.06,58
103545,Vikram Rao,ECE,7,3.3,88.52,70
103544,Ananya Joshi,EEE,7,4.35,74.36,38
103543,Isha Rao,CSE,6,7.23,12.31,94
103542,Vikram Patel,ME,4,0.97,81.17,88
103541,Priya Rao,ME,5,4.42,26.53,90
103540,Diya Sharma,ME,3,1.79,30.22,26
103539,Vikram Jha,CSE,6,4.23,34.69,56
103538,Aarav Verma,CE,4,6.79,63.48,11
103537,Sneha Joshi,ME,1,0.71,95.49,87
103536,Rohan Reddy,CE,1,1.31,35.33,8
103535,Rohan Patel,EEE,7,0.3,1.05,57
103534,Vikram Reddy,CSE,4,9.7,40.84,53
103533,Diya Kumar,ECE,2,4.93,49.5,40
103532,Kabir Patel,ME,7,9.8,15.69,21
103531,Aarav Joshi,CSE,7,3.48,35.04,27
103530,Diya Patel,ME,6,2.25,9.06,71
103529,Sneha Patel,ME,3,0.44,28.58,71
103528,Aarav Gupta,CE,6,9.17,94.75,37
103527,Diya Gupta,CE,1,0.5,71.66,55
103526,Priya Jha,ME,8,6.96,36.67,14
103525,Rohan Kumar,ECE,1,6.08,33.9,88
103524,Diya Verma,ECE,1,8.05,23.73,3
103523,Diya Joshi,EEE,2,0.11,21.64,5
103522,Sneha Sharma,ECE,2,6.47,42.89,1
103521,Vikram Singh,CSE,7,3.96,43.4,1
103520,Isha Sharma,ECE,7,5.17,4.84,6
103519,Vikram Verma,EEE,5,0.16,37.4,71
103518,Diya Reddy,CSE,6,2.32,1.36,95
103517,Isha Reddy,CE,3,8.73,17.98,41
103516,Vikram Verma,EEE,6,7.29,57.66,53
103515,Aarav Joshi,ECE,4,0.8,75.07,37
103514,Aarav Jha,CE,5,3.63,27.85,61
103513,Rohan Gupta,CSE,6,2.26,90.5,86
103512,Ananya Verma,EEE,7,0.32,99.42,87
103511,Sneha Joshi,CSE,6,1.63,39.93,23
103510,Rohan Reddy,CE,2,0.96,53.71,70
103509,Diya Rao,CSE,5,8.66,7.89,25
103508,Isha Sharma,EEE,3,0.41,67.95,15
103507,Aarav Reddy,CE,1,5.06,96.5,71
103506,Diya Jha,ME,5,8.5,50.31,64
103505,Priya Singh,ME,7,1.32,5.55,24
103504,Sneha Verma,CE,5,6.92,70.93,26
103503,Kabir Sharma,CE,1,1.52,32.17,77
103502,Aarav Singh,EEE,6,9.15,54.4,51
103501,Priya Rao,CE,7,7.69,76.72,94
103500,Priya Rao,EEE,3,1.78,80.43,3
103499,Kabir Kumar,ME,2,5.4,98.47,97
103498,Isha Sharma,CSE,5,0.11,24.58,1
103497,Vikram Kumar,ECE,2,9.22,4.69,62
103496,Ananya Verma,ME,8,2.61,71.83,79
103495,Aarav Rao,CSE,6,5.09,34.43,69
103494,Aditya Rao,ME,2,2.68,38.35,32
103493,Aditya Kumar,CSE,8,6.95,96.1,21
103492,Ananya Rao,CSE,8,6.3,97.75,88
103491,Priya Kumar,CSE,1,6.92,47.04,41
103490,Isha Reddy,CSE,8,7.5,53.45,16
103489,Kabir Patel,CE,5,5.5,0.01,34
103488,Priya Jha,CSE,4,2.98,18.38,37
103487,Diya Rao,EEE,2,5.91,51.56,24
103486,Vikram Verma,EEE,3,9.66,14.66,42
103485,Priya Gupta,CSE,8,9.91,34.96,28
103484,Diya Kumar,CE,2,0.13,49.62,63
103483,Ananya Gupta,ME,4,9.64,65.66,61
103482,Kabir Sharma,ME,4,7.95,30.74,32
103481,Aditya Reddy,EEE,6,9.78,15.29,97
103480,Isha Kumar,ECE,1,4.49,40.85,12
103479,Aditya Sharma,ME,7,5.34,87.93,10
103478,Kabir Joshi,EEE,7,1.25,93.77,99
103477,Diya Jha,CE,7,6.09,80.04,79
103476,Rohan Sharma,EEE,3,2.34,83.17,3
103475,Kabir Gupta,ECE,5,9.09,32.95,90
103474,Isha Gupta,CSE,7,6.44,83.28,49
103473,Aditya Rao,CE,6,1.52,63.56,69
103472,Priya Sharma,ME,2,2.18,11.82,26
103471,Isha Reddy,ECE,2,9.57,30.5,83
103470,Aarav Verma,ME,5,0.5,97.89,89
103469,Priya Rao,CSE,3,9.91,40.25,3
103468,Aarav Joshi,ME,4,0.96,20.01,67
103467,Sneha Reddy,CSE,5,1.21,25.48,22
103466,Isha Reddy,EEE,8,7.1,45.09,23
103465,Rohan Rao,EEE,4,2.15,75.15,94
103464,Rohan Singh,ME,7,6.1,59.0,76
103463,Vikram Reddy,CSE,8,9.49,56.92,52
103462,Vikram Gupta,ECE,7,5.64,12.88,49
103461,Isha Gupta,ECE,1,9.51,18.6,67
103460,Aditya Reddy,ME,2,1.29,58.15,72
103459,Vikram Sharma,CE,7,8.07,60.43,79
103458,Kabir Reddy,CE,3,9.99,96.07,29
103457,Rohan Verma,ME,8,9.98,24.88,47
103456,Aarav Singh,CE,5,8.4,89.89,69
103455,Aditya Verma,EEE,8,7.9,77.89,35
103454,Kabir Sharma,ME,6,2.22,76.41,32
103453,Aarav Gupta,ME,4,3.75,13.3,97
103452,Isha Reddy,CSE,4,6.1,64.9,57
103451,Isha Kumar,ECE,1,1.83,90.95,72
103450,Diya Sharma,EEE,2,9.39,15.62,28
103449,Kabir Gupta,ME,3,6.58,37.39,52
103448,Rohan Patel,ME,8,9.0,8.12,1
103447,Kabir Patel,ECE,6,8.03,38.15,83
103446,Isha Sharma,ECE,7,1.95,90.14,33
103445,Aarav Joshi,CSE,3,8.41,24.01,15
103444,Diya Reddy,CSE,3,8.0,40.61,16
103443,Ananya Verma,CE,1,4.23,59.23,14
103442,Diya Kumar,EEE,3,6.42,46.69,35
103441,Aditya Kumar,CSE,1,4.58,51.63,84
103440,Diya Reddy,EEE,3,6.51,77.04,38
103439,Aarav Joshi,CSE,8,1.59,15.02,21
103438,Kabir Sharma,CE,1,2.04,51.32,69
103437,Aarav Verma,CE,1,9.37,97.73,52
103436,Diya Gupta,EEE,2,3.29,19.97,57
103435,Aditya Rao,CSE,2,3.8,85.09,98
103434,Vikram Reddy,ME,4,6.78,34.37,82
103433,Ananya Jha,EEE,2,4.14,50.2,0
103432,Kabir Singh,CSE,3,7.83,69.37,94
103431,Aditya Gupta,ME,4,5.61,51.26,99
103430,Diya Kumar,EEE,8,1.9,36.79,77
103429,Diya Reddy,CE,1,9.94,59.88,8
103428,Priya Kumar,ME,1,1.13,35.88,72
103427,Aarav Singh,EEE,4,9.72,8.71,98
103426,Aditya Reddy,ME,5,1.72,58.73,20
103425,Priya Singh,CE,2,4.58,91.44,0
103424,Rohan Jha,CSE,3,4.19,32.29,98
103423,Diya Gupta,EEE,2,6.73,56.67,68
103422,Ananya Reddy,ECE,1,4.75,94.35,74
103421,Vikram Jha,CSE,7,3.91,18.68,7
103420,Aarav Patel,EEE,7,7.65,76.48,69
103419,Sneha Sharma,ME,3,1.39,11.79,58
103418,Rohan Joshi,EEE,8,9.87,2.41,40
103417,Aarav Reddy,CE,4,5.73,20.44,87
103416,Aditya Reddy,ME,4,5.02,32.95,76
103415,Diya Patel,CSE,1,7.71,45.21,82
103414,Aditya Gupta,ECE,3,4.21,88.79,60
103413,Isha Singh,CSE,7,4.71,79.15,15
103412,Vikram Rao,EEE,4,2.11,39.64,82
103411,Vikram Sharma,ME,1,2.28,24.8,34
103410,Isha Joshi,CE,1,2.9,23.62,52
103409,Rohan Rao,CSE,1,7.77,30.81,5
103408,Diya Rao,CSE,1,1.49,47.54,89
103407,Ananya Kumar,ME,2,5.19,81.65,95
103406,Rohan Reddy,ECE,7,5.53,80.91,100
103405,Aditya Jha,ME,7,2.56,41.41,59
103404,Kabir Patel,ECE,8,0.51,72.77,10
103403,Vikram Verma,ME,4,4.56,95.62,66
103402,Ananya Patel,CE,1,3.05,84.64,81
103401,Diya Rao,CSE,1,5.82,22.04,68
103400,Kabir Gupta,CSE,7,7.26,23.45,99
103399,Diya Kumar,ECE,6,6.26,31.3,94
103398,Aditya Reddy,ME,2,6.53,97.93,0
103397,Rohan Reddy,EEE,1,2.81,46.76,25
103396,Rohan Kumar,ME,6,7.45,37.85,97
103395,Priya Joshi,CE,5,4.49,76.09,1
103394,Ananya Jha,ECE,4,2.69,42.84,42
103393,Rohan Patel,EEE,4,4.45,26.66,34
103392,Isha Rao,EEE,4,1.72,69.73,5
103391,Isha Kumar,ME,2,5.12,44.14,11
103390,Diya Patel,ECE,1,8.19,88.0,8
103389,Sneha Jha,CE,1,4.22,69.25,32
103388,Priya Jha,ECE,8,4.7,89.48,66
103387,Ananya Reddy,ME,5,9.0,28.77,95
103386,Kabir Patel,CSE,7,3.0,93.87,91
103385,Ananya Singh,ECE,7,1.15,64.29,79
103384,Vikram Verma,CE,7,6.59,85.74,86
103383,Sneha Sharma,CSE,6,2.28,17.35,34
103382,Isha Reddy,ECE,7,2.81,70.87,91
103381,Vikram Patel,CE,2,9.23,74.84,7
103380,Aarav Reddy,CSE,3,4.61,65.91,41
103379,Kabir Jha,CSE,2,9.5,22.22,0
103378,Priya Singh,ME,4,5.39,17.76,20
103377,Aarav Sharma,ECE,2,0.5,76.03,73
103376,Aarav Rao,ME,7,1.94,6.68,36
103375,Rohan Reddy,CE,1,2.62,83.1,43
103374,Aarav Rao,CE,7,1.7,69.36,5
103373,Priya Patel,CSE,5,5.7,17.5,1
103372,Kabir Gupta,CSE,2,8.51,16.95,20
103371,Vikram Gupta,ME,8,1.72,41.12,75
103370,Ananya Joshi,ECE,6,7.29,66.37,81
103369,Vikram Gupta,EEE,3,1.73,86.96,1
103368,Sneha Patel,ECE,6,7.37,8.02,74
103367,Aditya Patel,CE,8,1.25,58.45,21
103366,Sneha Reddy,CE,3,4.05,17.19,94
103365,Sneha Joshi,EEE,4,8.3,54.15,99
103364,Kabir Reddy,ME,1,8.83,33.35,64
103363,Sneha Verma,ME,1,1.66,46.73,69
103362,Priya Singh,ECE,3,5.89,98.62,55
103361,Aditya Jha,CE,1,4.31,63.4,73
103360,Sneha Joshi,CSE,3,7.36,96.91,38
103359,Rohan Verma,EEE,4,7.08,25.44,86
103358,Rohan Patel,CE,3,3.74,74.12,16
103357,Priya Sharma,EEE,8,4.85,59.13,81
103356,Ananya Patel,ECE,3,1.0,63.98,38
103355,Ananya Verma,ME,4,8.6,35.46,40
103354,Aditya Patel,ME,3,2.7,19.11,90
103353,Ananya Jha,ECE,1,0.05,59.31,84
103352,Kabir Reddy,CSE,3,7.01,89.04,54
103351,Kabir Jha,ME,3,6.68,50.87,51
103350,Priya Verma,CE,6,2.32,40.08,54
103349,Sneha Rao,CSE,3,1.81,44.63,89
103348,Aarav Reddy,ECE,5,6.41,56.64,57
103347,Ananya Jha,CE,5,5.88,27.79,8
103346,Rohan Sharma,CSE,3,2.43,49.64,25
103345,Sneha Rao,CE,6,9.08,61.17,78
103344,Kabir Patel,CSE,3,8.8,5.75,99
103343,Aarav Kumar,EEE,4,1.22,83.17,100
103342,Kabir Singh,CE,3,5.92,13.23,68
103341,Aditya Patel,ECE,4,7.55,24.56,20
103340,Kabir Kumar,CSE,4,8.55,58.09,70
103339,Sneha Kumar,CSE,2,6.18,72.94,43
103338,Rohan Sharma,ECE,4,3.58,4.07,47
103337,Diya Singh,ECE,3,3.48,19.24,26
103336,Kabir Singh,EEE,1,2.79,54.22,4
103335,Diya Gupta,EEE,1,1.66,77.16,47
103334,Vikram Sharma,ECE,1,5.46,66.51,13
103333,Aditya Reddy,ME,1,4.19,49.52,46
103332,Kabir Rao,EEE,6,0.23,72.28,64
103331,Isha Gupta,EEE,5,3.56,20.54,62
103330,Aarav Gupta,CE,7,4.53,64.59,21
103329,Priya Kumar,CSE,5,9.75,56.32,54
103328,Rohan Jha,ECE,2,1.6,57.26,49
103327,Sneha Verma,EEE,4,7.38,22.49,59
103326,Kabir Sharma,ECE,6,6.16,61.27,70
103325,Aarav Joshi,ECE,1,7.41,75.62,41
103324,Rohan Rao,ME,8,4.33,24.17,71
103323,Rohan Patel,ME,7,5.78,85.28,56
103322,Aarav Sharma,ME,4,2.09,41.33,58
103321,Ananya Reddy,ECE,8,8.87,3.93,43
103320,Aarav Verma,CE,8,8.84,75.95,27
103319,Rohan Reddy,ME,8,8.29,6.06,69
103318,Aarav Gupta,CE,1,0.96,97.93,34
103317,Vikram Rao,CSE,4,5.85,80.65,23
103316,Vikram Rao,EEE,4,0.32,17.57,13
103315,Aarav Patel,ECE,6,1.14,26.82,70
103314,Isha Reddy,EEE,2,9.69,10.66,21
103313,Rohan Jha,CSE,2,7.62,83.59,47
103312,Vikram Gupta,CE,4,1.8,70.62,22
103311,Aarav Singh,EEE,5,1.47,18.09,26
103310,Isha Kumar,ME,5,1.59,85.05,75
103309,Sneha Reddy,CE,1,7.37,50.02,59
103308,Diya Jha,CE,5,7.77,31.43,87
103307,Rohan Jha,ECE,7,7.42,95.7,41
103306,Priya Patel,CSE,6,7.88,68.73,77
103305,Diya Singh,ECE,1,6.94,78.02,99
103304,Aarav Reddy,CSE,5,5.17,93.61,50
103303,Diya Gupta,ECE,7,7.22,83.59,77
103302,Priya Kumar,ECE,7,4.76,69.16,45
103301,Vikram Singh,ECE,8,9.46,85.97,90
103300,Aarav Jha,CE,7,2.51,1.03,83
103299,Aditya Reddy,ECE,8,1.86,51.62,38
103298,Aarav Gupta,EEE,3,3.32,77.06,50
103297,Kabir Verma,ME,6,7.06,67.17,49
103296,Isha Kumar,ME,4,5.3,77.63,56
103295,Isha Joshi,ECE,8,6.65,6.12,12
103294,Aditya Jha,CSE,6,3.84,26.36,83
103293,Aarav Kumar,CSE,8,1.02,46.07,7
103292,Kabir Reddy,ME,5,4.23,46.26,18
103291,Diya Jha,ECE,4,7.34,1.89,37
103290,Sneha Kumar,ME,3,3.76,93.89,5
103289,Rohan Singh,EEE,6,7.65,49.78,12
103288,Rohan Joshi,CSE,8,9.08,32.95,12
103287,Priya Joshi,ME,6,7.44,91.44,14
103286,Isha Joshi,EEE,7,8.56,12.23,60
103285,Aarav Verma,ME,8,4.21,76.87,19
103284,Diya Kumar,ECE,5,5.5,9.35,41
103283,Aditya Reddy,ME,7,7.13,24.51,85
103282,Ananya Kumar,CSE,7,4.76,36.47,91
103281,Vikram Rao,CSE,1,3.16,22.86,18
103280,Aditya Verma,ECE,1,0.1,91.29,94
103279,Ananya Rao,EEE,4,5.78,28.86,37
103278,Aarav Joshi,ME,3,2.82,21.19,95
103277,Vikram Verma,CSE,8,9.28,21.76,46
103276,Ananya Kumar,CSE,2,8.39,89.46,18
103275,Diya Verma,ECE,6,6.97,93.96,18
103274,Isha Sharma,CE,8,6.82,35.65,55
103273,Diya Reddy,EEE,6,8.47,25.96,85
103272,Rohan Gupta,CSE,7,5.85,78.93,49
103271,Rohan Patel,ME,4,7.98,13.5,50
103270,Aditya Kumar,ME,8,8.67,50.05,1
103269,Ananya Sharma,ECE,5,5.47,67.37,91
103268,Priya Jha,ME,4,0.4,87.83,71
103267,Diya Rao,CE,5,4.81,77.49,68
103266,Aditya Verma,EEE,8,9.76,15.46,25
103265,Priya Jha,CSE,7,1.06,2.75,88
103264,Aditya Sharma,CE,3,7.79,59.87,7
103263,Ananya Sharma,CE,3,5.58,67.6,56
103262,Ananya Verma,ECE,8,3.41,33.77,21
103261,Kabir Jha,EEE,6,8.67,92.13,80
103260,Vikram Gupta,ME,1,7.22,25.84,74
103259,Diya Jha,EEE,7,0.46,74.92,80
103258,Isha Verma,ECE,2,7.5,49.64,12
103257,Aarav Verma,CSE,5,0.32,1.32,38
103256,Aarav Singh,CSE,8,5.51,59.22,77
103255,Rohan Verma,EEE,7,0.53,5.85,20
103254,Aarav Patel,EEE,7,0.04,94.6,63
103253,Kabir Verma,ECE,4,8.63,11.85,51
103252,Aarav Gupta,CSE,3,8.15,37.11,25
103251,Vikram Reddy,ME,1,3.47,9.83,12
103250,Ananya Joshi,EEE,5,5.87,41.98,2
103249,Kabir Singh,ME,5,5.0,86.4,22
103248,Aditya Gupta,CE,4,0.03,66.87,29
103247,Ananya Verma,EEE,8,7.74,54.67,10
103246,Rohan Sharma,CE,5,8.01,64.28,11
103245,Vikram Patel,EEE,6,1.64,25.68,100
103244,Vikram Joshi,ECE,2,1.51,33.63,81
103243,Priya Kumar,ME,4,3.08,30.72,53
103242,Aditya Patel,EEE,8,9.93,97.36,16
103241,Aarav Singh,ME,1,0.36,97.5,13
103240,Diya Patel,CE,8,8.3,66.24,74
103239,Ananya Rao,CE,7,8.52,44.2,34
103238,Vikram Reddy,ME,7,9.53,85.59,35
103237,Rohan Jha,ECE,7,4.53,0.38,50
103236,Ananya Jha,CE,3,1.63,31.79,12
103235,Priya Patel,CE,3,2.59,34.97,53
103234,Vikram Sharma,CSE,2,3.33,0.68,63
103233,Rohan Gupta,CE,7,9.88,85.21,38
103232,Sneha Singh,ME,5,3.82,4.6,39
103231,Kabir Joshi,ME,1,4.98,42.94,96
103230,Priya Gupta,EEE,7,0.69,8.96,3
103229,Rohan Jha,CSE,1,0.9,87.9,22
103228,Vikram Reddy,CSE,1,0.85,56.16,66
103227,Ananya Sharma,CSE,8,6.02,21.91,33
103226,Ananya Gupta,ME,6,5.64,28.69,50
103225,Aditya Gupta,EEE,6,1.07,11.62,53
103224,Sneha Jha,CSE,1,2.95,15.95,12
103223,Isha Singh,ME,4,4.12,15.98,28
103222,Aarav Joshi,ME,2,4.97,68.88,17
103221,Isha Rao,ME,1,1.49,89.07,18
103220,Rohan Joshi,CSE,3,9.21,65.26,65
103219,Aarav Verma,CSE,3,2.67,64.4,2
103218,Kabir Patel,EEE,5,8.63,43.19,18
103217,Vikram Sharma,CE,6,3.75,57.48,76
103216,Aarav Verma,ME,4,3.24,23.92,52
103215,Kabir Gupta,CSE,4,6.36,80.49,85
103214,Diya Joshi,ME,5,3.3,14.15,73
103213,Priya Jha,CSE,2,5.23,8.52,11
103212,Diya Joshi,ME,4,2.49,11.87,12
103211,Vikram Jha,ME,7,2.45,5.07,76
103210,Sneha Patel,EEE,2,9.43,86.66,70
103209,Aditya Rao,CE,1,3.88,54.18,93
103208,Priya Gupta,CE,4,9.34,74.22,74
103207,Aarav Rao,CSE,7,5.68,74.14,19
103206,Diya Rao,CSE,2,2.52,40.62,0
103205,Vikram Jha,ECE,2,6.12,0.34,66
103204,Aarav Sharma,CSE,1,5.49,37.69,37
103203,Rohan Sharma,ME,6,0.01,20.81,27
103202,Rohan Verma,ECE,4,7.43,49.17,95
103201,Vikram Kumar,ME,7,1.87,71.44,1
103200,Kabir Jha,CSE,3,1.17,57.41,67
103199,Rohan Singh,ME,4,2.79,26.9,55
103198,Vikram Rao,EEE,4,3.93,96.19,80
103197,Isha Patel,EEE,3,0.86,30.08,6
103196,Priya Jha,EEE,2,9.77,10.95,4
103195,Aditya Joshi,ME,5,4.56,2.36,95
103194,Vikram Gupta,ECE,8,3.79,5.88,1
103193,Diya Joshi,CE,5,4.79,42.8,65
103192,Rohan Reddy,EEE,7,9.93,70.31,93
103191,Ananya Rao,CSE,6,9.55,53.7,11
103190,Sneha Kumar,EEE,6,1.12,3.71,13
103189,Isha Rao,ME,1,9.71,67.71,34
103188,Sneha Kumar,CSE,4,9.23,47.03,10
103187,Rohan Reddy,EEE,1,2.08,18.26,82
103186,Ananya Gupta,CSE,5,3.05,82.33,60
103185,Vikram Sharma,ECE,6,1.81,91.14,34
103184,Priya Patel,ME,3,1.84,14.42,82
103183,Isha Sharma,CE,5,3.06,40.71,18
103182,Kabir Reddy,CSE,8,1.11,16.72,8
103181,Rohan Gupta,CSE,1,8.04,25.39,90
103180,Diya Sharma,EEE,8,8.85,65.51,63
103179,Aarav Jha,ECE,3,0.94,20.42,48
103178,Aarav Sharma,CE,4,6.15,8.95,96
103177,Aarav Verma,CE,4,1.37,95.53,72
103176,Diya Sharma,CSE,6,4.65,60.49,3
103175,Vikram Reddy,ECE,2,5.71,19.66,69
103174,Rohan Sharma,ECE,1,0.32,33.52,30
103173,Priya Sharma,CE,1,1.49,39.94,88
103172,Aarav Singh,ME,7,5.26,9.92,48
103171,Priya Gupta,CE,2,1.08,82.84,6
103170,Rohan Gupta,ME,1,2.65,89.01,82
103169,Vikram Singh,ECE,3,3.73,99.19,38
103168,Aditya Jha,ECE,7,9.83,86.56,73
103167,Ananya Gupta,ECE,5,5.44,46.56,75
103166,Priya Joshi,CSE,1,6.21,71.46,39
103165,Kabir Verma,EEE,4,1.6,37.12,99
103164,Kabir Verma,CSE,1,7.07,49.47,75
103163,Ananya Rao,CSE,6,4.5,13.4,34
103162,Rohan Sharma,ME,2,6.55,17.04,29
103161,Aarav Gupta,EEE,3,3.96,34.87,100
103160,Diya Verma,ME,4,5.13,63.69,53
103159,Isha Sharma,ME,2,2.33,0.84,1
103158,Sneha Joshi,ECE,4,2.14,28.4,60
103157,Aditya Joshi,CSE,8,2.06,46.99,83
103156,Ananya Reddy,ME,1,2.03,94.71,75
103155,Kabir Singh,CSE,7,8.06,95.99,15
103154,Ananya Singh,ME,8,1.36,49.1,58
103153,Diya Joshi,CE,5,8.71,75.44,44
103152,Diya Sharma,EEE,3,1.73,53.66,35
103151,Aarav Reddy,CE,7,2.6,75.62,84
103150,Priya Rao,ME,4,9.27,57.53,73
103149,Ananya Patel,ME,5,4.53,52.89,74
103148,Rohan Jha,CE,4,4.22,93.36,65
103147,Aditya Joshi,CSE,3,4.9,21.4,33
103146,Vikram Patel,CSE,6,9.63,3.75,85
103145,Isha Kumar,ECE,6,5.35,81.81,38
103144,Kabir Verma,CE,2,0.35,10.48,89
103143,Aarav Kumar,ECE,5,1.77,8.22,32
103142,Rohan Joshi,EEE,7,9.97,65.02,52
103141,Diya Sharma,ECE,4,4.72,18.17,3
103140,Sneha Verma,CSE,7,2.9,39.29,86
103139,Sneha Reddy,CE,4,5.85,56.81,45
103138,Vikram Verma,ME,5,4.5,24.63,83
103137,Diya Sharma,CSE,6,5.45,97.54,96
103136,Ananya Singh,ME,7,5.68,20.9,30
103135,Aditya Jha,ECE,7,7.58,13.99,56
103134,Kabir Singh,CE,4,4.0,90.58,89
103133,Aditya Verma,EEE,2,0.43,32.77,17
103132,Ananya Singh,CE,1,5.74,69.01,41
103131,Rohan Rao,CE,5,1.34,86.61,44
103130,Diya Singh,EEE,2,0.1,95.85,68
103129,Sneha Singh,ECE,7,0.2,74.44,15
103128,Aditya Joshi,CSE,8,9.61,1.19,85
103127,Diya Singh,ECE,6,0.89,82.91,40
103126,Aarav Kumar,ME,3,5.6,42.52,54
103125,Aarav Rao,EEE,3,8.33,44.53,73
103124,Isha Joshi,CSE,5,9.45,33.66,1
103123,Sneha Reddy,EEE,2,7.75,57.81,78
103122,Ananya Verma,ECE,4,6.38,20.99,64
103121,Priya Reddy,CE,3,5.23,39.12,66
103120,Diya Joshi,ME,5,9.25,81.09,34
103119,Priya Rao,CE,2,4.62,92.62,96
103118,Isha Joshi,EEE,2,8.2,29.92,69
103117,Ananya Rao,CSE,3,1.43,44.11,74
103116,Sneha Jha,ME,6,7.54,12.64,66
103115,Aditya Joshi,ME,8,5.83,43.8,71
103114,Aditya Patel,ME,3,6.51,38.99,94
103113,Priya Kumar,ECE,2,7.04,54.03,52
103112,Aarav Verma,CSE,6,4.8,57.74,68
103111,Vikram Patel,ME,1,6.1,57.51,3
103110,Priya Singh,CE,3,5.88,57.56,48
103109,Vikram Gupta,EEE,7,5.89,6.53,39
103108,Kabir Patel,CE,8,0.88,47.92,95
103107,Ananya Joshi,EEE,2,3.56,68.56,24
103106,Priya Kumar,ECE,8,8.12,78.42,6
103105,Ananya Kumar,ECE,2,4.45,30.57,41
103104,Isha Singh,CSE,5,8.27,43.48,40
103103,Aditya Joshi,ECE,2,3.53,17.41,69
103102,Ananya Singh,ECE,3,4.27,3.74,60
103101,Aditya Sharma,ECE,4,1.25,21.78,10
103100,Priya Patel,ME,4,0.37,23.14,65
103099,Ananya Kumar,EEE,5,7.02,98.0,58
103098,Rohan Patel,CE,5,1.12,78.95,59
103097,Kabir Patel,CE,4,7.65,63.86,45
103096,Aditya Sharma,ME,5,5.99,25.83,58
103095,Isha Kumar,EEE,2,4.49,5.47,6
103094,Sneha Gupta,ME,2,4.06,97.75,41
103093,Sneha Joshi,ME,3,1.81,66.86,21
103092,Vikram Patel,EEE,4,6.17,55.57,91
103091,Ananya Jha,ECE,3,6.33,46.33,20
103090,Diya Sharma,CSE,4,3.94,65.84,11
103089,Ananya Gupta,ME,6,7.29,21.82,21
103088,Sneha Gupta,CSE,4,5.34,31.25,62
103087,Kabir Joshi,ME,6,3.72,22.28,55
103086,Kabir Jha,CSE,5,4.99,48.04,49
103085,Diya Sharma,ME,4,2.15,63.52,84
103084,Rohan Kumar,CE,3,1.84,85.51,15
103083,Rohan Verma,ME,6,6.11,43.62,61
103082,Aditya Reddy,ME,3,3.01,3.86,18
103081,Diya Sharma,CE,8,2.74,34.29,54
103080,Priya Patel,ME,5,9.5,25.21,76
103079,Aarav Verma,ECE,7,3.72,68.79,6
103078,Aarav Verma,EEE,8,1.62,87.82,4
103077,Aditya Patel,CE,8,5.69,50.27,61
103076,Vikram Patel,CSE,5,7.67,19.16,56
103075,Vikram Reddy,CSE,6,6.45,1.73,45
103074,Sneha Sharma,CSE,1,2.13,67.97,92
103073,Aditya Kumar,CE,4,0.15,92.55,57
103072,Priya Rao,EEE,8,2.62,85.46,13
103071,Priya Sharma,ME,8,3.05,81.48,70
103070,Aditya Verma,ECE,1,5.56,53.96,71
103069,Diya Sharma,CSE,3,2.71,83.36,45
103068,Rohan Reddy,ECE,8,0.39,40.02,70
103067,Rohan Joshi,CE,1,3.27,17.09,4
103066,Ananya Reddy,ME,1,2.65,31.6,77
103065,Isha Joshi,ME,4,3.99,58.15,68
103064,Priya Rao,EEE,5,1.13,46.2,36
103063,Aditya Kumar,EEE,5,4.06,7.53,65
103062,Aditya Sharma,EEE,8,3.07,67.97,32
103061,Diya Patel,CSE,8,5.74,39.64,2
103060,Aarav Jha,ME,8,1.43,61.73,54
103059,Vikram Sharma,CE,5,8.87,57.93,77
103058,Isha Singh,ME,3,3.43,22.35,34
103057,Aditya Reddy,ECE,6,5.75,9.42,41
103056,Aarav Gupta,CE,7,3.69,95.33,51
103055,Priya Joshi,ME,6,6.61,17.82,86
103054,Isha Joshi,CSE,6,9.7,41.9,68
103053,Ananya Rao,ECE,8,6.07,95.65,14
103052,Rohan Sharma,EEE,2,8.56,81.32,31
103051,Vikram Verma,CSE,7,7.56,72.34,74
103050,Aditya Jha,ME,1,4.06,89.57,63
103049,Priya Kumar,ECE,8,7.37,72.83,8
103048,Priya Singh,EEE,3,0.99,54.06,65
103047,Kabir Verma,CSE,2,1.9,66.38,20
103046,Aditya Reddy,ECE,7,4.55,24.78,70
103045,Priya Jha,CE,2,5.06,63.5,80
103044,Aditya Singh,EEE,7,6.73,88.28,26
103043,Vikram Gupta,CE,7,9.34,85.78,22
103042,Rohan Rao,EEE,1,0.6,39.81,89
103041,Aditya Sharma,ME,3,9.25,84.25,78
103040,Aarav Kumar,ECE,5,2.44,52.95,30
103039,Sneha Singh,EEE,7,1.89,9.64,41
103038,Aarav Sharma,CSE,6,9.36,74.8,69
103037,Vikram Reddy,CE,1,7.38,74.51,90
103036,Rohan Joshi,ECE,2,7.35,1.99,28
103035,Rohan Reddy,EEE,5,5.75,52.68,83
103034,Kabir Jha,EEE,2,0.9,86.27,57
103033,Ananya Sharma,ME,3,6.12,53.19,14
103032,Rohan Reddy,ECE,3,0.75,18.3,39
103031,Diya Reddy,ECE,4,2.96,18.03,78
103030,Vikram Reddy,ME,7,7.49,77.51,15
103029,Aditya Jha,CE,8,2.45,31.37,41
103028,Kabir Patel,ECE,1,0.43,38.83,72
103027,Ananya Rao,CSE,6,2.62,53.72,49
103026,Aditya Reddy,EEE,8,9.91,29.8,1
103025,Ananya Kumar,ME,2,7.11,53.83,55
103024,Rohan Verma,CSE,3,8.51,9.44,22
103023,Aditya Sharma,CSE,5,5.74,85.17,28
103022,Aditya Kumar,CSE,4,2.05,10.7,83
103021,Vikram Reddy,CSE,6,6.63,62.35,3
103020,Vikram Gupta,EEE,5,6.64,95.4,5
103019,Diya Reddy,ECE,7,2.44,66.84,19
103018,Sneha Reddy,ECE,1,1.52,31.77,96
103017,Rohan Sharma,ME,3,1.51,28.58,9
103016,Aarav Reddy,CSE,7,3.49,8.37,77
103015,Isha Jha,ME,3,1.6,35.87,19
103014,Vikram Singh,ECE,6,4.14,26.8,57
103013,Priya Jha,CE,5,6.24,90.38,50
103012,Diya Reddy,EEE,6,0.71,76.61,40
103011,Aarav Patel,CE,1,8.04,1.03,47
103010,Kabir Joshi,EEE,8,5.09,58.01,42
103009,Aditya Singh,ECE,5,2.94,44.28,2
103008,Kabir Rao,CE,4,9.09,74.0,0
103007,Rohan Gupta,CSE,7,1.76,67.91,87
103006,Kabir Singh,ECE,8,1.82,2.15,37
103005,Isha Verma,ECE,3,1.42,49.22,49
103004,Sneha Gupta,EEE,6,7.35,89.74,14
103003,Diya Gupta,ME,2,5.88,61.94,32
103002,Isha Sharma,CE,5,6.94,79.79,28
103001,Aditya Reddy,EEE,1,6.7,89.09,9
103000,Aditya Jha,EEE,1,2.36,34.67,88
102999,Ananya Gupta,CSE,3,0.85,97.93,15
102998,Rohan Singh,CE,4,6.27,45.14,98
102997,Sneha Reddy,CE,5,7.13,91.49,92
102996,Rohan Gupta,ME,1,8.03,58.49,88
102995,Isha Gupta,CE,3,3.39,87.22,8
102994,Rohan Patel,CSE,7,3.6,54.16,68
102993,Isha Kumar,ME,7,1.06,78.67,76
102992,Kabir Joshi,CE,2,8.32,47.63,81
102991,Kabir Sharma,ME,1,4.39,87.87,52
102990,Aarav Verma,CE,3,9.58,66.19,16
102989,Aarav Gupta,EEE,5,4.58,94.65,74
102988,Isha Gupta,ECE,1,2.17,71.67,16
102987,Aarav Verma,ECE,4,7.35,55.61,33
102986,Sneha Kumar,ECE,1,1.74,64.18,26
102985,Sneha Sharma,CE,7,1.42,47.84,78
102984,Isha Jha,CSE,2,6.7,42.78,58
102983,Priya Singh,CSE,4,0.22,19.73,52
102982,Aarav Gupta,CSE,3,3.3,57.36,13
102981,Rohan Singh,ECE,3,5.2,15.33,29
102980,Vikram Reddy,ME,3,4.48,33.68,96
102979,Aditya Kumar,CSE,3,1.62,55.91,35
102978,Priya Sharma,ME,4,8.41,5.84,29
102977,Rohan Verma,CE,8,8.89,6.44,33
102976,Sneha Gupta,EEE,5,3.81,58.26,6
102975,Vikram Joshi,CSE,1,5.52,90.16,83
102974,Kabir Singh,CE,7,5.04,69.31,84
102973,Isha Patel,ECE,5,4.07,65.6,2
102972,Priya Reddy,ECE,3,0.33,24.87,39
102971,Ananya Verma,ECE,6,0.48,20.47,23
102970,Aditya Patel,ECE,5,6.96,39.65,28
102969,Ananya Rao,EEE,4,9.44,26.11,46
102968,Sneha Rao,ME,8,9.64,55.54,55
102967,Isha Kumar,CE,6,5.29,59.49,24
102966,Aarav Gupta,ME,2,1.36,11.48,93
102965,Kabir Reddy,CSE,3,7.24,22.34,6
102964,Rohan Sharma,ECE,1,0.43,27.81,55
102963,Kabir Reddy,ME,6,4.73,58.56,99
102962,Aarav Jha,ME,5,8.99,51.86,24
102961,Diya Jha,ECE,1,6.91,11.51,61
102960,Aditya Joshi,EEE,5,1.0,15.77,1
102959,Aditya Reddy,ECE,8,7.24,21.85,73
102958,Vikram Patel,CSE,3,1.46,4.77,42
102957,Kabir Patel,EEE,8,2.85,57.49,34
102956,Vikram Rao,EEE,4,7.53,24.25,90
102955,Priya Patel,ME,2,7.92,30.54,15
102954,Vikram Singh,ME,6,7.54,87.47,37
102953,Diya Kumar,EEE,7,3.49,28.17,84
102952,Ananya Kumar,EEE,5,9.16,62.08,71
102951,Aditya Gupta,CE,7,6.74,42.66,30
102950,Sneha Rao,CE,1,1.79,34.98,20
102949,Diya Kumar,ECE,7,2.23,20.59,88
102948,Diya Reddy,EEE,3,9.63,44.14,14
102947,Sneha Singh,CE,4,0.38,73.91,34
102946,Vikram Sharma,ME,6,0.33,40.67,45
102945,Isha Patel,CSE,7,8.16,38.57,44
102944,Kabir Joshi,CE,8,4.01,57.24,75
102943,Aarav Sharma,ECE,7,9.68,46.43,39
102942,Kabir Patel,EEE,8,8.0,28.41,0
102941,Diya Verma,ME,1,7.75,48.63,48
102940,Diya Kumar,ECE,4,1.25,4.57,15
102939,Vikram Kumar,ME,4,0.31,51.25,92
102938,Priya Rao,ME,4,1.15,9.17,98
102937,Aarav Jha,ME,8,6.49,42.04,30
102936,Isha Singh,CSE,3,1.32,65.2,86
102935,Vikram Sharma,EEE,8,2.16,16.5,62
102934,Diya Singh,CE,7,4.63,56.65,58
102933,Isha Verma,ECE,2,1.5,7.33,25
102932,Kabir Gupta,CE,3,6.67,7.11,83
102931,Sneha Gupta,CSE,8,8.03,81.12,2
102930,Ananya Rao,CE,4,5.91,45.09,63
102929,Diya Kumar,ME,7,2.72,56.96,85
102928,Ananya Kumar,CSE,7,9.77,26.77,9
102927,Kabir Jha,CSE,6,3.18,56.87,22
102926,Vikram Singh,EEE,8,6.57,38.61,40
102925,Priya Reddy,ECE,7,6.61,50.87,36
102924,Aditya Patel,CSE,6,1.48,88.85,9
102923,Isha Patel,CSE,4,0.06,66.9,29
102922,Isha Singh,CSE,2,5.32,27.16,87
102921,Sneha Singh,ME,1,9.0,24.22,81
102920,Rohan Gupta,ME,7,0.57,18.3,79
102919,Kabir Gupta,ME,3,7.17,66.5,87
102918,Rohan Gupta,ECE,1,6.35,75.44,37
102917,Isha Patel,ECE,3,2.1,96.99,27
102916,Vikram Patel,EEE,5,7.79,47.85,41
102915,Priya Joshi,EEE,3,7.06,96.37,63
102914,Rohan Reddy,CSE,6,6.45,95.22,70
102913,Aditya Gupta,ECE,7,0.39,1.42,15
102912,Aarav Joshi,ECE,7,6.07,78.79,15
102911,Sneha Sharma,CE,7,0.92,4.9,58
102910,Priya Kumar,ECE,3,2.27,42.68,64
102909,Priya Rao,ECE,3,0.01,36.36,60
102908,Priya Singh,ECE,3,1.51,69.32,56
102907,Isha Singh,ME,3,7.19,96.64,45
102906,Aditya Reddy,ECE,1,6.01,18.65,92
102905,Priya Verma,ECE,7,6.22,35.11,19
102904,Priya Reddy,EEE,2,4.94,16.45,4
102903,Ananya Reddy,CSE,5,2.27,57.37,15
102902,Rohan Gupta,CSE,5,1.86,46.31,24
102901,Sneha Joshi,CSE,1,0.25,15.2,87
102900,Aarav Kumar,ECE,8,9.32,6.29,47
102899,Vikram Singh,ECE,8,0.03,27.87,7
102898,Isha Jha,CE,3,5.77,40.03,41
102897,Aarav Joshi,CE,6,8.75,82.04,28
102896,Isha Sharma,CSE,8,1.94,96.49,82
102895,Kabir Gupta,CE,8,2.6,84.41,83
102894,Aditya Patel,ME,3,2.09,81.56,84
102893,Rohan Gupta,CSE,2,3.68,54.9,11
102892,Aarav Sharma,EEE,2,4.96,53.08,45
102891,Diya Reddy,ECE,8,2.26,96.11,87
102890,Ananya Patel,ME,5,2.13,80.96,57
102889,Kabir Joshi,EEE,4,2.48,89.73,53
102888,Kabir Gupta,CE,2,9.33,28.59,85
102887,Isha Patel,ECE,4,3.68,71.74,15
102886,Vikram Patel,CE,3,1.13,92.26,1
102885,Vikram Rao,ECE,6,7.87,37.12,48
102884,Diya Kumar,EEE,5,5.08,81.48,23
102883,Rohan Kumar,ME,6,0.22,69.77,1
102882,Aditya Reddy,CSE,7,2.09,28.04,10
102881,Diya Jha,ME,7,3.87,72.81,99
102880,Diya Patel,ME,4,3.6,23.99,47
102879,Isha Reddy,EEE,5,4.99,79.61,51
102878,Aditya Jha,CE,1,3.74,71.88,47
102877,Aarav Singh,CSE,2,7.06,36.58,85
102876,Aarav Kumar,EEE,4,2.25,26.07,25
102875,Priya Gupta,ME,8,9.74,18.67,46
102874,Ananya Rao,EEE,7,2.64,20.1,43
102873,Diya Verma,EEE,7,1.48,24.01,39
102872,Aditya Joshi,CSE,8,9.49,59.41,87
102871,Vikram Gupta,ME,6,2.67,15.13,86
102870,Rohan Reddy,CSE,2,2.96,14.69,27
102869,Diya Reddy,ECE,8,1.9,84.65,49
102868,Kabir Rao,ECE,4,5.68,34.38,38
102867,Kabir Patel,CSE,8,9.65,39.15,25
102866,Sneha Kumar,CSE,5,5.81,77.88,100
102865,Vikram Singh,CE,3,0.84,51.21,50
102864,Aditya Kumar,CE,7,4.61,75.31,5
102863,Priya Verma,CE,8,0.14,5.59,51
102862,Aditya Patel,CSE,7,3.92,15.08,10
102861,Diya Joshi,ECE,2,9.44,2.92,31
102860,Vikram Verma,CE,5,3.78,60.81,20
102859,Priya Gupta,CSE,1,6.52,99.07,11
102858,Isha Jha,ME,7,9.03,9.6,68
102857,Priya Sharma,CSE,6,7.15,59.49,56
102856,Aditya Verma,CE,6,8.86,40.72,50
102855,Ananya Singh,ME,4,0.41,77.68,16
102854,Rohan Singh,ECE,3,7.17,49.8,16
102853,Aarav Gupta,CSE,4,9.79,27.7,91
102852,Diya Rao,ECE,1,6.73,73.57,94
102851,Rohan Joshi,CSE,2,4.21,95.35,46
102850,Ananya Patel,ME,8,9.87,65.48,93
102849,Aditya Gupta,ECE,3,6.62,15.55,32
102848,Isha Gupta,CSE,1,1.78,21.38,37
102847,Sneha Patel,CSE,2,9.95,13.81,92
102846,Rohan Joshi,EEE,8,8.99,80.37,35
102845,Sneha Singh,CE,4,0.67,97.91,77
102844,Rohan Verma,CE,1,7.09,75.04,98
102843,Aditya Verma,EEE,6,5.69,46.38,60
102842,Ananya Verma,EEE,7,2.11,37.14,70
102841,Aditya Rao,CE,1,6.86,56.55,55
102840,Diya Gupta,CSE,6,9.07,52.44,15
102839,Aditya Sharma,ECE,4,4.31,95.74,12
102838,Aarav Jha,CSE,2,8.01,84.19,28
102837,Ananya Patel,CE,8,8.9,69.49,16
102836,Vikram Gupta,CSE,3,4.58,35.37,23
102835,Vikram Patel,ECE,7,0.46,95.33,30
102834,Aditya Jha,ME,3,0.88,59.34,75
102833,Kabir Kumar,CE,6,7.54,99.6,71
102832,Ananya Reddy,CE,8,2.2,13.61,0
102831,Vikram Joshi,ME,4,0.14,88.64,14
102830,Aarav Kumar,ECE,1,6.37,95.91,71
102829,Ananya Sharma,CSE,1,6.43,89.23,86
102828,Rohan Rao,ECE,4,7.89,30.77,12
102827,Rohan Patel,CSE,8,5.37,18.38,7
102826,Ananya Jha,ECE,7,3.13,13.0,50
102825,Sneha Kumar,CSE,4,1.61,34.79,1
102824,Priya Sharma,CSE,7,4.91,37.7,20
102823,Priya Rao,ME,5,5.81,96.32,47
102822,Priya Jha,EEE,5,6.94,12.53,27
102821,Aarav Verma,EEE,7,7.17,47.75,5
102820,Diya Rao,CSE,1,3.98,42.85,70
102819,Rohan Sharma,ME,7,0.71,5.93,62
102818,Aditya Kumar,ME,4,9.09,68.6,43
102817,Diya Verma,ECE,6,8.81,61.66,22
102816,Aarav Joshi,EEE,5,0.64,54.28,80
102815,Aarav Patel,ME,3,9.38,87.83,54
102814,Diya Singh,ME,1,2.03,89.73,15
102813,Sneha Sharma,ECE,2,0.48,98.26,36
102812,Rohan Jha,EEE,1,9.31,70.83,75
102811,Isha Patel,CSE,8,1.0,44.29,24
102810,Sneha Rao,ME,8,6.34,61.76,4
102809,Aarav Verma,ME,2,3.37,86.28,23
102808,Diya Kumar,CSE,1,1.58,41.77,89
102807,Ananya Gupta,CSE,2,6.67,18.22,40
102806,Aarav Reddy,EEE,6,9.19,31.51,34
102805,Sneha Patel,CE,7,0.54,70.27,21
102804,Isha Joshi,CE,2,6.01,68.67,18
102803,Aarav Rao,CSE,4,1.0,8.33,12
102802,Aditya Kumar,ME,2,0.43,62.89,39
102801,Rohan Singh,EEE,3,7.29,0.97,4
102800,Sneha Jha,EEE,6,3.52,36.42,50
102799,Sneha Sharma,CE,8,9.27,70.47,50
102798,Priya Reddy,ME,7,9.15,54.02,42
102797,Kabir Patel,EEE,4,5.47,96.77,40
102796,Vikram Sharma,CE,8,1.94,54.8,91
102795,Sneha Gupta,CE,1,4.06,27.3,69
102794,Kabir Singh,ME,8,2.56,76.39,30
102793,Sneha Joshi,EEE,7,2.22,18.32,59
102792,Aditya Verma,ECE,2,0.36,33.23,19
102791,Vikram Verma,EEE,3,9.77,20.22,39
102790,Vikram Kumar,ECE,5,2.79,47.22,14
102789,Priya Gupta,EEE,8,4.13,55.53,27
102788,Ananya Joshi,EEE,5,5.62,32.72,37
102787,Diya Kumar,CSE,1,9.57,25.64,89
102786,Aarav Rao,ECE,4,0.44,46.24,55
102785,Rohan Reddy,CSE,1,7.44,22.74,56
102784,Diya Gupta,CE,2,9.81,65.69,40
102783,Sneha Joshi,CSE,2,1.16,37.18,0
102782,Ananya Reddy,EEE,6,0.06,6.59,100
102781,Rohan Gupta,ME,8,2.4,13.62,53
102780,Kabir Sharma,CSE,2,4.85,65.19,66
102779,Isha Gupta,EEE,3,9.2,61.1,92
102778,Vikram Patel,CSE,8,1.72,82.73,35
102777,Aarav Sharma,CSE,7,2.2,70.41,43
102776,Diya Gupta,ECE,6,4.97,0.01,73
102775,Sneha Jha,CSE,6,4.35,50.58,0
102774,Sneha Patel,ECE,2,8.23,34.66,37
102773,Sneha Joshi,EEE,2,4.49,81.12,33
102772,Vikram Gupta,CE,5,1.77,14.09,61
102771,Ananya Verma,EEE,3,2.8,60.86,75
102770,Isha Patel,CSE,3,4.88,38.51,23
102769,Isha Kumar,ME,6,9.72,11.78,62
102768,Aditya Sharma,EEE,6,9.35,94.07,100
102767,Vikram Kumar,CE,3,3.8,30.27,10
102766,Isha Reddy,CSE,4,1.27,94.33,16
102765,Sneha Rao,CE,3,3.63,84.39,72
102764,Diya Verma,CE,8,7.82,7.26,3
102763,Aarav Joshi,ECE,7,5.58,52.0,81
102762,Vikram Joshi,EEE,7,1.59,60.69,100
102761,Aditya Singh,CE,7,5.48,29.42,18
102760,Kabir Rao,CE,1,5.23,1.5,98
102759,Kabir Sharma,CE,6,1.01,61.41,75
102758,Vikram Kumar,ME,2,7.09,70.41,28
102757,Vikram Reddy,CE,7,2.69,7.38,82
102756,Diya Reddy,CE,2,3.31,90.29,5
102755,Vikram Gupta,CSE,6,8.17,27.89,42
102754,Ananya Sharma,CSE,4,7.33,99.46,58
102753,Rohan Singh,ME,5,4.09,98.24,40
102752,Aarav Jha,ME,7,7.83,76.64,70
102751,Aditya Patel,ME,4,6.41,8.51,65
102750,Priya Kumar,CE,2,2.89,91.73,30
102749,Aditya Jha,CE,2,0.11,8.36,37
102748,Vikram Verma,CSE,1,5.08,63.14,85
102747,Rohan Sharma,CSE,2,6.92,38.59,55
102746,Rohan Gupta,CSE,1,8.16,1.49,29
102745,Diya Singh,ECE,1,7.12,55.7,27
102744,Ananya Gupta,CSE,8,0.3,92.0,20
102743,Aditya Singh,EEE,8,1.63,23.55,72
102742,Diya Joshi,CE,5,1.75,13.22,26
102741,Ananya Patel,CE,3,2.54,23.26,11
102740,Aarav Patel,ME,8,5.79,13.28,61
102739,Diya Joshi,EEE,3,8.85,76.43,76
102738,Aditya Patel,EEE,7,8.04,56.79,54
102737,Aarav Kumar,ECE,2,1.47,45.65,64
102736,Sneha Verma,CE,4,4.5,78.43,13
102735,Sneha Patel,ME,7,0.53,53.17,68
102734,Ananya Reddy,ME,3,2.79,25.44,85
102733,Ananya Joshi,CSE,7,4.41,50.52,65
102732,Priya Patel,CSE,1,8.58,86.32,100
102731,Sneha Joshi,EEE,3,2.67,89.38,42
102730,Sneha Singh,CSE,7,6.09,79.28,29
102729,Aditya Sharma,CSE,7,9.62,82.67,32
102728,Aditya Reddy,ECE,2,8.98,35.36,1
102727,Priya Singh,ME,3,4.89,3.07,71
102726,Isha Rao,CSE,8,4.38,77.36,97
102725,Priya Gupta,CE,5,7.7,61.48,94
102724,Isha Kumar,ECE,4,8.46,7.67,17
102723,Aarav Sharma,CE,5,3.06,36.74,83
102722,Priya Joshi,ME,5,3.62,75.24,34
102721,Kabir Joshi,ECE,5,1.28,67.17,88
102720,Aditya Sharma,CE,6,9.74,63.56,47
102719,Sneha Singh,CE,6,6.96,72.95,96
102718,Aarav Singh,EEE,5,2.29,75.97,61
102717,Vikram Patel,ECE,7,0.76,73.04,21
102716,Diya Kumar,CE,1,9.31,27.32,17
102715,Isha Jha,EEE,3,1.96,7.91,73
102714,Aarav Sharma,EEE,1,1.08,58.88,50
102713,Ananya Verma,ME,5,5.33,51.71,49
102712,Diya Verma,CE,1,1.04,17.69,90
102711,Isha Reddy,CE,8,3.11,13.43,40
102710,Vikram Gupta,ECE,2,1.75,29.41,97
102709,Vikram Kumar,EEE,6,2.29,5.37,88
102708,Vikram Gupta,ECE,7,3.37,28.92,13
102707,Aarav Reddy,ECE,4,8.57,36.95,51
102706,Isha Patel,ME,4,1.92,50.64,77
102705,Vikram Kumar,CE,8,3.4,89.25,73
102704,Vikram Patel,ECE,1,8.2,93.14,40
102703,Vikram Patel,EEE,7,4.31,41.05,41
102702,Rohan Patel,EEE,5,1.79,29.33,48
102701,Isha Sharma,CSE,1,5.94,65.13,38
102700,Rohan Verma,EEE,5,3.28,59.95,48
102699,Aditya Joshi,CE,4,4.21,24.86,90
102698,Ananya Jha,CSE,7,6.83,6.19,76
102697,Isha Kumar,ECE,7,8.89,4.45,14
102696,Aarav Verma,CSE,3,7.22,67.95,7
102695,Kabir Verma,ME,6,5.88,97.89,84
102694,Diya Reddy,EEE,8,3.12,50.67,72
102693,Vikram Patel,EEE,7,6.16,53.84,31
102692,Vikram Joshi,CSE,4,8.4,62.25,50
102691,Aarav Reddy,CE,3,0.97,7.96,34
102690,Diya Joshi,EEE,1,5.47,95.64,93
102689,Ananya Jha,CE,2,7.72,12.68,33
102688,Aarav Singh,ME,5,0.28,56.72,51
102687,Kabir Jha,ECE,5,1.25,9.74,40
102686,Ananya Reddy,ME,1,9.1,36.03,35
102685,Sneha Gupta,ECE,1,9.18,32.12,65
102684,Vikram Verma,ECE,4,4.75,40.76,0
102683,Priya Kumar,EEE,3,9.99,87.31,91
102682,Ananya Patel,CSE,4,9.99,11.29,96
102681,Aditya Jha,EEE,2,4.25,62.32,8
102680,Aarav Reddy,ECE,5,3.95,15.13,96
102679,Diya Singh,ME,7,5.33,50.18,78
102678,Diya Singh,CE,5,5.43,12.51,64
102677,Isha Sharma,ECE,6,1.02,14.23,45
102676,Diya Reddy,CSE,5,4.53,31.24,8
102675,Vikram Patel,EEE,7,3.84,24.87,33
102674,Isha Rao,CE,3,2.93,4.52,77
102673,Aditya Joshi,ECE,6,7.23,35.4,99
102672,Aditya Singh,ECE,8,2.84,89.38,88
102671,Kabir Verma,EEE,7,1.12,42.71,63
102670,Isha Sharma,ME,1,5.89,22.93,15
102669,Diya Reddy,EEE,3,4.63,75.22,74
102668,Ananya Gupta,EEE,8,6.74,59.04,21
102667,Priya Reddy,EEE,2,3.0,40.32,97
102666,Aarav Reddy,CE,6,4.73,9.37,23
102665,Sneha Jha,CSE,3,0.62,2.57,69
102664,Isha Kumar,EEE,4,5.71,44.04,64
102663,Aditya Reddy,ME,5,5.35,16.07,15
102662,Isha Sharma,EEE,5,9.28,50.82,9
102661,Diya Rao,EEE,8,9.01,89.74,10
102660,Aarav Patel,CSE,2,2.35,68.43,96
102659,Rohan Verma,CSE,7,0.55,15.84,85
102658,Rohan Sharma,ECE,8,0.51,46.07,69
102657,Isha Sharma,CSE,5,1.65,43.08,84
102656,Aditya Rao,EEE,5,5.83,91.2,78
102655,Kabir Singh,ECE,3,7.62,43.69,26
102654,Rohan Singh,CE,5,9.53,48.5,73
102653,Vikram Rao,EEE,5,1.02,90.81,12
102652,Priya Verma,ECE,8,5.9,68.52,53
102651,Kabir Rao,CE,7,7.83,52.92,63
102650,Sneha Gupta,CSE,5,6.11,50.18,75
102649,Kabir Rao,CSE,6,2.49,99.75,8
102648,Priya Joshi,EEE,2,8.21,56.29,89
102647,Isha Verma,ME,1,0.2,65.51,74
102646,Diya Sharma,CSE,2,0.51,58.85,85
102645,Aarav Patel,CE,7,4.26,31.06,42
102644,Ananya Joshi,ECE,3,6.99,47.5,4
102643,Kabir Reddy,CE,7,8.23,7.89,74
102642,Priya Rao,CE,3,8.23,91.95,56
102641,Isha Sharma,ECE,2,5.61,33.38,85
102640,Aditya Joshi,ME,8,4.26,42.95,32
102639,Rohan Verma,ECE,1,0.17,43.51,44
102638,Kabir Kumar,EEE,5,4.92,19.95,51
102637,Ananya Singh,CSE,8,7.13,33.21,6
102636,Sneha Sharma,CE,2,1.95,4.25,57
102635,Sneha Jha,CSE,3,5.93,86.84,13
102634,Isha Gupta,CE,1,5.44,51.69,93
102633,Vikram Joshi,ECE,2,4.49,27.62,11
102632,Ananya Joshi,CSE,1,2.07,80.61,94
102631,Rohan Patel,CE,7,0.03,4.41,7
102630,Sneha Patel,CE,3,9.46,25.13,13
102629,Diya Verma,ME,8,5.9,77.84,44
102628,Sneha Reddy,CE,8,3.69,89.3,39
102627,Aarav Singh,ME,1,2.5,12.47,78
102626,Rohan Gupta,ME,2,3.42,26.11,20
102625,Isha Verma,CE,7,8.62,2.24,29
102624,Priya Joshi,CE,5,0.6,59.91,7
102623,Rohan Jha,CSE,7,1.23,61.43,61
102622,Priya Sharma,ME,2,8.88,77.85,3
102621,Sneha Joshi,ME,6,3.87,76.26,16
102620,Aarav Verma,ECE,8,1.19,27.55,54
102619,Aarav Singh,EEE,6,1.28,69.46,63
102618,Priya Kumar,ME,7,8.4,6.6,94
102617,Rohan Gupta,EEE,5,3.76,1.71,75
102616,Vikram Joshi,ECE,6,8.6,57.64,41
102615,Kabir Gupta,CSE,2,2.84,78.98,87
102614,Aarav Gupta,CE,5,7.77,10.36,97
102613,Aarav Patel,EEE,4,4.31,33.73,68
102612,Aditya Jha,ECE,4,9.25,74.68,27
102611,Aarav Verma,EEE,1,4.46,72.3,84
102610,Ananya Verma,CSE,7,4.03,12.95,23
102609,Isha Reddy,CE,3,0.54,60.58,95
102608,Vikram Sharma,ECE,3,1.16,15.74,87
102607,Ananya Singh,EEE,8,0.93,96.74,18
102606,Aditya Singh,CSE,4,9.12,57.65,60
102605,Diya Kumar,CSE,2,3.03,47.8,83
102604,Priya Rao,CSE,1,7.79,64.29,21
102603,Ananya Rao,EEE,6,1.09,6.64,20
102602,Aarav Singh,CSE,5,9.78,23.63,49
102601,Sneha Joshi,ME,3,2.37,53.5,7
102600,Isha Rao,CE,8,3.49,21.06,94
102599,Aditya Singh,ECE,1,8.83,26.53,70
102598,Ananya Gupta,ME,7,7.29,72.61,6
102597,Sneha Gupta,EEE,4,1.31,2.81,86
102596,Priya Rao,CE,8,7.19,21.42,90
102595,Isha Sharma,ECE,3,4.4,16.21,42
102594,Isha Rao,CSE,3,8.93,60.36,74
102593,Priya Sharma,EEE,6,2.61,25.39,99
102592,Ananya Jha,CE,8,2.19,80.82,37
102591,Diya Joshi,ECE,6,5.56,30.81,53
102590,Rohan Singh,ECE,6,6.53,70.25,31
102589,Vikram Kumar,EEE,2,6.4,23.63,70
102588,Rohan Gupta,ECE,4,7.41,88.16,12
102587,Priya Jha,ECE,3,9.57,92.61,41
102586,Rohan Jha,CSE,8,1.76,45.72,27
102585,Isha Reddy,EEE,4,7.3,39.25,70
102584,Vikram Gupta,EEE,1,3.25,61.86,65
102583,Isha Kumar,ME,6,5.62,26.56,17
102582,Aditya Verma,CE,3,7.87,89.99,61
102581,Aditya Jha,ME,1,5.33,76.69,51
102580,Aarav Verma,EEE,4,4.15,48.95,26
102579,Diya Gupta,CSE,5,6.24,5.9,94
102578,Rohan Joshi,CSE,3,1.9,6.29,25
102577,Rohan Kumar,ME,4,9.5,6.96,27
102576,Kabir Reddy,ECE,1,1.3,84.6,94
102575,Rohan Jha,ECE,7,4.49,63.73,56
102574,Aditya Rao,CE,7,5.86,99.51,62
102573,Vikram Joshi,ECE,2,2.84,28.44,66
102572,Priya Sharma,ME,6,4.81,52.18,81
102571,Ananya Singh,ECE,2,7.99,86.85,8
102570,Aarav Gupta,ME,6,6.39,58.63,29
102569,Ananya Reddy,ME,1,1.36,85.1,5
102568,Diya Patel,ECE,3,3.05,61.44,15
102567,Aditya Kumar,EEE,7,9.65,79.66,40
102566,Isha Kumar,EEE,6,9.83,89.32,35
102565,Aditya Reddy,CE,8,2.8,86.26,17
102564,Aditya Reddy,CE,1,9.56,86.4,74
102563,Aditya Joshi,EEE,6,4.02,89.02,42
102562,Aarav Rao,ECE,8,0.07,36.1,30
102561,Vikram Rao,EEE,2,6.96,52.37,71
102560,Rohan Verma,ME,2,0.35,35.39,58
102559,Priya Reddy,CE,6,0.46,95.98,34
102558,Diya Singh,CE,8,7.28,95.06,12
102557,Ananya Kumar,ME,4,1.07,72.89,46
102556,Ananya Kumar,ECE,7,3.08,32.52,58
102555,Aarav Singh,EEE,6,5.82,26.91,4
102554,Aditya Rao,CSE,2,9.14,59.9,21
102553,Kabir Patel,ECE,1,1.94,62.81,15
102552,Aditya Patel,CE,6,0.16,32.04,62
102551,Ananya Joshi,CE,6,3.66,95.16,62
102550,Priya Kumar,EEE,6,1.02,86.05,64
102549,Sneha Reddy,ECE,3,4.04,58.91,88
102548,Sneha Gupta,EEE,6,7.22,93.22,22
102547,Aditya Rao,CSE,6,4.05,26.07,87
102546,Aditya Rao,ME,7,8.3,22.22,24
102545,Sneha Rao,ME,3,6.38,63.39,17
102544,Kabir Patel,ECE,7,4.61,39.41,17
102543,Ananya Gupta,ME,3,7.78,34.26,47
102542,Vikram Reddy,EEE,6,6.86,56.92,3
102541,Priya Kumar,CSE,5,8.83,66.36,46
102540,Aditya Kumar,EEE,1,3.99,18.62,80
102539,Sneha Joshi,EEE,4,4.94,74.98,82
102538,Diya Reddy,EEE,8,7.19,15.39,16
102537,Ananya Jha,CE,8,3.84,14.99,79
102536,Rohan Sharma,EEE,8,2.75,78.02,78
102535,Rohan Singh,EEE,7,4.48,47.76,69
102534,Aditya Joshi,CE,1,6.95,44.14,45
102533,Kabir Rao,ME,2,6.47,28.36,57
102532,Aditya Reddy,EEE,5,5.07,29.19,16
102531,Rohan Sharma,ME,1,9.51,69.18,29
102530,Kabir Singh,CE,5,7.83,86.81,20
102529,Diya Reddy,CE,1,5.58,53.43,87
102528,Diya Gupta,CSE,3,0.73,57.06,41
102527,Sneha Sharma,ME,8,9.37,68.67,51
102526,Rohan Gupta,ECE,6,3.28,15.92,50
102525,Rohan Sharma,ME,1,3.76,14.36,84
102524,Isha Sharma,CE,8,2.36,40.51,99
102523,Diya Joshi,CE,7,6.81,99.45,58
102522,Aarav Kumar,ECE,8,9.6,2.29,100
102521,Priya Verma,EEE,3,5.44,99.59,52
102520,Diya Jha,ECE,7,8.67,23.16,69
102519,Vikram Gupta,EEE,6,7.35,49.13,93
102518,Ananya Jha,EEE,3,1.02,19.34,66
102517,Isha Joshi,ECE,3,0.75,83.4,81
102516,Kabir Verma,CE,8,5.34,92.77,59
102515,Ananya Reddy,ME,5,9.95,23.65,26
102514,Diya Kumar,CSE,3,8.64,29.4,5
102513,Aditya Patel,ME,5,5.93,72.6,21
102512,Sneha Reddy,CSE,4,2.18,7.43,85
102511,Vikram Singh,EEE,6,1.32,49.57,73
102510,Ananya Verma,EEE,3,0.0,11.26,96
102509,Isha Joshi,CSE,8,0.11,84.95,21
102508,Sneha Kumar,ECE,4,3.45,96.1,13
102507,Kabir Verma,ECE,4,2.03,23.21,16
102506,Diya Verma,ME,1,3.97,52.4,68
102505,Ananya Jha,CE,7,9.23,98.2,72
102504,Rohan Reddy,CE,3,5.96,34.46,71
102503,Isha Jha,CE,5,3.91,5.82,57
102502,Vikram Gupta,CSE,6,2.21,27.98,2
102501,Vikram Gupta,EEE,4,8.72,94.94,82
102500,Ananya Patel,EEE,2,8.58,32.14,58
102499,Aarav Sharma,CSE,7,5.28,61.21,35
102498,Aditya Singh,CSE,2,6.68,81.43,42
102497,Vikram Reddy,CSE,1,1.17,97.97,49
102496,Isha Singh,CSE,1,6.68,51.39,76
102495,Kabir Joshi,ME,1,8.55,83.25,21
102494,Ananya Patel,ECE,5,3.99,14.9,75
102493,Ananya Gupta,ECE,6,5.72,98.05,96
102492,Sneha Reddy,CSE,4,0.15,48.19,54
102491,Rohan Reddy,ME,2,7.84,38.24,48
102490,Sneha Sharma,EEE,3,4.06,76.31,69
102489,Sneha Reddy,CSE,3,9.02,56.63,55
102488,Priya Joshi,ECE,1,8.36,98.09,0
102487,Kabir Joshi,ECE,4,3.26,66.25,46
102486,Ananya Jha,CE,1,6.42,17.39,27
102485,Aditya Sharma,CE,1,9.9,47.3,50
102484,Rohan Singh,ME,3,7.76,42.99,72
102483,Aarav Joshi,ME,4,9.53,89.05,13
102482,Sneha Rao,CE,4,1.47,56.53,37
102481,Diya Rao,CE,2,8.89,29.55,68
102480,Diya Reddy,EEE,7,8.7,65.68,70
102479,Aarav Jha,ME,3,4.03,59.79,73
102478,Aarav Joshi,ME,2,8.03,28.58,23
102477,Ananya Sharma,CSE,6,4.52,69.4,77
102476,Aditya Gupta,CE,1,2.12,64.51,78
102475,Isha Singh,ME,5,2.37,86.28,70
102474,Kabir Sharma,CSE,4,3.04,55.45,67
102473,Isha Reddy,EEE,3,6.21,98.39,33
102472,Vikram Joshi,EEE,3,4.36,10.88,80
102471,Priya Verma,ECE,4,2.54,34.05,6
102470,Ananya Sharma,CE,3,6.85,7.27,95
102469,Aarav Singh,CSE,4,3.61,39.78,77
102468,Aarav Joshi,CSE,2,7.46,42.65,2
102467,Aarav Kumar,ECE,8,9.36,42.87,95
102466,Kabir Gupta,EEE,7,9.41,4.29,46
102465,Sneha Reddy,CSE,2,2.55,3.65,95
102464,Rohan Singh,EEE,3,0.74,45.13,42
102463,Sneha Sharma,EEE,3,7.57,40.73,21
102462,Diya Patel,CSE,5,2.26,39.7,61
102461,Ananya Patel,EEE,2,8.09,87.08,81
102460,Diya Singh,CE,6,6.1,34.58,7
102459,Isha Patel,ME,2,9.6,90.79,0
102458,Diya Joshi,CSE,4,6.88,33.39,81
102457,Aarav Rao,CSE,6,7.79,11.2,16
102456,Aditya Joshi,CSE,1,9.12,20.87,3
102455,Aditya Jha,ME,7,0.95,96.07,52
102454,Aarav Reddy,CSE,2,9.56,91.81,78
102453,Ananya Singh,CE,4,1.35,64.4,28
102452,Aditya Jha,CSE,1,6.06,19.86,75
102451,Vikram Singh,ECE,2,0.9,71.13,58
102450,Sneha Singh,EEE,5,5.87,88.35,15
102449,Aarav Patel,ECE,4,9.16,20.89,97
102448,Rohan Jha,EEE,1,6.74,33.99,37
102447,Priya Joshi,EEE,3,8.3,27.54,92
102446,Kabir Joshi,EEE,1,7.72,73.08,47
102445,Priya Sharma,CSE,8,3.77,41.12,35
102444,Rohan Reddy,ECE,6,3.4,68.32,37
102443,Vikram Gupta,ME,6,7.58,86.63,5
102442,Kabir Verma,CE,1,8.22,29.16,80
102441,Vikram Gupta,ME,7,2.14,30.96,99
102440,Rohan Joshi,EEE,5,4.08,15.86,31
102439,Priya Gupta,CSE,3,6.97,61.91,37
102438,Aditya Singh,CE,4,5.28,6.42,34
102437,Aarav Patel,ME,3,5.47,47.36,31
102436,Vikram Patel,EEE,2,8.9,91.52,94
102435,Aditya Gupta,ECE,2,0.61,80.2,15
102434,Aditya Jha,EEE,6,7.87,1.7,79
102433,Isha Sharma,CE,4,2.4,60.21,78
102432,Sneha Patel,ECE,7,7.3,55.25,5
102431,Vikram Gupta,ME,4,9.91,36.96,6
102430,Aditya Patel,EEE,3,4.05,56.3,30
102429,Aarav Patel,ECE,7,3.45,34.15,46
102428,Vikram Jha,CSE,7,4.67,4.41,6
102427,Ananya Gupta,ECE,5,5.01,78.83,40
102426,Aditya Gupta,EEE,8,2.87,52.22,98
102425,Vikram Verma,EEE,5,7.53,26.08,10
102424,Aditya Kumar,CSE,1,7.19,98.84,40
102423,Ananya Verma,ECE,8,9.53,9.83,100
102422,Aarav Verma,ME,3,7.58,80.8,74
102421,Aarav Sharma,CSE,1,7.75,69.09,92
102420,Ananya Kumar,CE,3,6.81,99.28,43
102419,Ananya Joshi,ECE,8,0.71,72.09,69
102418,Aarav Reddy,CE,4,1.4,79.0,89
102417,Aditya Joshi,CSE,5,2.61,54.89,22
102416,Rohan Singh,CSE,2,2.41,55.23,43
102415,Aditya Jha,CE,3,0.53,17.98,29
102414,Diya Verma,ECE,1,2.3,70.03,14
102413,Priya Reddy,ME,7,7.73,46.49,11
102412,Kabir Kumar,ME,4,9.26,79.83,2
102411,Aditya Rao,ECE,8,4.25,61.09,56
102410,Aditya Rao,EEE,6,8.86,15.74,76
102409,Vikram Singh,ECE,5,7.14,71.37,86
102408,Vikram Verma,CSE,3,2.12,15.37,13
102407,Isha Reddy,CSE,3,3.75,53.3,87
102406,Priya Kumar,ME,7,1.54,6.33,20
102405,Isha Singh,EEE,3,0.31,72.57,92
102404,Rohan Singh,ECE,4,1.33,46.09,84
102403,Aarav Patel,ECE,3,8.22,23.42,5
102402,Isha Joshi,ECE,1,7.39,98.07,73
102401,Diya Singh,EEE,5,0.0,69.64,45
102400,Aarav Jha,ECE,7,8.87,10.01,64
102399,Aditya Singh,CSE,8,6.89,54.11,84
102398,Ananya Kumar,ECE,2,0.94,25.03,76
102397,Diya Reddy,CSE,5,6.43,88.98,26
102396,Rohan Singh,ECE,4,3.71,3.66,1
102395,Vikram Joshi,CSE,2,6.81,97.59,56
102394,Ananya Rao,ECE,4,4.11,4.39,59
102393,Sneha Jha,ECE,7,9.58,1.64,9
102392,Priya Kumar,CSE,6,3.57,75.89,68
102391,Priya Reddy,EEE,6,0.96,47.19,25
102390,Rohan Verma,ME,7,2.51,80.46,75
102389,Rohan Sharma,ME,7,5.68,0.15,24
102388,Aditya Rao,EEE,3,6.28,97.75,0
102387,Ananya Singh,ME,5,8.1,75.77,85
102386,Kabir Verma,ME,5,7.46,2.03,72
102385,Isha Reddy,ECE,3,1.1,72.12,66
102384,Rohan Jha,ECE,8,9.05,1.71,30
102383,Priya Jha,ECE,5,8.39,96.35,34
102382,Aarav Jha,EEE,2,5.86,34.78,82
102381,Vikram Verma,ME,3,2.83,17.71,98
102380,Isha Gupta,CSE,1,7.48,52.43,26
102379,Priya Jha,CE,5,4.37,25.21,55
102378,Kabir Jha,ECE,3,2.07,35.32,85
102377,Rohan Verma,ME,6,9.77,37.87,66
102376,Priya Verma,CSE,7,1.07,20.63,18
102375,Ananya Reddy,ECE,4,2.77,11.26,0
102374,Priya Gupta,CSE,4,9.98,74.49,93
102373,Priya Patel,ECE,3,8.14,58.02,85
102372,Vikram Patel,EEE,8,0.01,11.46,75
102371,Vikram Rao,ME,5,2.49,85.61,15
102370,Vikram Singh,EEE,5,3.44,40.45,75
102369,Priya Jha,EEE,4,0.59,21.1,85
102368,Aditya Singh,CE,1,6.81,87.51,73
102367,Ananya Sharma,CE,4,7.29,12.67,94
102366,Diya Joshi,ECE,2,3.34,18.51,72
102365,Isha Sharma,CE,6,4.06,10.69,20
102364,Aarav Gupta,CSE,2,9.49,58.83,13
102363,Vikram Sharma,ME,7,0.93,33.33,94
102362,Ananya Joshi,EEE,5,9.06,65.79,12
102361,Priya Sharma,ME,5,8.41,55.02,69
102360,Sneha Kumar,CSE,3,5.76,58.22,10
102359,Diya Rao,CSE,6,1.13,97.46,98
102358,Aarav Patel,ME,3,7.12,86.95,67
102357,Aditya Kumar,CSE,8,3.08,29.98,2
102356,Rohan Patel,CE,3,2.81,84.97,9
102355,Kabir Joshi,CE,5,0.39,10.66,38
102354,Aditya Kumar,CSE,1,7.86,63.81,31
102353,Rohan Verma,EEE,2,5.93,47.34,70
102352,Sneha Kumar,CE,1,9.7,86.2,10
102351,Aarav Sharma,CE,4,0.04,35.54,85
102350,Ananya Singh,CE,8,3.87,64.25,25
102349,Vikram Singh,ECE,4,6.21,48.34,75
102348,Sneha Sharma,ME,7,7.93,43.24,65
102347,Rohan Joshi,EEE,4,4.79,92.47,80
102346,Kabir Sharma,EEE,2,9.92,16.23,43
102345,Ananya Kumar,CSE,6,1.76,80.66,69
102344,Aditya Jha,EEE,2,4.81,61.44,100
102343,Ananya Patel,ECE,2,7.65,33.75,64
102342,Ananya Verma,ECE,2,8.53,0.33,30
102341,Rohan Kumar,CSE,5,3.09,54.23,70
102340,Rohan Patel,ME,7,1.62,42.64,93
102339,Priya Jha,CSE,2,1.3,74.94,33
102338,Sneha Gupta,EEE,4,0.14,42.95,42
102337,Aditya Patel,CSE,4,9.26,38.9,92
102336,Kabir Rao,CSE,8,9.89,21.34,84
102335,Kabir Joshi,EEE,7,0.16,86.85,93
102334,Priya Jha,ECE,7,0.02,4.78,9
102333,Priya Rao,ME,7,2.65,53.07,5
102332,Sneha Rao,ECE,8,2.65,89.15,4
102331,Ananya Jha,CE,8,9.14,60.88,29
102330,Kabir Joshi,CE,1,2.84,1.79,75
102329,Diya Singh,CE,1,4.55,71.91,70
102328,Aditya Patel,EEE,7,8.9,99.36,78
102327,Ananya Jha,EEE,4,2.11,33.25,84
102326,Aarav Sharma,ME,6,8.0,37.3,0
102325,Aditya Rao,CE,5,9.07,72.08,53
102324,Vikram Verma,CE,6,1.48,88.42,30
102323,Sneha Rao,ECE,1,8.69,16.42,32
102322,Sneha Jha,ECE,6,7.45,70.74,84
102321,Kabir Reddy,ECE,8,4.64,96.66,100
102320,Aarav Kumar,ECE,7,1.91,6.61,4
102319,Vikram Verma,EEE,5,9.37,20.98,60
102318,Ananya Patel,ME,6,5.79,71.86,55
102317,Aarav Rao,CSE,3,1.08,44.89,19
102316,Sneha Singh,ECE,8,1.49,15.52,10
102315,Kabir Patel,CE,7,8.07,23.51,39
102314,Vikram Kumar,ECE,8,8.1,35.88,65
102313,Rohan Joshi,CSE,8,6.06,68.9,4
102312,Ananya Rao,ME,3,0.65,60.62,33
102311,Rohan Reddy,CE,2,2.67,29.14,67
102310,Aarav Rao,CSE,1,6.14,82.14,24
102309,Sneha Rao,CSE,1,1.65,30.98,12
102308,Rohan Sharma,CSE,8,1.78,13.35,46
102307,Ananya Verma,CSE,3,5.4,49.26,11
102306,Rohan Kumar,ECE,6,5.93,85.32,12
102305,Diya Singh,CE,7,8.49,28.65,78
102304,Sneha Verma,ME,4,4.87,99.78,50
102303,Vikram Reddy,CE,3,4.14,97.84,42
102302,Rohan Rao,CE,2,7.75,92.61,7
102301,Sneha Reddy,CE,7,5.67,29.91,31
102300,Priya Singh,CE,3,9.26,69.74,64
102299,Aarav Rao,ME,5,1.06,14.8,28
102298,Kabir Kumar,EEE,5,4.99,72.43,51
102297,Diya Joshi,ME,4,2.26,2.22,61
102296,Sneha Jha,ME,6,6.32,32.65,19
102295,Isha Verma,CSE,8,8.12,34.27,93
102294,Rohan Sharma,ME,8,7.87,21.91,21
102293,Vikram Joshi,EEE,5,9.9,21.06,8
102292,Rohan Singh,CE,4,4.18,82.59,19
102291,Diya Reddy,ME,7,2.2,4.4,1
102290,Sneha Jha,ME,3,1.42,91.5,11
102289,Aditya Rao,EEE,2,9.99,15.33,48
102288,Diya Verma,CE,8,4.33,51.4,85
102287,Isha Kumar,EEE,6,2.85,5.09,66
102286,Aarav Joshi,ECE,6,0.24,40.34,78
102285,Rohan Sharma,CSE,3,7.44,56.16,7
102284,Aarav Jha,CSE,6,3.31,31.03,64
102283,Vikram Verma,EEE,5,3.55,51.26,61
102282,Rohan Verma,ME,6,0.53,46.51,49
102281,Isha Kumar,ECE,8,1.3,95.96,31
102280,Rohan Sharma,ECE,8,2.53,39.92,91
102279,Rohan Jha,EEE,3,6.49,30.2,31
102278,Sneha Jha,ECE,1,2.16,77.51,96
102277,Sneha Patel,CSE,7,3.83,29.95,3
102276,Rohan Joshi,CE,3,8.05,20.69,76
102275,Aditya Kumar,EEE,7,7.52,52.35,52
102274,Vikram Joshi,EEE,7,8.89,46.66,82
102273,Ananya Reddy,ECE,1,2.87,52.89,62
102272,Isha Gupta,CSE,4,1.62,60.6,5
102271,Rohan Gupta,ECE,6,5.74,27.93,31
102270,Kabir Joshi,CSE,1,3.94,16.7,60
102269,Rohan Gupta,EEE,3,2.46,0.87,21
102268,Ananya Patel,ECE,2,7.79,55.34,47
102267,Rohan Singh,CSE,4,6.03,7.7,98
102266,Ananya Rao,CSE,3,2.88,47.02,54
102265,Kabir Gupta,ECE,7,3.12,52.05,29
102264,Kabir Verma,EEE,5,4.53,29.32,55
102263,Aarav Singh,CSE,3,0.92,69.53,6
102262,Aditya Rao,EEE,4,8.46,97.92,46
102261,Kabir Kumar,ME,8,1.58,21.91,74
102260,Isha Reddy,CE,7,0.89,25.49,29
102259,Ananya Jha,CSE,7,5.72,35.95,2
102258,Vikram Rao,CE,1,6.86,56.33,82
102257,Sneha Kumar,CE,5,2.49,29.07,29
102256,Rohan Verma,EEE,7,1.68,40.4,27
102255,Sneha Sharma,CE,7,8.38,60.66,47
102254,Aditya Patel,ECE,8,4.37,87.51,43
102253,Isha Jha,ECE,7,8.51,75.07,2
102252,Vikram Jha,ECE,4,1.0,8.2,91
102251,Kabir Verma,CSE,4,6.71,43.52,76
102250,Vikram Singh,ECE,8,6.1,89.19,28
102249,Ananya Rao,EEE,5,8.1,12.46,31
102248,Priya Gupta,CE,4,5.42,1.74,20
102247,Kabir Joshi,ME,4,1.52,55.37,40
102246,Kabir Patel,CE,4,2.3,61.83,73
102245,Vikram Singh,CSE,1,0.1,33.76,79
102244,Ananya Patel,CSE,5,1.27,9.59,95
102243,Rohan Gupta,CSE,6,7.6,99.42,5
102242,Aarav Reddy,CE,2,4.76,38.69,15
102241,Isha Joshi,EEE,5,5.11,42.05,34
102240,Aditya Reddy,CSE,2,1.89,93.41,63
102239,Aditya Kumar,ECE,5,6.06,25.25,48
102238,Sneha Singh,CE,8,7.17,93.25,58
102237,Priya Singh,EEE,6,1.83,64.75,63
102236,Isha Rao,EEE,3,1.17,72.27,37
102235,Rohan Patel,ECE,6,7.13,55.29,26
102234,Vikram Patel,ME,7,6.7,18.84,78
102233,Diya Singh,ME,5,1.92,33.5,86
102232,Kabir Rao,EEE,4,3.13,90.58,30
102231,Sneha Joshi,EEE,2,2.52,26.82,34
102230,Aditya Jha,CE,3,4.69,9.1,62
102229,Kabir Joshi,EEE,6,9.19,85.54,60
102228,Aarav Kumar,ME,7,2.81,65.02,43
102227,Aarav Reddy,CSE,2,7.04,77.7,98
102226,Vikram Gupta,ECE,5,4.97,7.51,76
102225,Isha Rao,ECE,3,4.79,94.94,65
102224,Sneha Reddy,CSE,4,6.72,93.08,50
102223,Vikram Kumar,ECE,5,4.06,75.24,5
102222,Rohan Verma,CE,2,5.66,24.71,96
102221,Ananya Gupta,CE,2,1.46,12.7,65
102220,Priya Jha,ECE,4,6.64,47.83,27
102219,Kabir Rao,EEE,1,3.03,81.15,40
102218,Vikram Sharma,ME,1,5.1,1.22,67
102217,Diya Reddy,CSE,1,2.32,14.74,17
102216,Sneha Joshi,ME,8,0.67,79.0,23
102215,Aarav Gupta,CSE,3,6.65,44.61,69
102214,Sneha Jha,CE,4,9.07,87.55,15
102213,Aditya Reddy,CSE,2,0.87,87.78,85
102212,Aarav Joshi,ME,2,4.19,3.35,55
102211,Diya Rao,CSE,8,4.96,79.43,55
102210,Isha Singh,CE,2,1.02,13.92,94
102209,Vikram Sharma,ME,3,2.23,86.56,74
102208,Isha Singh,CSE,7,7.76,80.68,22
102207,Sneha Reddy,CSE,3,9.69,7.68,61
102206,Isha Gupta,CE,5,8.54,3.98,76
102205,Diya Reddy,EEE,1,2.53,11.77,66
102204,Rohan Rao,CSE,8,0.69,18.12,35
102203,Sneha Patel,EEE,8,2.17,41.06,1
102202,Ananya Jha,CE,6,2.41,98.4,4
102201,Isha Patel,EEE,2,0.83,72.43,91
102200,Isha Sharma,CE,1,9.63,75.9,11
102199,Vikram Joshi,CSE,7,6.89,62.02,44
102198,Isha Sharma,CE,6,3.51,25.58,60
102197,Vikram Rao,EEE,8,6.35,59.33,86
102196,Vikram Sharma,EEE,5,3.43,37.49,38
102195,Ananya Verma,ME,8,9.51,42.19,45
102194,Aarav Sharma,CSE,5,1.21,18.57,99
102193,Priya Reddy,ME,4,5.42,9.66,24
102192,Aarav Joshi,CSE,8,1.44,7.22,39
102191,Ananya Singh,CE,3,8.34,89.52,24
102190,Aditya Reddy,EEE,7,2.19,35.11,52
102189,Aditya Gupta,ECE,6,4.89,32.55,47
102188,Ananya Joshi,EEE,1,5.2,57.55,32
102187,Rohan Rao,ECE,4,8.25,39.64,53
102186,Rohan Sharma,ME,3,5.99,54.02,95
102185,Kabir Gupta,ME,6,6.45,45.08,69
102184,Kabir Gupta,CE,7,3.6,43.17,77
102183,Sneha Reddy,ECE,7,3.72,98.35,98
102182,Aditya Gupta,ME,6,7.26,54.08,41
102181,Aarav Patel,ME,2,5.98,45.63,60
102180,Diya Reddy,EEE,8,7.92,71.56,95
102179,Kabir Singh,ECE,8,8.1,99.58,5
102178,Ananya Patel,ME,8,2.03,26.73,85
102177,Isha Reddy,CE,7,1.75,1.33,5
102176,Ananya Gupta,ECE,2,3.98,37.74,4
102175,Isha Rao,EEE,5,2.7,70.29,61
102174,Ananya Sharma,CE,3,0.14,8.61,30
102173,Ananya Patel,ECE,5,4.57,93.22,26
102172,Sneha Verma,ME,7,6.54,29.75,4
102171,Ananya Sharma,ME,4,6.46,97.09,94
102170,Kabir Sharma,ME,8,3.81,56.81,20
102169,Ananya Rao,CSE,1,8.53,61.93,1
102168,Rohan Jha,CE,5,7.95,66.7,31
102167,Priya Jha,CE,6,4.58,39.08,96
102166,Priya Joshi,CSE,5,0.12,82.96,42
102165,Kabir Kumar,CE,1,6.48,22.98,32
102164,Priya Singh,EEE,5,8.33,67.42,75
102163,Vikram Singh,ECE,2,0.42,80.46,95
102162,Kabir Jha,CSE,8,6.03,65.14,65
102161,Kabir Kumar,ECE,6,8.98,39.26,83
102160,Kabir Joshi,ME,7,1.6,20.16,77
102159,Vikram Singh,ECE,1,9.15,74.43,36
102158,Isha Sharma,ME,2,5.82,36.81,21
102157,Aditya Verma,CSE,4,5.9,20.88,74
102156,Aarav Joshi,ME,8,0.24,71.47,53
102155,Rohan Joshi,ME,6,3.88,63.43,50
102154,Priya Jha,CSE,1,2.19,23.27,19
102153,Kabir Singh,ECE,1,6.45,55.77,6
102152,Vikram Reddy,ECE,2,8.14,44.85,14
102151,Ananya Reddy,ME,2,4.92,54.51,67
102150,Aditya Gupta,ECE,2,7.55,97.23,43
102149,Aarav Gupta,CE,2,9.27,13.99,13
102148,Diya Sharma,ME,6,5.66,56.85,65
102147,Vikram Joshi,CSE,7,6.46,39.55,41
102146,Aarav Verma,CSE,6,5.53,36.88,40
102145,Isha Patel,ECE,8,2.85,58.65,41
102144,Vikram Joshi,ECE,8,7.58,10.77,35
102143,Vikram Verma,ME,8,7.76,99.3,57
102142,Kabir Singh,ECE,5,0.25,65.16,97
102141,Kabir Singh,CE,7,7.01,85.27,38
102140,Diya Verma,ME,1,7.35,19.49,64
102139,Sneha Rao,EEE,4,8.24,64.58,76
102138,Sneha Rao,CE,3,7.84,95.67,62
102137,Rohan Kumar,CSE,8,2.47,63.31,41
102136,Kabir Verma,CE,7,7.77,79.13,35
102135,Rohan Rao,ME,2,5.29,46.27,93
102134,Isha Rao,CE,1,3.13,88.07,49
102133,Rohan Kumar,EEE,4,7.08,60.94,31
102132,Isha Patel,EEE,6,5.77,33.11,24
102131,Priya Singh,ME,4,9.1,90.26,81
102130,Sneha Gupta,ME,8,0.63,44.71,53
102129,Diya Reddy,EEE,2,5.99,52.96,43
102128,Vikram Jha,CSE,5,6.32,33.86,39
102127,Isha Rao,ME,3,2.35,94.33,27
102126,Rohan Jha,CSE,6,9.61,6.69,41
102125,Kabir Singh,ECE,8,6.07,49.91,55
102124,Kabir Kumar,ECE,1,4.97,15.83,70
102123,Rohan Rao,ECE,4,0.95,39.13,19
102122,Rohan Reddy,ME,1,4.34,81.74,22
102121,Rohan Reddy,CE,1,8.73,78.83,48
102120,Isha Kumar,CE,8,8.69,46.44,19
102119,Priya Singh,EEE,3,0.43,35.29,59
102118,Isha Kumar,CE,5,7.63,31.35,95
102117,Diya Verma,EEE,5,7.27,31.91,45
102116,Isha Sharma,CSE,6,5.88,91.63,46
102115,Ananya Jha,ME,1,6.2,81.77,10
102114,Priya Joshi,CSE,5,2.81,16.13,7
102113,Kabir Rao,CE,5,2.18,25.09,44
102112,Priya Gupta,ME,4,1.62,63.53,75
102111,Rohan Joshi,EEE,4,7.0,70.29,9
102110,Aarav Jha,ECE,1,0.8,97.42,33
102109,Priya Jha,EEE,3,4.69,73.16,75
102108,Priya Sharma,CSE,7,3.2,52.93,60
102107,Ananya Gupta,CSE,2,0.04,79.16,29
102106,Ananya Rao,CSE,1,7.04,19.95,95
102105,Ananya Gupta,EEE,8,6.31,33.09,85
102104,Ananya Verma,CSE,1,7.37,34.11,79
102103,Ananya Singh,CSE,3,3.73,15.4,30
102102,Ananya Kumar,EEE,2,0.23,12.85,97
102101,Priya Jha,ME,5,0.83,44.99,85
102100,Vikram Reddy,ME,3,9.43,71.91,70
102099,Vikram Sharma,ME,7,3.36,80.31,100
102098,Aarav Rao,CSE,5,3.81,90.45,48
102097,Isha Verma,ME,1,1.31,97.82,79
102096,Priya Patel,ME,8,9.96,33.75,34
102095,Priya Joshi,ME,1,4.9,90.58,6
102094,Aarav Rao,EEE,7,9.92,36.52,32
102093,Priya Kumar,ME,2,3.55,98.36,63
102092,Diya Patel,CE,3,1.11,93.5,85
102091,Diya Kumar,ME,2,8.86,6.89,17
102090,Isha Rao,EEE,3,4.47,1.99,62
102089,Isha Reddy,CE,3,7.67,58.62,46
102088,Ananya Gupta,CE,2,7.56,13.56,48
102087,Vikram Gupta,EEE,8,7.0,28.12,31
102086,Aditya Gupta,ECE,3,4.15,53.23,79
102085,Diya Jha,CE,6,7.04,28.97,12
102084,Priya Gupta,ECE,5,8.41,36.29,40
102083,Aarav Sharma,CSE,6,8.53,31.33,45
102082,Rohan Jha,ME,1,6.76,78.7,10
102081,Rohan Reddy,EEE,4,1.51,31.65,31
102080,Priya Reddy,EEE,3,2.73,74.6,72
102079,Rohan Reddy,EEE,7,1.8,44.3,88
102078,Isha Patel,EEE,7,0.51,21.72,70
102077,Sneha Patel,ECE,7,1.41,10.87,83
102076,Priya Rao,ME,8,5.48,76.4,52
102075,Vikram Gupta,EEE,4,2.46,71.26,72
102074,Isha Jha,CE,7,4.64,33.78,85
102073,Vikram Gupta,ME,4,9.42,42.11,53
102072,Rohan Sharma,CE,7,7.11,54.15,29
102071,Rohan Reddy,ME,3,3.68,2.09,38
102070,Isha Gupta,CE,6,2.24,28.69,93
102069,Priya Jha,EEE,5,3.45,98.8,58
102068,Isha Rao,CE,5,6.86,38.68,95
102067,Diya Verma,ECE,1,5.64,7.39,83
102066,Rohan Verma,ECE,1,3.81,56.27,49
102065,Aditya Joshi,CSE,3,7.24,32.17,4
102064,Aditya Gupta,ECE,6,0.57,68.48,52
102063,Isha Sharma,CE,2,8.43,60.17,36
102062,Rohan Patel,EEE,2,2.25,62.72,42
102061,Rohan Kumar,CE,4,9.02,5.64,48
102060,Priya Kumar,CSE,1,9.49,34.13,32
102059,Rohan Jha,EEE,1,6.63,50.36,24
102058,Rohan Verma,CSE,4,4.36,37.09,94
102057,Aditya Sharma,CE,8,1.09,22.86,49
102056,Ananya Reddy,ECE,2,5.55,49.8,16
102055,Kabir Reddy,ME,5,2.85,57.01,13
102054,Ananya Verma,ECE,8,0.67,53.69,21
102053,Vikram Sharma,CE,3,6.63,22.3,81
102052,Vikram Patel,ECE,8,2.53,1.04,88
102051,Kabir Singh,ME,7,6.9,41.59,52
102050,Rohan Rao,ECE,5,8.82,42.28,73
102049,Rohan Reddy,ECE,6,9.18,40.2,19
102048,Ananya Patel,CSE,4,6.6,91.52,42
102047,Priya Jha,ECE,1,0.45,38.15,88
102046,Priya Verma,CE,3,8.92,71.24,9
102045,Vikram Joshi,EEE,3,5.09,68.11,5
102044,Kabir Reddy,ECE,6,9.64,5.24,87
102043,Diya Joshi,ECE,6,7.39,53.43,6
102042,Aarav Joshi,CSE,4,9.47,30.71,75
102041,Isha Rao,CE,5,4.98,78.64,36
102040,Vikram Reddy,CSE,8,0.24,10.43,71
102039,Sneha Gupta,CE,4,2.93,62.63,51
102038,Diya Rao,EEE,7,7.57,64.32,36
102037,Diya Verma,EEE,2,6.64,32.06,67
102036,Vikram Sharma,ME,1,9.17,92.11,84
102035,Sneha Singh,ME,3,2.39,81.76,24
102034,Isha Joshi,CE,8,9.44,66.87,8
102033,Rohan Verma,CE,4,6.04,99.73,43
102032,Ananya Patel,ME,2,3.49,18.04,66
102031,Rohan Joshi,ECE,8,0.3,3.88,68
102030,Priya Kumar,CSE,3,6.0,57.4,56
102029,Sneha Verma,ECE,4,6.36,49.82,68
102028,Aarav Kumar,CE,5,0.28,90.51,72
102027,Aarav Kumar,CSE,3,0.02,98.51,1
102026,Sneha Jha,CSE,5,0.2,60.62,71
102025,Kabir Reddy,ECE,4,3.51,64.72,10
102024,Kabir Kumar,ECE,7,8.79,49.97,23
102023,Vikram Reddy,CE,8,1.39,34.33,12
102022,Ananya Kumar,CSE,2,9.46,57.4,87
102021,Rohan Singh,ECE,3,8.36,2.95,63
102020,Sneha Rao,CSE,2,6.14,52.98,93
102019,Vikram Gupta,EEE,6,8.63,97.09,6
102018,Priya Jha,ME,5,3.31,56.99,65
102017,Aarav Rao,CE,7,7.04,94.27,50
102016,Rohan Verma,ME,2,9.55,27.61,32
102015,Aditya Jha,EEE,1,8.96,47.66,90
102014,Diya Jha,CE,7,0.65,99.58,2
102013,Sneha Joshi,ECE,8,2.69,83.66,58
102012,Isha Joshi,ME,2,8.07,60.41,92
102011,Priya Joshi,EEE,3,0.97,91.75,64
102010,Sneha Singh,ME,6,0.77,69.32,41
102009,Diya Reddy,ME,6,8.03,26.36,47
102008,Diya Singh,CE,3,8.48,58.09,80
102007,Kabir Singh,CSE,8,8.38,41.45,70
102006,Priya Singh,ECE,8,6.48,21.6,1
102005,Priya Joshi,ECE,5,0.26,22.45,88
102004,Ananya Patel,EEE,2,3.24,22.48,5
102003,Vikram Patel,ECE,6,5.33,39.68,49
102002,Diya Verma,ECE,2,0.91,59.8,84
102001,Kabir Joshi,EEE,5,7.57,53.83,50
102000,Isha Kumar,ECE,3,3.23,11.15,74
101999,Rohan Reddy,ECE,5,8.56,48.54,43
101998,Sneha Patel,CSE,2,6.39,31.29,63
101997,Rohan Jha,CSE,6,3.52,53.82,29
101996,Kabir Gupta,ECE,6,7.41,75.33,99
101995,Sneha Kumar,ECE,5,4.46,4.78,58
101994,Kabir Reddy,CSE,8,8.49,25.35,87
101993,Vikram Sharma,ECE,3,0.24,94.59,12
101992,Diya Joshi,CSE,7,8.13,62.81,99
101991,Diya Reddy,CE,1,3.47,78.81,58
101990,Ananya Rao,CSE,2,9.67,23.86,74
101989,Diya Joshi,CE,1,6.02,59.03,82
101988,Vikram Patel,CSE,8,5.61,83.74,48
101987,Ananya Sharma,CSE,8,2.43,49.5,75
101986,Kabir Patel,ME,6,4.2,83.63,45
101985,Sneha Singh,CE,7,4.22,63.81,98
101984,Isha Patel,ECE,2,0.89,73.18,76
101983,Vikram Patel,CSE,8,4.26,16.85,90
101982,Isha Gupta,CSE,6,8.75,94.95,5
101981,Isha Singh,CE,5,8.22,54.13,78
101980,Sneha Sharma,CSE,5,5.24,77.17,76
101979,Ananya Rao,ECE,4,4.43,67.22,97
101978,Priya Kumar,CSE,4,9.63,27.62,51
101977,Rohan Singh,CE,3,6.46,39.1,24
101976,Diya Rao,CSE,1,7.55,14.03,61
101975,Kabir Sharma,CSE,5,7.08,66.81,26
101974,Kabir Reddy,EEE,7,8.94,46.8,17
101973,Diya Singh,ECE,7,8.58,27.84,51
101972,Aditya Gupta,ME,3,1.0,16.56,81
101971,Diya Gupta,EEE,1,8.0,36.27,29
101970,Priya Gupta,ECE,1,1.99,74.46,67
101969,Aditya Verma,EEE,3,3.98,94.12,65
101968,Ananya Joshi,ME,3,8.73,30.7,55
101967,Aarav Joshi,ECE,2,2.27,45.74,14
101966,Isha Verma,ME,5,0.63,36.54,82
101965,Sneha Gupta,ME,6,8.07,48.74,70
101964,Aditya Jha,CSE,5,6.55,51.45,43
101963,Priya Rao,CE,8,9.93,45.32,33
101962,Rohan Reddy,ME,1,5.72,48.38,44
101961,Aarav Singh,ECE,1,1.43,3.41,30
101960,Sneha Gupta,EEE,1,7.48,79.98,80
101959,Diya Joshi,EEE,5,7.6,13.17,54
101958,Priya Patel,ECE,5,3.29,97.4,85
101957,Priya Verma,CSE,7,2.82,61.5,31
101956,Isha Jha,EEE,4,1.26,51.47,18
101955,Rohan Kumar,EEE,6,9.57,66.84,12
101954,Isha Gupta,EEE,1,3.11,46.95,32
101953,Vikram Verma,CSE,8,4.64,41.51,68
101952,Aditya Gupta,ECE,2,0.15,89.72,11
101951,Isha Sharma,ECE,7,0.46,37.7,76
101950,Sneha Patel,EEE,6,0.28,2.58,3
101949,Sneha Verma,ECE,1,4.98,30.61,80
101948,Vikram Gupta,ECE,3,7.42,81.03,23
101947,Aarav Rao,ECE,5,3.72,41.49,20
101946,Aarav Gupta,EEE,3,1.4,46.98,4
101945,Aarav Patel,ME,1,1.41,24.9,72
101944,Vikram Patel,ECE,2,6.5,81.02,60
101943,Vikram Reddy,CSE,6,3.6,31.0,8
101942,Isha Patel,EEE,2,9.45,1.61,48
101941,Sneha Reddy,ECE,4,9.85,79.98,46
101940,Ananya Gupta,ECE,2,9.41,74.06,45
101939,Diya Verma,CSE,3,5.07,57.83,66
101938,Vikram Sharma,CE,8,3.99,20.56,48
101937,Ananya Reddy,CSE,8,8.68,85.42,26
101936,Priya Singh,ME,1,1.37,89.89,56
101935,Sneha Singh,ECE,4,3.03,42.43,34
101934,Aditya Rao,CSE,3,5.4,95.47,41
101933,Diya Gupta,ECE,3,2.06,18.16,3
101932,Sneha Joshi,CE,4,7.7,57.44,45
101931,Aarav Singh,ME,7,1.5,85.56,74
101930,Vikram Sharma,CE,5,0.06,82.82,2
101929,Rohan Kumar,CSE,3,6.48,33.98,67
101928,Ananya Reddy,ME,8,4.51,88.05,94
101927,Rohan Joshi,CSE,8,6.1,99.29,96
101926,Sneha Verma,CSE,2,9.74,78.06,68
101925,Diya Reddy,CSE,6,7.9,49.2,73
101924,Vikram Jha,CSE,1,9.13,51.23,2
101923,Kabir Patel,EEE,1,1.4,64.22,54
101922,Isha Singh,CE,6,3.33,67.77,90
101921,Ananya Kumar,ME,8,7.47,21.48,41
101920,Kabir Joshi,EEE,5,6.9,14.05,98
101919,Priya Joshi,CSE,8,2.45,57.27,97
101918,Ananya Kumar,CE,3,8.74,58.98,73
101917,Kabir Joshi,ME,8,9.24,11.1,17
101916,Priya Patel,EEE,7,0.59,5.61,43
101915,Diya Jha,CSE,7,6.88,90.89,62
101914,Kabir Verma,CSE,4,1.6,72.28,92
101913,Vikram Kumar,EEE,4,7.97,61.76,56
101912,Priya Singh,ME,5,8.33,2.37,54
101911,Aarav Reddy,ME,3,9.75,76.7,2
101910,Isha Patel,CE,7,7.63,0.57,51
101909,Sneha Gupta,ME,6,7.27,82.92,40
101908,Diya Reddy,ME,4,9.33,47.2,38
101907,Rohan Gupta,EEE,3,3.26,51.65,60
101906,Kabir Rao,ECE,3,3.24,19.19,50
101905,Priya Patel,EEE,5,3.2,53.04,13
101904,Ananya Jha,ME,3,1.94,10.87,29
101903,Isha Jha,ECE,3,0.66,43.2,38
101902,Kabir Jha,CSE,3,4.88,31.92,65
101901,Kabir Patel,EEE,4,3.41,67.78,64
101900,Diya Patel,CE,3,3.29,48.33,36
101899,Isha Singh,EEE,8,9.92,25.17,52
101898,Priya Rao,CE,5,5.69,58.17,14
101897,Isha Verma,CE,2,4.76,9.99,75
101896,Isha Jha,CSE,1,3.19,63.39,25
101895,Aditya Patel,CSE,4,2.28,58.57,74
101894,Aditya Patel,CSE,4,7.33,91.75,16
101893,Rohan Singh,ECE,8,1.77,97.94,34
101892,Aditya Verma,CSE,8,5.67,24.8,32
101891,Sneha Joshi,CSE,5,5.53,53.48,94
101890,Aditya Singh,ECE,6,6.64,39.85,12
101889,Ananya Singh,ME,8,4.59,91.27,1
101888,Ananya Kumar,ECE,5,2.06,15.01,77
101887,Rohan Joshi,CE,3,4.84,37.99,85
101886,Rohan Rao,EEE,6,5.23,37.8,62
101885,Aditya Joshi,CE,8,6.18,17.04,44
101884,Aarav Singh,EEE,5,1.48,1.21,46
101883,Rohan Gupta,ECE,5,8.59,25.73,29
101882,Kabir Patel,ECE,5,4.75,43.99,37
101881,Aditya Patel,CSE,4,8.8,56.35,91
101880,Isha Patel,EEE,5,5.94,76.13,18
101879,Isha Singh,ME,6,2.95,44.47,100
101878,Isha Singh,ME,2,3.3,69.37,58
101877,Ananya Gupta,ME,7,6.57,14.2,31
101876,Isha Reddy,CSE,2,1.46,26.25,74
101875,Kabir Reddy,CSE,6,3.99,92.74,80
101874,Ananya Rao,EEE,1,4.39,82.78,7
101873,Isha Reddy,CSE,7,9.58,88.34,68
101872,Isha Verma,CSE,1,6.82,40.63,66
101871,Aditya Verma,EEE,6,8.72,90.89,31
101870,Isha Singh,EEE,8,9.9,79.68,59
101869,Sneha Gupta,ME,2,8.94,20.7,59
101868,Isha Kumar,ECE,3,4.72,71.28,25
101867,Sneha Sharma,EEE,7,5.52,86.34,20
101866,Sneha Rao,ECE,3,5.69,47.19,11
101865,Priya Gupta,EEE,2,6.0,73.21,2
101864,Vikram Rao,CE,7,4.1,63.64,79
101863,Aarav Joshi,ME,8,6.56,68.34,12
101862,Isha Patel,CE,3,9.24,17.76,36
101861,Sneha Verma,ME,7,2.25,40.4,96
101860,Aditya Reddy,ME,4,4.18,59.92,40
101859,Diya Patel,ECE,3,7.67,98.44,51
101858,Rohan Reddy,EEE,2,0.97,21.83,14
101857,Aarav Patel,EEE,8,9.9,37.53,68
101856,Isha Sharma,ECE,3,6.24,56.49,53
101855,Ananya Singh,EEE,6,3.04,75.09,57
101854,Kabir Reddy,CSE,2,6.31,56.13,44
101853,Rohan Jha,CE,4,5.32,17.0,49
101852,Isha Joshi,CSE,6,3.41,34.64,56
101851,Kabir Rao,CE,7,6.35,32.88,49
101850,Ananya Singh,ECE,1,7.09,22.11,78
101849,Rohan Patel,ME,8,5.99,97.59,40
101848,Rohan Patel,ME,1,4.07,1.87,53
101847,Vikram Patel,ECE,5,5.02,4.57,51
101846,Aditya Joshi,ECE,1,3.74,47.29,97
101845,Ananya Reddy,CSE,4,5.71,99.49,78
101844,Vikram Reddy,CSE,3,9.5,25.69,83
101843,Diya Verma,CE,2,3.38,63.67,38
101842,Aditya Rao,CE,1,0.77,37.28,18
101841,Vikram Patel,ME,8,6.89,24.41,93
101840,Priya Gupta,CSE,2,1.26,14.46,63
101839,Aarav Rao,CSE,6,7.32,53.13,50
101838,Rohan Patel,ME,7,0.18,32.46,81
101837,Kabir Reddy,ME,5,7.67,2.35,34
101836,Ananya Jha,CE,6,0.5,59.93,47
101835,Priya Joshi,EEE,8,4.35,46.48,5
101834,Ananya Gupta,CSE,6,9.48,70.76,33
101833,Sneha Verma,ECE,7,5.32,38.35,86
101832,Diya Jha,EEE,6,7.81,71.2,68
101831,Vikram Reddy,CSE,5,4.25,74.21,14
101830,Rohan Kumar,ECE,7,6.86,1.16,83
101829,Isha Verma,ME,2,6.56,40.45,1
101828,Aarav Patel,CE,3,1.64,68.23,13
101827,Rohan Reddy,ECE,5,3.11,67.53,61
101826,Isha Singh,CSE,4,3.02,9.29,49
101825,Aditya Sharma,EEE,7,9.15,64.56,17
101824,Aarav Singh,EEE,3,7.68,36.91,43
101823,Vikram Rao,CE,2,3.47,66.99,75
101822,Vikram Gupta,ME,3,4.0,32.71,36
101821,Priya Jha,CE,8,7.06,76.31,12
101820,Aarav Jha,ECE,6,1.0,54.98,50
101819,Vikram Verma,ECE,3,6.85,84.57,47
101818,Rohan Singh,ECE,5,3.08,18.46,26
101817,Ananya Patel,ECE,6,4.59,16.53,0
101816,Aditya Singh,EEE,3,1.3,33.31,6
101815,Vikram Rao,CSE,3,5.12,92.24,76
101814,Priya Joshi,CSE,7,4.26,26.94,73
101813,Kabir Kumar,EEE,6,4.83,40.12,5
101812,Isha Rao,CE,7,7.31,47.36,31
101811,Rohan Kumar,ME,3,4.67,18.62,2
101810,Aarav Gupta,CE,8,3.35,64.79,12
101809,Diya Reddy,EEE,1,3.22,10.46,45
101808,Ananya Joshi,ECE,8,1.4,58.68,47
101807,Kabir Verma,EEE,4,2.58,46.77,4
101806,Vikram Kumar,ME,4,3.42,96.85,70
101805,Aarav Rao,CE,3,5.38,21.07,89
101804,Sneha Kumar,EEE,8,8.3,68.7,21
101803,Rohan Patel,ME,8,2.65,48.99,74
101802,Diya Kumar,CE,4,8.35,27.28,25
101801,Rohan Patel,CSE,7,7.06,17.8,17
101800,Sneha Jha,CSE,4,3.08,68.09,24
101799,Ananya Gupta,ME,1,7.67,78.87,27
101798,Ananya Rao,CE,2,1.16,9.06,93
101797,Kabir Patel,EEE,6,1.18,46.63,89
101796,Diya Singh,EEE,7,1.73,74.68,0
101795,Priya Joshi,ECE,5,0.84,44.34,35
101794,Aditya Sharma,CE,7,8.38,66.96,8
101793,Aarav Kumar,ME,3,9.06,58.68,46
101792,Aarav Kumar,CSE,5,9.83,19.42,78
101791,Rohan Gupta,CSE,7,8.34,11.94,56
101790,Aditya Verma,CSE,6,0.29,89.43,19
101789,Isha Rao,CE,8,1.74,74.99,82
101788,Vikram Sharma,ME,5,6.25,97.11,3
101787,Aditya Sharma,EEE,5,0.34,27.5,61
101786,Aarav Rao,ME,6,0.94,36.89,32
101785,Vikram Kumar,ECE,1,1.96,36.1,24
101784,Isha Kumar,CE,4,6.17,87.63,24
101783,Kabir Verma,EEE,7,6.52,17.8,46
101782,Rohan Patel,ECE,7,5.6,49.01,100
101781,Sneha Patel,EEE,6,5.31,88.33,27
101780,Aditya Verma,ECE,7,3.77,38.55,60
101779,Aarav Gupta,EEE,8,4.25,47.17,38
101778,Diya Gupta,ECE,3,4.75,0.02,9
101777,Isha Singh,ECE,1,7.83,98.91,11
101776,Vikram Kumar,EEE,5,9.67,73.73,78
101775,Kabir Gupta,ME,2,1.27,52.23,82
101774,Aditya Joshi,ECE,2,5.93,10.3,27
101773,Kabir Patel,CE,5,3.67,76.7,32
101772,Ananya Kumar,EEE,4,3.45,1.41,24
101771,Aditya Jha,ME,2,0.61,46.87,20
101770,Isha Verma,CSE,5,7.01,19.93,12
101769,Rohan Gupta,EEE,8,0.1,41.63,19
101768,Aditya Rao,ME,8,4.63,93.62,95
101767,Rohan Gupta,ME,4,8.03,95.2,47
101766,Kabir Patel,EEE,6,6.15,37.16,83
101765,Isha Gupta,EEE,7,3.99,29.68,55
101764,Isha Verma,CSE,7,4.95,62.62,67
101763,Vikram Gupta,CSE,3,5.2,12.15,25
101762,Isha Jha,EEE,2,9.21,42.57,9
101761,Aditya Jha,EEE,8,3.13,65.2,41
101760,Rohan Sharma,ME,7,8.71,26.81,26
101759,Diya Singh,CSE,8,2.52,31.15,43
101758,Diya Singh,CSE,3,4.03,83.81,66
101757,Sneha Gupta,CSE,2,5.61,20.77,62
101756,Vikram Singh,CE,6,4.77,10.89,39
101755,Vikram Kumar,EEE,2,4.52,57.79,3
101754,Isha Patel,EEE,4,3.82,99.32,93
101753,Vikram Patel,CE,2,2.22,40.63,35
101752,Kabir Jha,ECE,2,2.64,65.61,60
101751,Priya Rao,ME,6,4.25,74.35,38
101750,Vikram Sharma,CSE,3,0.96,58.82,50
101749,Vikram Reddy,ECE,5,8.62,7.65,64
101748,Kabir Sharma,ECE,4,0.34,74.99,100
101747,Aditya Verma,EEE,7,7.91,4.23,36
101746,Vikram Singh,EEE,4,9.4,3.61,2
101745,Aditya Reddy,ECE,5,8.01,91.07,42
101744,Ananya Sharma,EEE,4,3.62,19.84,20
101743,Aarav Reddy,CSE,6,9.12,76.68,70
101742,Diya Rao,ME,3,6.05,1.99,92
101741,Vikram Singh,EEE,3,5.36,77.96,14
101740,Kabir Jha,ECE,6,6.36,4.56,57
101739,Sneha Reddy,CE,8,4.25,26.07,6
101738,Aditya Singh,CE,1,5.62,32.32,86
101737,Isha Jha,EEE,7,6.87,2.9,34
101736,Rohan Jha,ME,2,3.48,39.81,16
101735,Ananya Patel,CE,8,3.25,66.24,14
101734,Isha Jha,CE,6,5.43,29.54,28
101733,Sneha Jha,EEE,3,8.78,84.07,37
101732,Rohan Sharma,CE,5,6.13,63.1,30
101731,Priya Sharma,CE,2,4.91,61.12,90
101730,Kabir Gupta,ECE,2,9.51,85.72,95
101729,Priya Patel,CE,3,4.85,18.71,63
101728,Aarav Sharma,ECE,3,5.86,87.21,28
101727,Vikram Verma,EEE,6,1.9,55.82,80
101726,Sneha Patel,CE,2,7.07,31.48,4
101725,Ananya Kumar,CSE,4,7.27,32.71,64
101724,Ananya Jha,CE,8,2.63,86.45,35
101723,Vikram Jha,EEE,3,8.31,29.49,14
101722,Aarav Jha,CSE,6,2.03,94.18,73
101721,Rohan Sharma,EEE,1,9.6,53.98,24
101720,Ananya Singh,ME,3,0.96,55.22,65
101719,Isha Singh,ECE,5,9.39,25.94,77
101718,Sneha Verma,ME,5,1.66,28.78,62
101717,Rohan Gupta,CSE,4,4.31,27.83,78
101716,Aditya Rao,EEE,7,2.85,38.41,96
101715,Kabir Verma,ECE,5,4.93,4.83,66
101714,Sneha Jha,CE,6,4.39,50.87,75
101713,Isha Gupta,ECE,2,1.52,0.78,75
101712,Sneha Jha,CE,8,7.41,43.57,96
101711,Diya Rao,EEE,2,9.94,4.52,94
101710,Aditya Singh,ME,2,3.37,82.47,43
101709,Rohan Verma,ECE,7,9.04,35.44,51
101708,Aditya Jha,CSE,3,8.69,83.39,3
101707,Isha Singh,ECE,8,0.16,12.08,33
101706,Sneha Verma,CSE,7,4.21,98.32,73
101705,Aditya Singh,CE,3,6.06,79.59,43
101704,Priya Jha,CE,4,5.69,82.68,16
101703,Sneha Verma,ME,2,9.15,65.33,77
101702,Isha Kumar,CSE,4,4.45,95.76,52
101701,Kabir Singh,ME,4,7.99,97.75,29
101700,Aarav Rao,CE,8,3.17,19.5,73
101699,Aditya Rao,EEE,7,5.39,12.12,67
101698,Rohan Reddy,CSE,2,9.59,99.23,72
101697,Aditya Rao,ME,4,3.79,58.27,84
101696,Aarav Verma,EEE,4,8.08,51.08,99
101695,Aarav Gupta,ME,1,2.91,15.01,75
101694,Sneha Kumar,CE,6,4.71,97.35,79
101693,Vikram Verma,CE,5,1.43,32.65,100
101692,Aditya Jha,CSE,2,2.37,32.58,47
101691,Kabir Sharma,ME,1,6.01,34.97,9
101690,Diya Kumar,CSE,4,0.61,71.45,33
101689,Aarav Singh,CSE,1,1.84,50.67,56
101688,Kabir Patel,CE,3,2.27,17.45,79
101687,Diya Joshi,ME,2,4.4,25.8,100
101686,Isha Joshi,ECE,7,0.59,93.88,35
101685,Rohan Jha,CE,1,4.4,46.64,45
101684,Kabir Rao,CSE,2,3.07,66.08,33
101683,Sneha Rao,CE,1,6.16,36.17,84
101682,Aarav Patel,ME,2,9.99,77.13,37
101681,Kabir Gupta,CE,8,7.46,92.47,16
101680,Kabir Joshi,CE,7,5.73,56.83,66
101679,Vikram Reddy,CSE,2,5.53,95.25,86
101678,Sneha Patel,EEE,4,7.57,34.09,79
101677,Aarav Patel,CSE,6,9.37,91.01,96
101676,Isha Sharma,ECE,4,3.79,65.99,68
101675,Aarav Patel,EEE,7,4.95,86.28,49
101674,Aarav Jha,CSE,5,2.78,38.42,10
101673,Rohan Sharma,ECE,8,6.5,45.38,14
101672,Aditya Singh,ME,4,1.23,72.49,100
101671,Sneha Reddy,EEE,8,2.8,20.36,17
101670,Priya Joshi,ME,6,6.98,50.34,6
101669,Priya Jha,ME,6,7.8,29.27,83
101668,Ananya Patel,EEE,4,4.95,73.52,45
101667,Kabir Gupta,EEE,7,4.79,12.24,9
101666,Isha Gupta,ME,1,3.14,60.24,31
101665,Diya Sharma,CSE,4,8.13,7.66,16
101664,Ananya Rao,CSE,4,4.13,75.26,68
101663,Sneha Kumar,ECE,6,4.37,5.79,29
101662,Rohan Reddy,CE,3,1.16,11.8,78
101661,Diya Reddy,CSE,8,0.52,76.57,89
101660,Priya Sharma,CSE,1,7.74,81.14,68
101659,Ananya Sharma,CE,4,6.5,43.15,38
101658,Diya Rao,CSE,8,9.47,27.05,5
101657,Priya Jha,CSE,1,3.46,7.08,53
101656,Aarav Gupta,ECE,6,9.24,66.33,7
101655,Isha Patel,CSE,1,3.38,26.09,42
101654,Kabir Reddy,EEE,1,5.46,89.18,74
101653,Ananya Joshi,EEE,4,8.53,93.18,64
101652,Kabir Patel,CE,6,0.68,87.15,36
101651,Ananya Jha,ECE,1,6.01,33.09,28
101650,Vikram Verma,EEE,2,1.27,51.72,12
101649,Sneha Rao,EEE,3,8.02,43.89,80
101648,Aditya Jha,ECE,4,5.7,47.37,45
101647,Sneha Reddy,EEE,2,3.41,68.24,93
101646,Ananya Rao,CSE,2,2.04,81.0,0
101645,Kabir Singh,ECE,3,4.34,52.85,24
101644,Isha Reddy,ECE,4,1.96,49.11,86
101643,Isha Kumar,EEE,1,9.24,32.12,89
101642,Ananya Sharma,EEE,5,1.14,84.68,9
101641,Priya Singh,CSE,3,7.28,38.41,53
101640,Rohan Singh,CSE,2,4.99,67.93,41
101639,Sneha Rao,EEE,7,0.68,2.95,93
101638,Rohan Rao,EEE,5,1.29,32.41,74
101637,Kabir Reddy,CSE,8,3.77,47.18,84
101636,Sneha Rao,ME,8,7.15,78.67,35
101635,Priya Kumar,EEE,7,5.13,17.45,19
101634,Isha Patel,CSE,3,3.58,85.58,64
101633,Diya Jha,CSE,6,9.63,46.79,92
101632,Vikram Sharma,EEE,5,0.34,65.04,84
101631,Isha Reddy,CE,3,0.28,45.71,72
101630,Diya Jha,ME,5,3.91,69.77,13
101629,Aditya Joshi,ECE,8,4.8,28.94,12
101628,Rohan Sharma,ECE,3,8.19,65.75,21
101627,Priya Joshi,ME,8,8.59,61.72,55
101626,Isha Reddy,CSE,2,3.0,48.37,23
101625,Aditya Verma,ECE,4,1.04,2.47,64
101624,Isha Rao,ECE,2,0.67,15.3,15
101623,Isha Gupta,ECE,3,3.01,31.09,0
101622,Sneha Sharma,CSE,1,7.02,51.63,71
101621,Ananya Kumar,EEE,2,8.22,56.54,88
101620,Aditya Jha,CSE,2,0.55,82.99,83
101619,Kabir Sharma,CE,3,4.03,0.6,97
101618,Priya Rao,EEE,6,1.27,54.33,72
101617,Aarav Joshi,CSE,7,0.88,14.06,38
101616,Sneha Jha,ME,7,4.67,96.14,59
101615,Ananya Gupta,EEE,8,6.94,50.38,87
101614,Ananya Patel,EEE,8,5.46,37.6,55
101613,Rohan Singh,ME,3,4.16,19.95,39
101612,Kabir Gupta,EEE,7,6.79,32.25,74
101611,Vikram Reddy,CE,2,8.93,92.02,76
101610,Diya Verma,ME,4,0.32,93.29,31
101609,Aditya Gupta,CSE,5,1.43,73.31,55
101608,Aarav Sharma,ME,3,3.5,28.33,64
101607,Diya Verma,CSE,8,3.06,43.03,84
101606,Isha Patel,CSE,5,0.16,4.1,36
101605,Rohan Jha,ECE,5,6.24,66.43,38
101604,Diya Kumar,ME,2,9.69,49.89,87
101603,Kabir Singh,CSE,6,8.34,12.3,58
101602,Kabir Kumar,ME,7,5.89,94.53,35
101601,Vikram Verma,ME,8,9.87,87.61,22
101600,Aarav Singh,EEE,7,3.59,74.44,24
101599,Aarav Gupta,CE,4,6.59,14.16,63
101598,Kabir Kumar,EEE,8,1.13,68.58,93
101597,Sneha Joshi,ME,8,2.54,45.88,45
101596,Rohan Verma,CSE,5,8.04,33.57,62
101595,Aarav Sharma,EEE,5,8.35,52.53,21
101594,Sneha Jha,EEE,1,4.88,24.75,14
101593,Rohan Patel,CSE,3,6.79,85.31,76
101592,Sneha Jha,ECE,1,6.66,42.79,2
101591,Isha Patel,ECE,3,3.15,6.95,23
101590,Diya Patel,CSE,2,1.85,90.78,79
101589,Kabir Jha,ECE,3,7.86,34.76,36
101588,Vikram Reddy,CE,2,2.2,82.41,88
101587,Diya Patel,ECE,2,5.32,27.55,79
101586,Ananya Sharma,ECE,2,2.2,5.31,4
101585,Priya Reddy,ECE,5,5.3,49.36,55
101584,Sneha Verma,CSE,7,7.32,42.26,37
101583,Priya Gupta,CE,7,5.08,5.32,34
101582,Isha Kumar,ME,2,9.27,8.41,55
101581,Priya Sharma,CE,3,2.67,47.62,67
101580,Kabir Rao,CSE,3,4.61,10.72,14
101579,Aditya Singh,CE,4,0.69,42.31,87
101578,Ananya Gupta,ECE,6,3.86,45.24,79
101577,Aditya Joshi,ME,5,7.09,65.53,64
101576,Vikram Singh,CE,2,3.4,81.4,97
101575,Ananya Verma,CE,1,2.12,67.05,59
101574,Ananya Kumar,EEE,4,6.59,73.53,26
101573,Isha Patel,ME,8,2.26,26.38,37
101572,Diya Reddy,CE,2,5.22,24.05,61
101571,Kabir Gupta,ECE,8,1.2,31.93,18
101570,Aarav Patel,CSE,5,3.29,61.28,48
101569,Sneha Joshi,CSE,1,2.6,78.49,14
101568,Rohan Verma,ME,7,2.26,8.8,92
101567,Isha Verma,ME,2,0.29,4.78,1
101566,Aditya Kumar,CE,1,3.93,69.65,58
101565,Ananya Reddy,ME,5,3.17,34.58,10
101564,Aarav Joshi,EEE,1,3.37,1.63,60
101563,Kabir Sharma,EEE,1,9.12,28.44,51
101562,Isha Gupta,EEE,6,5.91,23.64,2
101561,Aarav Jha,CE,1,9.9,42.12,15
101560,Ananya Rao,CE,7,3.18,32.01,25
101559,Priya Joshi,ECE,2,5.61,71.63,85
101558,Isha Rao,ME,4,5.62,38.56,77
101557,Sneha Verma,CSE,6,6.88,71.68,27
101556,Rohan Kumar,ECE,2,2.15,37.17,18
101555,Aditya Kumar,CE,1,1.15,80.9,54
101554,Rohan Sharma,EEE,5,5.87,29.35,82
101553,Priya Rao,ME,6,8.98,81.93,57
101552,Vikram Rao,ME,6,6.23,60.73,54
101551,Diya Patel,ECE,4,9.54,48.78,57
101550,Kabir Gupta,ECE,5,9.62,10.29,98
101549,Aditya Patel,CE,8,4.36,94.63,24
101548,Rohan Patel,ME,8,1.99,9.2,90
101547,Sneha Verma,ECE,1,3.28,21.98,93
101546,Priya Rao,CSE,1,5.18,76.1,27
101545,Diya Joshi,CSE,3,5.22,25.45,15
101544,Diya Sharma,CSE,6,9.94,48.39,78
101543,Rohan Gupta,ME,1,9.04,65.97,80
101542,Isha Verma,ECE,7,3.75,31.36,57
101541,Sneha Singh,CE,2,4.91,2.2,9
101540,Ananya Gupta,ME,5,8.95,9.28,63
101539,Ananya Gupta,CSE,2,1.11,92.72,15
101538,Priya Joshi,ECE,7,7.7,65.93,35
101537,Rohan Jha,ME,3,2.4,89.79,38
101536,Rohan Sharma,EEE,2,5.72,2.53,93
101535,Priya Verma,CSE,1,4.37,62.89,75
101534,Ananya Rao,CE,5,8.37,15.91,41
101533,Aditya Gupta,CE,4,1.0,80.12,64
101532,Diya Reddy,ECE,7,9.77,17.37,40
101531,Priya Joshi,CE,4,6.16,39.33,6
101530,Aditya Rao,ME,6,1.7,57.22,55
101529,Priya Sharma,CE,1,0.16,15.34,47
101528,Aditya Patel,ME,5,3.07,90.27,53
101527,Sneha Jha,CE,7,0.08,37.46,28
101526,Priya Jha,EEE,7,1.15,85.63,15
101525,Aditya Verma,CE,1,6.68,85.17,27
101524,Ananya Sharma,EEE,7,1.04,74.99,79
101523,Vikram Patel,EEE,2,9.95,80.59,13
101522,Rohan Joshi,EEE,3,5.43,38.16,84
101521,Vikram Joshi,ME,2,9.26,45.88,47
101520,Ananya Jha,CE,7,4.1,35.22,69
101519,Diya Sharma,ME,6,0.16,89.67,64
101518,Vikram Joshi,ECE,7,2.16,20.98,24
101517,Rohan Jha,EEE,2,0.36,74.57,24
101516,Sneha Verma,CE,5,5.21,0.37,57
101515,Sneha Kumar,CSE,3,8.97,93.38,63
101514,Aditya Rao,ECE,2,7.23,57.85,18
101513,Aditya Gupta,CE,6,9.13,57.03,1
101512,Sneha Patel,ECE,4,3.49,41.91,60
101511,Aditya Singh,ME,3,8.31,9.24,54
101510,Kabir Reddy,CSE,5,8.74,45.14,53
101509,Aarav Reddy,ME,5,6.36,8.36,8
101508,Vikram Sharma,ME,7,9.79,21.34,27
101507,Isha Gupta,ECE,6,5.68,98.78,99
101506,Isha Singh,CE,2,2.78,3.83,19
101505,Vikram Singh,CE,6,0.64,34.24,77
101504,Ananya Verma,ECE,2,9.17,92.25,98
101503,Vikram Jha,CSE,6,4.66,64.25,59
101502,Ananya Patel,CE,3,5.7,85.38,28
101501,Aarav Rao,CSE,4,7.0,56.08,19
101500,Sneha Verma,CE,8,2.63,87.55,87
101499,Diya Gupta,CE,6,5.12,62.46,40
101498,Ananya Rao,CE,1,3.63,28.66,52
101497,Isha Patel,CE,5,7.63,44.2,17
101496,Rohan Verma,ME,6,3.53,7.11,90
101495,Kabir Joshi,CSE,8,0.94,31.37,37
101494,Ananya Gupta,EEE,8,0.97,1.49,98
101493,Diya Reddy,CSE,7,2.39,99.7,77
101492,Diya Joshi,ME,8,7.85,33.9,46
101491,Priya Singh,ECE,3,9.93,50.16,93
101490,Kabir Gupta,ECE,8,0.79,62.6,91
101489,Rohan Sharma,EEE,7,4.77,86.88,4
101488,Rohan Verma,ME,7,8.97,50.36,64
101487,Sneha Patel,CE,4,3.14,39.06,45
101486,Diya Jha,CSE,1,3.15,94.35,1
101485,Priya Sharma,ECE,5,0.85,57.01,5
101484,Ananya Singh,EEE,1,7.57,30.91,70
101483,Sneha Rao,ME,1,2.4,16.28,13
101482,Rohan Sharma,ME,7,1.95,10.84,9
101481,Diya Verma,CE,8,3.13,64.19,48
101480,Vikram Rao,CSE,4,3.92,82.25,71
101479,Kabir Verma,EEE,7,9.78,12.51,27
101478,Aditya Patel,EEE,5,7.09,42.37,20
101477,Rohan Joshi,ECE,1,3.96,42.36,58
101476,Aarav Patel,CSE,3,0.6,64.25,77
101475,Rohan Joshi,ME,8,4.12,33.73,100
101474,Priya Verma,CSE,7,1.5,18.24,95
101473,Diya Verma,CE,3,0.3,36.52,10
101472,Rohan Reddy,CSE,7,3.72,70.14,84
101471,Priya Singh,ECE,1,7.47,11.72,89
101470,Sneha Gupta,ME,8,1.44,85.33,53
101469,Sneha Joshi,CE,3,9.21,5.96,44
101468,Priya Verma,ECE,6,0.03,99.39,2
101467,Priya Reddy,CSE,7,5.27,77.66,95
101466,Vikram Reddy,EEE,8,5.39,49.26,68
101465,Vikram Rao,ME,3,8.02,65.4,31
101464,Sneha Gupta,ECE,7,3.53,49.42,61
101463,Ananya Verma,EEE,7,9.6,27.85,11
101462,Rohan Kumar,ECE,7,4.47,79.69,61
101461,Sneha Patel,CSE,1,8.62,97.8,99
101460,Vikram Gupta,ME,5,3.48,10.39,63
101459,Aarav Rao,ECE,3,4.29,33.48,23
101458,Sneha Verma,EEE,6,1.18,92.33,10
101457,Vikram Verma,CE,3,9.91,22.45,36
101456,Priya Reddy,CE,3,3.53,28.68,87
101455,Kabir Verma,EEE,7,1.42,91.22,3
101454,Aarav Joshi,ME,2,0.21,4.45,69
101453,Isha Rao,CE,3,3.07,47.89,31
101452,Aarav Sharma,CSE,6,8.53,8.5,17
101451,Aarav Gupta,ECE,2,2.68,93.86,76
101450,Ananya Reddy,CE,1,1.1,1.36,82
101449,Isha Reddy,CSE,3,7.27,80.8,77
101448,Rohan Reddy,EEE,4,0.69,7.2,31
101447,Priya Rao,CE,3,6.48,2.1,20
101446,Isha Verma,CE,3,4.59,81.56,22
101445,Vikram Gupta,CE,4,7.3,43.39,18
101444,Priya Jha,ECE,6,2.69,58.17,96
101443,Diya Verma,CE,5,8.7,63.43,70
101442,Sneha Singh,ME,3,2.56,1.56,84
101441,Kabir Gupta,CE,5,3.25,5.73,1
101440,Aarav Kumar,EEE,6,3.25,94.64,70
101439,Rohan Patel,CSE,4,9.9,21.0,14
101438,Aditya Singh,ME,1,6.4,94.2,35
101437,Kabir Singh,ME,5,5.52,17.11,5
101436,Priya Rao,CSE,8,5.04,72.06,33
101435,Aditya Reddy,CE,5,2.07,0.36,73
101434,Vikram Jha,EEE,2,1.66,75.07,49
101433,Kabir Sharma,EEE,1,7.94,69.38,94
101432,Ananya Jha,CE,1,1.67,27.41,16
101431,Aditya Kumar,ME,8,6.3,11.74,55
101430,Rohan Sharma,ECE,4,4.18,71.16,97
101429,Diya Kumar,ME,8,9.9,20.2,92
101428,Diya Singh,ECE,8,9.26,7.49,69
101427,Vikram Verma,CSE,3,6.3,60.18,5
101426,Diya Joshi,EEE,6,2.38,27.59,74
101425,Aarav Joshi,ECE,6,3.61,81.0,95
101424,Rohan Patel,CE,6,3.34,11.15,85
101423,Sneha Singh,ME,8,2.8,60.65,55
101422,Vikram Singh,ME,1,1.82,0.05,84
101421,Vikram Sharma,ME,2,2.69,28.06,44
101420,Aditya Patel,ECE,4,3.36,47.92,65
101419,Rohan Reddy,CSE,4,0.91,5.1,52
101418,Rohan Singh,CSE,3,4.01,27.39,24
101417,Aditya Rao,ECE,4,9.93,59.12,81
101416,Ananya Patel,ECE,7,1.98,70.65,13
101415,Ananya Reddy,ECE,3,7.29,18.69,35
101414,Sneha Reddy,EEE,1,4.34,28.95,62
101413,Rohan Gupta,ME,1,7.67,23.65,86
101412,Rohan Kumar,CE,7,1.31,95.77,2
101411,Rohan Singh,CE,5,1.19,48.91,63
101410,Priya Patel,CSE,3,3.95,74.39,4
101409,Sneha Reddy,CSE,6,8.84,70.92,14
101408,Aditya Patel,CSE,8,6.56,43.94,17
101407,Kabir Singh,CE,7,3.74,36.45,23
101406,Aditya Gupta,CE,2,9.13,0.69,98
101405,Vikram Kumar,CSE,2,4.31,19.75,67
101404,Sneha Patel,ME,2,0.05,89.02,23
101403,Aditya Sharma,CE,8,0.57,0.59,58
101402,Aarav Rao,CE,4,9.23,92.91,82
101401,Priya Joshi,CSE,5,2.99,29.35,27
101400,Aarav Reddy,CE,7,1.7,96.97,43
101399,Aditya Singh,ECE,2,3.67,13.33,45
101398,Diya Sharma,EEE,8,9.65,67.45,97
101397,Aarav Reddy,EEE,6,2.44,73.9,67
101396,Rohan Jha,CE,2,4.05,61.63,95
101395,Kabir Joshi,CE,1,9.62,42.4,65
101394,Ananya Verma,ECE,2,1.65,5.74,95
101393,Priya Patel,CSE,5,4.07,31.27,11
101392,Isha Joshi,ME,5,9.53,52.06,91
101391,Sneha Singh,EEE,7,7.07,18.31,45
101390,Aditya Gupta,ECE,3,3.79,73.54,6
101389,Rohan Kumar,EEE,7,4.77,12.76,1
101388,Kabir Rao,CSE,1,1.71,94.65,49
101387,Isha Verma,EEE,6,7.0,86.54,70
101386,Vikram Verma,CSE,3,5.26,87.55,75
101385,Kabir Gupta,ECE,5,0.1,37.72,28
101384,Aditya Reddy,CSE,6,6.4,36.28,42
101383,Aarav Rao,ECE,2,2.7,53.15,87
101382,Diya Gupta,CE,3,3.16,78.78,48
101381,Ananya Patel,ECE,6,5.64,64.78,65
101380,Isha Verma,ME,7,9.4,14.32,26
101379,Ananya Joshi,ME,5,3.82,90.37,51
101378,Diya Joshi,ECE,6,2.77,72.91,54
101377,Priya Sharma,ECE,3,3.0,83.26,17
101376,Sneha Rao,EEE,4,6.88,66.26,5
101375,Kabir Joshi,CE,3,5.77,69.51,66
101374,Aarav Singh,ME,1,9.46,51.94,100
101373,Aarav Verma,CSE,5,3.64,54.44,54
101372,Ananya Sharma,ECE,4,6.53,8.78,32
101371,Ananya Gupta,EEE,3,0.05,44.72,40
101370,Isha Verma,EEE,2,7.54,20.75,84
101369,Rohan Reddy,CSE,7,5.56,53.64,67
101368,Vikram Patel,EEE,3,0.99,6.35,68
101367,Kabir Verma,EEE,3,3.84,100.0,89
101366,Isha Joshi,ECE,1,5.87,98.73,61
101365,Vikram Patel,CE,6,0.12,11.66,15
101364,Diya Gupta,CE,2,7.78,86.49,83
101363,Vikram Singh,CSE,2,2.41,48.86,88
101362,Rohan Sharma,CSE,6,5.93,96.97,80
101361,Rohan Reddy,CE,3,9.26,9.6,60
101360,Priya Singh,ECE,1,3.62,85.61,13
101359,Kabir Jha,ECE,3,4.42,48.24,18
101358,Aditya Reddy,CSE,3,3.23,79.13,6
101357,Vikram Reddy,CSE,5,2.82,92.31,89
101356,Aarav Joshi,CE,6,4.22,47.34,44
101355,Aarav Gupta,CE,7,2.99,81.5,20
101354,Aarav Kumar,ECE,4,8.48,93.44,28
101353,Kabir Rao,CE,4,4.95,70.41,48
101352,Kabir Gupta,CSE,6,3.09,99.03,15
101351,Sneha Gupta,ME,4,5.0,45.58,76
101350,Aditya Rao,EEE,4,1.07,0.92,58
101349,Vikram Reddy,ME,6,7.98,93.39,16
101348,Rohan Kumar,CE,1,3.11,59.01,24
101347,Ananya Verma,ME,4,7.45,11.61,47
101346,Vikram Joshi,CE,4,2.24,11.57,11
101345,Diya Rao,CSE,6,3.77,71.74,94
101344,Rohan Joshi,CE,2,7.96,33.28,28
101343,Kabir Singh,ME,8,9.52,67.06,85
101342,Ananya Reddy,CSE,3,9.29,32.65,49
101341,Priya Singh,ECE,3,7.53,65.97,11
101340,Aditya Jha,ECE,8,9.55,48.22,69
101339,Rohan Joshi,EEE,1,1.28,79.68,38
101338,Sneha Reddy,CE,2,7.34,29.39,24
101337,Isha Singh,EEE,8,4.0,61.26,10
101336,Sneha Sharma,ME,1,9.7,73.58,86
101335,Priya Kumar,CE,8,5.15,66.02,0
101334,Rohan Sharma,EEE,2,8.69,27.95,89
101333,Sneha Kumar,CSE,1,4.57,69.83,92
101332,Sneha Kumar,ECE,6,6.65,37.84,7
101331,Kabir Jha,CE,6,6.04,33.66,87
101330,Aarav Verma,ECE,1,3.76,52.01,97
101329,Ananya Sharma,CSE,5,7.52,0.72,74
101328,Kabir Verma,ME,1,5.86,47.79,86
101327,Isha Rao,CSE,3,0.8,8.57,15
101326,Priya Sharma,ECE,4,2.59,90.23,52
101325,Isha Gupta,EEE,2,4.51,81.44,23
101324,Kabir Reddy,ECE,3,3.75,70.4,25
101323,Isha Sharma,CSE,2,7.74,41.78,53
101322,Rohan Patel,ECE,7,6.99,0.64,21
101321,Diya Patel,CE,2,1.09,57.26,44
101320,Rohan Reddy,ME,5,5.01,53.32,48
101319,Vikram Reddy,EEE,2,5.19,18.88,54
101318,Diya Rao,ECE,1,1.17,9.23,91
101317,Aarav Gupta,ME,8,9.44,14.74,31
101316,Priya Singh,CE,1,9.21,36.14,90
101315,Sneha Joshi,CE,6,6.96,65.09,54
101314,Vikram Rao,ECE,4,7.63,95.71,98
101313,Vikram Jha,ME,2,4.09,3.88,15
101312,Sneha Jha,CE,7,9.4,97.05,47
101311,Priya Gupta,ECE,1,0.13,50.07,92
101310,Kabir Reddy,EEE,8,0.72,13.67,60
101309,Diya Joshi,ECE,3,2.57,46.37,58
101308,Rohan Jha,CSE,7,4.27,8.32,38
101307,Vikram Gupta,CE,8,4.23,60.94,55
101306,Isha Singh,ME,8,0.8,97.26,50
101305,Priya Singh,CE,3,6.06,30.31,73
101304,Priya Joshi,CSE,7,7.25,31.15,92
101303,Priya Gupta,CSE,3,5.93,83.12,26
101302,Aarav Verma,CE,2,9.54,5.21,18
101301,Priya Singh,EEE,7,5.21,18.35,80
101300,Sneha Kumar,ECE,4,5.39,90.66,85
101299,Aarav Joshi,CE,5,7.51,22.9,93
101298,Diya Jha,ME,3,2.78,64.36,97
101297,Isha Patel,ECE,3,3.76,64.2,30
101296,Kabir Singh,CE,4,6.2,5.99,47
101295,Aditya Singh,EEE,1,2.33,61.63,15
101294,Isha Verma,ME,1,6.09,58.5,48
101293,Vikram Gupta,ME,3,6.35,88.4,40
101292,Diya Jha,CSE,3,2.52,9.47,41
101291,Diya Kumar,CSE,2,8.85,41.11,98
101290,Sneha Sharma,CE,4,4.59,6.6,35
101289,Ananya Singh,ECE,2,3.57,17.36,51
101288,Sneha Joshi,ECE,4,9.34,39.51,54
101287,Priya Verma,ECE,3,0.44,51.25,41
101286,Vikram Sharma,CSE,6,8.21,68.0,8
101285,Vikram Singh,ECE,6,9.09,20.0,2
101284,Ananya Reddy,ME,8,0.52,0.47,98
101283,Aditya Singh,CE,1,8.37,81.15,82
101282,Rohan Jha,ME,3,2.17,3.44,86
101281,Aditya Reddy,ECE,2,6.71,1.12,34
101280,Kabir Gupta,ECE,1,6.07,17.72,15
101279,Ananya Verma,EEE,4,7.14,43.77,60
101278,Kabir Verma,ECE,6,6.7,46.42,59
101277,Isha Reddy,ME,7,8.56,39.67,1
101276,Aditya Sharma,CE,1,0.73,69.45,95
101275,Ananya Verma,EEE,6,4.1,16.48,26
101274,Ananya Singh,CE,7,9.92,55.28,47
101273,Aarav Singh,ECE,5,8.83,53.77,85
101272,Vikram Jha,CE,3,6.99,9.55,89
101271,Vikram Rao,ECE,7,2.49,90.0,93
101270,Ananya Patel,CE,6,7.0,71.16,38
101269,Aditya Kumar,EEE,8,4.6,57.61,94
101268,Priya Sharma,ECE,8,0.64,39.92,31
101267,Diya Rao,ME,4,5.02,68.48,35
101266,Rohan Singh,ME,7,8.18,66.48,20
101265,Rohan Verma,ECE,7,4.78,6.88,26
101264,Sneha Joshi,CSE,3,3.27,90.98,50
101263,Kabir Singh,ECE,5,6.6,7.0,7
101262,Diya Jha,CSE,3,1.99,91.13,49
101261,Kabir Verma,ECE,2,6.75,17.76,88
101260,Ananya Joshi,CE,4,4.75,32.88,57
101259,Rohan Kumar,EEE,7,9.8,20.42,50
101258,Aditya Patel,ME,1,5.68,3.22,17
101257,Sneha Kumar,ECE,7,4.26,75.26,97
101256,Rohan Rao,ECE,5,9.43,0.97,84
101255,Vikram Reddy,ECE,8,4.5,55.84,47
101254,Aditya Jha,CE,6,7.92,31.31,24
101253,Vikram Singh,ECE,4,4.74,51.58,100
101252,Vikram Rao,CSE,8,6.54,98.93,19
101251,Aditya Patel,CSE,5,2.82,34.66,51
101250,Sneha Patel,ME,5,1.91,60.4,17
101249,Ananya Verma,ME,1,5.46,33.38,86
101248,Ananya Patel,EEE,2,7.86,92.66,12
101247,Vikram Sharma,ECE,8,2.34,64.54,45
101246,Isha Jha,CE,7,3.68,49.75,34
101245,Sneha Singh,EEE,1,4.65,62.11,54
101244,Kabir Joshi,CSE,3,7.52,29.5,66
101243,Vikram Singh,ME,7,8.89,57.14,47
101242,Diya Sharma,ECE,4,8.95,45.21,30
101241,Sneha Joshi,CE,8,4.74,58.12,81
101240,Aditya Reddy,EEE,6,4.99,46.43,41
101239,Isha Singh,CSE,8,7.91,61.49,21
101238,Sneha Singh,CSE,5,8.73,85.15,74
101237,Priya Sharma,EEE,4,8.54,29.42,19
101236,Priya Singh,EEE,7,6.94,31.8,54
101235,Aditya Rao,CE,2,1.18,88.27,16
101234,Priya Patel,CE,4,3.7,37.24,21
101233,Ananya Sharma,ECE,7,6.55,88.5,43
101232,Kabir Gupta,ME,4,1.79,2.15,33
101231,Diya Kumar,CSE,1,1.99,28.41,28
101230,Ananya Kumar,CSE,2,1.42,44.04,80
101229,Vikram Singh,CE,3,8.26,0.67,1
101228,Priya Jha,EEE,4,2.39,73.46,42
101227,Ananya Jha,CSE,8,2.19,0.37,28
101226,Sneha Rao,EEE,6,6.16,41.87,20
101225,Ananya Kumar,ECE,8,6.95,98.19,76
101224,Aarav Reddy,ME,4,9.77,64.06,25
101223,Kabir Kumar,CSE,3,0.57,50.71,71
101222,Aditya Kumar,ME,3,1.47,30.87,43
101221,Rohan Singh,ECE,1,0.6,31.17,55
101220,Rohan Joshi,ME,6,4.21,72.46,56
101219,Ananya Verma,CSE,2,5.93,84.08,73
101218,Diya Verma,ME,1,4.54,32.82,24
101217,Diya Sharma,CE,7,4.64,42.81,79
101216,Kabir Reddy,CE,2,6.17,41.11,76
101215,Kabir Rao,CE,2,1.02,5.58,6
101214,Vikram Kumar,CSE,3,0.62,80.24,7
101213,Ananya Jha,EEE,2,0.86,6.07,4
101212,Sneha Joshi,ECE,2,7.76,61.96,97
101211,Sneha Patel,ECE,2,4.74,95.88,6
101210,Ananya Sharma,CE,7,8.08,59.25,80
101209,Vikram Verma,ECE,4,1.64,31.08,80
101208,Priya Kumar,CSE,1,9.9,22.56,88
101207,Priya Sharma,ME,7,5.32,31.62,50
101206,Aditya Jha,CE,6,5.17,4.35,92
101205,Vikram Sharma,ME,7,8.44,40.69,15
101204,Priya Sharma,EEE,5,6.81,88.31,0
101203,Rohan Patel,EEE,4,8.81,72.89,35
101202,Rohan Joshi,ECE,3,0.65,12.82,8
101201,Aarav Singh,CE,2,8.7,56.91,63
101200,Sneha Sharma,ME,8,9.05,70.7,26
101199,Sneha Singh,CSE,5,8.08,22.11,63
101198,Isha Sharma,ECE,1,7.58,68.06,90
101197,Sneha Reddy,ECE,1,1.25,37.05,24
101196,Aditya Sharma,CE,2,3.53,81.28,76
101195,Aditya Jha,CE,2,7.87,64.91,9
101194,Aarav Rao,CE,1,9.01,67.27,52
101193,Priya Jha,EEE,6,0.16,69.18,82
101192,Sneha Patel,CE,5,2.46,98.3,43
101191,Rohan Joshi,ME,7,2.11,50.48,40
101190,Rohan Joshi,EEE,2,3.01,39.53,15
101189,Kabir Reddy,ME,4,5.85,51.03,5
101188,Kabir Gupta,CSE,1,9.34,48.22,76
101187,Aditya Reddy,EEE,8,0.42,81.26,79
101186,Aditya Singh,ECE,6,5.4,16.82,31
101185,Ananya Singh,EEE,3,3.05,40.67,10
101184,Aarav Reddy,ECE,1,2.69,96.35,86
101183,Ananya Patel,CSE,6,4.65,40.71,61
101182,Aarav Singh,ECE,4,4.93,75.24,49
101181,Sneha Gupta,CE,6,2.58,94.16,15
101180,Diya Kumar,ECE,1,7.13,29.8,12
101179,Kabir Verma,ECE,5,9.52,67.86,7
101178,Kabir Verma,CSE,2,5.42,28.54,23
101177,Sneha Reddy,ECE,7,0.24,52.79,48
101176,Diya Jha,CSE,6,4.02,4.5,2
101175,Ananya Joshi,ECE,1,2.75,20.58,90
101174,Aditya Rao,CSE,4,7.51,50.26,2
101173,Aarav Rao,ME,2,6.44,8.52,79
101172,Aditya Sharma,CE,5,6.46,86.6,90
101171,Sneha Verma,EEE,7,3.87,90.02,43
101170,Diya Gupta,ECE,8,7.62,66.72,19
101169,Diya Patel,EEE,8,9.0,78.13,60
101168,Isha Sharma,CSE,6,0.68,4.47,61
101167,Diya Reddy,CSE,5,8.89,21.56,94
101166,Sneha Patel,ME,8,0.28,14.29,100
101165,Sneha Rao,ME,1,5.23,11.77,39
101164,Rohan Joshi,ME,2,6.02,40.86,15
101163,Isha Jha,ECE,2,6.94,45.54,4
101162,Vikram Jha,CE,7,8.24,14.43,16
101161,Aditya Reddy,EEE,7,8.72,58.43,81
101160,Ananya Sharma,CE,3,4.76,44.62,47
101159,Sneha Jha,CSE,3,7.12,82.84,10
101158,Diya Gupta,CE,4,1.05,51.65,24
101157,Diya Rao,EEE,4,3.5,28.45,100
101156,Isha Patel,EEE,1,4.53,98.3,95
101155,Sneha Patel,EEE,6,1.24,75.66,15
101154,Kabir Singh,ME,7,9.87,11.04,7
101153,Aditya Kumar,ECE,1,0.28,79.66,75
101152,Rohan Joshi,EEE,5,2.14,51.17,39
101151,Vikram Singh,ME,2,0.37,33.45,92
101150,Vikram Jha,ECE,8,6.97,88.77,100
101149,Sneha Kumar,CSE,5,9.0,61.04,18
101148,Aditya Patel,CE,7,8.86,70.08,38
101147,Aarav Reddy,CSE,3,9.03,5.78,80
101146,Ananya Verma,ME,6,4.02,77.24,55
101145,Sneha Sharma,CE,3,7.7,71.76,66
101144,Priya Gupta,CE,7,9.18,89.81,66
101143,Vikram Kumar,ECE,3,7.53,52.97,100
101142,Sneha Patel,EEE,3,0.85,37.24,96
101141,Ananya Singh,CE,7,7.69,0.66,60
101140,Aditya Jha,CSE,3,6.47,33.46,17
101139,Rohan Verma,ECE,6,1.57,29.21,56
101138,Isha Verma,CSE,2,8.24,4.2,13
101137,Aditya Patel,ECE,2,7.06,92.66,56
101136,Priya Jha,ME,6,7.85,76.94,98
101135,Aarav Verma,ME,7,1.14,22.67,71
101134,Sneha Patel,ME,3,1.75,85.95,64
101133,Vikram Jha,ME,4,2.09,4.7,2
101132,Ananya Jha,ECE,3,1.99,60.57,12
101131,Vikram Kumar,CE,3,6.22,28.25,95
101130,Sneha Rao,CE,3,8.83,72.3,49
101129,Kabir Singh,CE,6,4.38,50.76,75
101128,Ananya Jha,EEE,6,4.48,43.62,20
101127,Diya Kumar,EEE,2,2.68,64.83,60
101126,Diya Rao,CE,4,7.14,52.83,54
101125,Vikram Jha,EEE,5,0.37,39.97,65
101124,Vikram Sharma,ME,1,1.03,84.76,55
101123,Isha Jha,CSE,8,5.85,20.13,72
101122,Vikram Sharma,CSE,3,9.02,73.88,56
101121,Vikram Joshi,ECE,2,3.01,46.34,60
101120,Aarav Singh,CSE,4,4.81,14.52,30
101119,Sneha Reddy,ME,2,1.25,1.39,14
101118,Isha Jha,CE,8,3.03,81.31,78
101117,Ananya Reddy,EEE,1,0.06,11.67,21
101116,Sneha Gupta,ECE,3,0.78,98.22,33
101115,Kabir Kumar,EEE,8,7.57,44.99,33
101114,Isha Gupta,ECE,7,0.45,41.63,90
101113,Sneha Patel,EEE,2,7.69,1.63,94
101112,Vikram Reddy,CSE,8,6.61,56.85,32
101111,Diya Sharma,EEE,2,9.17,51.34,65
101110,Kabir Gupta,ECE,5,8.42,52.31,37
101109,Aditya Joshi,CSE,5,4.68,7.92,61
101108,Aditya Kumar,CE,4,6.48,71.36,63
101107,Vikram Kumar,EEE,3,4.34,42.6,5
101106,Isha Reddy,CE,5,5.63,42.31,96
101105,Diya Gupta,ME,2,8.32,51.27,62
101104,Rohan Verma,ME,8,8.01,73.59,39
101103,Aarav Singh,ECE,7,7.79,28.49,96
101102,Vikram Patel,ECE,4,9.65,86.55,11
101101,Kabir Kumar,CSE,2,5.47,60.23,11
101100,Isha Kumar,EEE,3,2.11,4.87,82
101099,Isha Patel,EEE,1,3.29,4.38,79
101098,Sneha Gupta,CSE,2,4.6,70.77,61
101097,Sneha Sharma,ME,2,3.94,59.03,13
101096,Diya Gupta,CE,2,2.46,49.81,12
101095,Aditya Patel,EEE,4,5.84,97.16,67
101094,Rohan Verma,ME,2,2.04,28.41,21
101093,Aarav Jha,ME,8,4.58,11.25,92
101092,Aarav Jha,ME,3,7.06,43.64,63
101091,Rohan Joshi,CE,1,1.89,5.46,23
101090,Aditya Kumar,CE,3,3.16,99.46,97
101089,Sneha Reddy,ME,5,6.13,76.16,33
101088,Rohan Patel,CSE,6,0.44,12.79,35
101087,Isha Kumar,CE,3,0.9,71.03,55
101086,Vikram Kumar,ECE,1,5.8,26.03,64
101085,Diya Rao,CSE,1,2.54,61.97,38
101084,Aditya Sharma,CSE,6,9.31,47.09,45
101083,Vikram Singh,CE,7,7.36,25.62,12
101082,Isha Verma,CSE,8,1.33,32.32,88
101081,Kabir Patel,ECE,8,9.07,36.96,87
101080,Priya Patel,ECE,7,1.8,79.25,3
101079,Kabir Patel,CE,7,1.3,85.63,76
101078,Isha Verma,ECE,4,1.91,86.19,100
101077,Diya Verma,CSE,7,7.73,92.83,86
101076,Vikram Rao,CE,5,1.49,95.8,21
101075,Priya Verma,CE,4,2.62,85.18,6
101074,Diya Singh,CSE,1,9.23,64.71,80
101073,Kabir Singh,CSE,7,3.68,39.35,48
101072,Isha Jha,ECE,5,1.73,59.3,41
101071,Ananya Gupta,ECE,3,8.47,68.58,40
101070,Rohan Sharma,CE,4,6.28,31.37,10
101069,Sneha Jha,CSE,1,6.41,18.37,56
101068,Rohan Patel,EEE,2,3.52,60.21,70
101067,Isha Jha,CE,6,7.17,87.68,12
101066,Isha Kumar,CE,1,2.74,8.01,99
101065,Kabir Patel,CSE,4,2.97,85.94,20
101064,Sneha Verma,EEE,4,8.58,38.85,50
101063,Aarav Sharma,ECE,5,5.53,30.93,89
101062,Rohan Kumar,CE,6,8.21,2.11,77
101061,Sneha Joshi,CE,8,6.83,96.33,100
101060,Kabir Rao,CSE,8,5.33,69.96,14
101059,Priya Gupta,CSE,3,2.14,27.45,52
101058,Ananya Kumar,ME,7,8.06,74.4,54
101057,Aditya Rao,EEE,5,4.96,9.02,76
101056,Ananya Reddy,ECE,4,1.12,73.45,15
101055,Sneha Rao,ME,2,9.01,40.7,46
101054,Aditya Gupta,CSE,8,7.82,5.53,10
101053,Rohan Patel,ECE,1,2.58,80.35,84
101052,Isha Jha,EEE,7,4.22,90.57,25
101051,Priya Reddy,ECE,2,1.5,2.77,39
101050,Priya Reddy,ME,5,6.46,25.64,76
101049,Kabir Reddy,CE,6,8.6,91.11,81
101048,Aditya Singh,ME,8,1.48,15.05,87
101047,Isha Patel,EEE,7,9.35,72.66,7
101046,Aditya Gupta,EEE,8,2.13,96.21,95
101045,Vikram Patel,EEE,8,6.72,54.76,2
101044,Kabir Joshi,ME,7,6.63,31.34,53
101043,Sneha Patel,CSE,8,4.27,34.73,9
101042,Vikram Singh,EEE,2,7.18,57.82,75
101041,Ananya Joshi,ECE,5,2.65,29.73,73
101040,Rohan Rao,ME,6,9.69,20.18,81
101039,Ananya Singh,ME,8,5.03,76.49,43
101038,Aarav Kumar,CE,7,3.22,9.77,62
101037,Aarav Jha,CE,7,2.67,69.6,75
101036,Ananya Verma,ME,2,3.38,1.97,41
101035,Vikram Kumar,CSE,4,2.48,64.81,75
101034,Diya Sharma,ME,7,0.97,34.51,45
101033,Aarav Rao,CSE,3,8.37,34.89,94
101032,Diya Reddy,EEE,6,7.66,28.44,7
101031,Isha Jha,EEE,3,5.07,39.14,63
101030,Isha Verma,EEE,8,6.6,68.54,73
101029,Aditya Patel,ECE,8,4.31,31.25,49
101028,Vikram Jha,ME,7,4.43,3.6,22
101027,Aditya Joshi,CSE,1,9.91,88.01,15
101026,Isha Singh,ME,8,4.9,26.17,43
101025,Diya Rao,CSE,2,6.61,51.99,63
101024,Isha Sharma,ECE,7,6.05,32.7,38
101023,Isha Jha,ECE,3,0.3,73.78,8
101022,Isha Joshi,ME,3,7.68,10.8,32
101021,Diya Patel,CE,6,4.76,60.32,51
101020,Ananya Singh,CE,8,2.79,71.35,74
101019,Rohan Verma,ME,4,3.39,59.5,51
101018,Ananya Verma,ECE,7,4.01,59.06,13
101017,Sneha Gupta,CSE,8,6.72,39.64,66
101016,Aditya Reddy,ME,7,1.89,6.96,60
101015,Kabir Jha,EEE,5,6.87,84.11,28
101014,Sneha Patel,EEE,1,0.82,49.37,49
101013,Ananya Kumar,CSE,8,1.1,13.59,97
101012,Ananya Gupta,ME,7,4.24,51.43,52
101011,Ananya Singh,EEE,8,3.66,58.94,56
101010,Aditya Singh,ECE,5,1.72,75.4,0
101009,Diya Singh,EEE,2,0.99,57.81,1
101008,Kabir Rao,ME,6,1.61,50.06,93
101007,Diya Singh,ECE,6,0.29,14.56,95
101006,Ananya Patel,CSE,2,7.82,92.01,26
101005,Priya Verma,CSE,1,4.69,90.85,5
101004,Vikram Verma,CSE,1,7.75,75.73,5
101003,Priya Gupta,ECE,4,3.07,20.98,10
101002,Diya Joshi,ME,3,7.1,2.88,15
101001,Rohan Sharma,CE,6,3.12,36.26,56
101000,Diya Joshi,EEE,2,4.17,91.6,14
100999,Rohan Verma,ECE,3,5.03,83.16,71
100998,Aarav Gupta,EEE,5,3.73,48.49,43
100997,Sneha Patel,ME,6,0.96,58.0,18
100996,Aditya Singh,ECE,2,5.99,16.71,41
100995,Vikram Kumar,CSE,5,2.92,63.89,9
100994,Rohan Kumar,CE,3,3.57,5.29,46
100993,Isha Verma,ME,1,8.45,16.28,7
100992,Diya Kumar,EEE,8,5.66,86.83,80
100991,Rohan Jha,ECE,1,1.19,27.72,8
100990,Kabir Patel,CE,2,6.54,89.27,53
100989,Diya Patel,CE,8,2.25,79.12,19
100988,Priya Gupta,CE,5,5.54,4.22,38
100987,Vikram Gupta,EEE,8,7.1,75.52,17
100986,Sneha Verma,EEE,7,0.88,40.95,34
100985,Vikram Reddy,ECE,2,1.44,30.32,67
100984,Ananya Singh,CE,7,8.04,28.86,93
100983,Sneha Sharma,ME,6,3.51,97.75,71
100982,Aarav Kumar,CE,3,7.16,42.76,49
100981,Ananya Joshi,CE,4,4.9,60.32,65
100980,Aditya Singh,ME,4,0.23,53.84,57
100979,Isha Kumar,CSE,6,0.55,64.13,74
100978,Aarav Gupta,EEE,2,3.08,40.16,28
100977,Diya Gupta,EEE,8,3.39,11.23,61
100976,Sneha Gupta,CSE,6,6.47,29.56,37
100975,Kabir Verma,CSE,7,9.31,76.85,58
100974,Sneha Kumar,ECE,6,4.48,97.55,68
100973,Isha Patel,ME,3,2.05,70.71,85
100972,Rohan Gupta,ECE,2,0.41,31.66,16
100971,Aditya Patel,ECE,3,8.39,69.29,85
100970,Rohan Kumar,ME,8,9.56,61.86,20
100969,Rohan Patel,ECE,8,3.72,28.81,6
100968,Sneha Jha,EEE,8,4.58,56.73,39
100967,Ananya Sharma,ECE,6,4.12,34.28,82
100966,Isha Kumar,CE,8,7.38,2.15,24
100965,Priya Joshi,CSE,5,4.17,68.24,16
100964,Ananya Verma,ECE,5,1.12,14.8,19
100963,Ananya Singh,CE,2,0.8,89.79,36
100962,Aditya Verma,CE,5,4.52,36.81,86
100961,Vikram Patel,CSE,2,3.73,45.24,64
100960,Diya Singh,ECE,6,3.53,26.74,87
100959,Sneha Singh,EEE,2,6.49,73.74,96
100958,Sneha Kumar,ECE,2,5.61,77.36,17
100957,Aditya Kumar,CSE,2,3.83,46.54,5
100956,Aditya Rao,ECE,2,6.2,33.57,7
100955,Sneha Joshi,CSE,5,4.26,26.98,78
100954,Rohan Kumar,CE,1,8.6,7.07,88
100953,Diya Sharma,CE,8,7.72,87.42,51
100952,Aarav Jha,ME,3,7.03,85.79,95
100951,Vikram Singh,ECE,6,2.96,64.76,11
100950,Isha Jha,ECE,2,5.58,1.24,93
100949,Aditya Sharma,CE,7,4.79,79.8,12
100948,Rohan Rao,CSE,7,9.8,4.01,60
100947,Priya Singh,ME,7,5.79,89.18,75
100946,Priya Rao,CE,8,2.79,73.0,94
100945,Rohan Rao,EEE,4,0.86,85.7,62
100944,Sneha Singh,ME,3,7.9,63.8,78
100943,Aarav Patel,ECE,2,8.52,45.86,21
100942,Priya Kumar,ME,4,3.36,3.21,72
100941,Rohan Singh,EEE,8,1.78,37.35,58
100940,Vikram Singh,CSE,8,5.85,5.43,55
100939,Priya Verma,ME,4,0.98,73.77,25
100938,Diya Rao,ME,7,1.99,67.69,41
100937,Aarav Jha,EEE,2,0.71,23.53,56
100936,Isha Sharma,CSE,1,9.25,17.59,100
100935,Sneha Patel,ECE,7,2.51,61.68,97
100934,Isha Jha,ECE,3,6.7,4.31,82
100933,Priya Jha,ECE,5,0.53,11.27,19
100932,Aditya Verma,EEE,6,8.63,98.68,64
100931,Ananya Patel,ME,7,0.05,23.56,15
100930,Priya Gupta,EEE,1,5.96,71.72,78
100929,Isha Gupta,ECE,3,6.4,52.31,52
100928,Rohan Verma,EEE,5,4.16,80.74,98
100927,Diya Reddy,ECE,1,8.8,8.07,0
100926,Aditya Gupta,CE,4,9.26,4.07,12
100925,Ananya Verma,ME,3,7.58,16.81,47
100924,Aditya Gupta,ME,4,7.64,59.31,42
100923,Priya Reddy,ME,7,3.24,97.59,73
100922,Ananya Verma,CSE,8,5.95,61.56,8
100921,Rohan Sharma,ME,2,4.56,17.07,75
100920,Aarav Jha,EEE,1,2.43,64.88,1
100919,Rohan Rao,ECE,2,0.37,14.16,83
100918,Ananya Singh,EEE,8,9.4,87.02,68
100917,Aarav Sharma,ME,1,3.38,72.1,51
100916,Isha Reddy,CSE,5,5.0,96.5,57
100915,Priya Gupta,CSE,4,0.25,99.64,30
100914,Vikram Verma,ME,8,0.85,63.28,94
100913,Kabir Singh,ECE,1,9.68,66.07,38
100912,Ananya Kumar,EEE,6,0.8,45.96,98
100911,Isha Verma,EEE,6,3.33,30.28,7
100910,Ananya Joshi,ECE,1,3.84,68.93,99
100909,Isha Jha,CE,7,8.44,78.09,100
100908,Vikram Patel,ECE,6,9.05,57.46,65
100907,Kabir Jha,CSE,8,1.49,64.03,4
100906,Ananya Jha,ME,2,0.35,7.04,93
100905,Rohan Jha,CSE,3,5.41,43.13,78
100904,Rohan Jha,CSE,8,9.79,20.07,50
100903,Aarav Reddy,CE,6,9.96,25.82,33
100902,Isha Patel,CE,6,2.57,78.07,35
100901,Diya Gupta,CSE,3,2.53,46.7,9
100900,Priya Rao,CSE,2,0.86,60.47,48
100899,Kabir Patel,ECE,1,0.24,9.19,76
100898,Aarav Reddy,CSE,2,6.85,35.15,92
100897,Aditya Kumar,ECE,6,5.48,67.28,8
100896,Diya Reddy,CE,4,7.34,58.87,24
100895,Diya Patel,ME,5,2.67,9.83,83
100894,Sneha Joshi,CSE,2,9.18,63.74,55
100893,Rohan Joshi,CE,1,2.89,79.73,48
100892,Isha Joshi,ECE,7,6.84,39.01,33
100891,Aarav Patel,CSE,1,1.68,39.87,38
100890,Vikram Singh,CE,3,2.11,73.44,44
100889,Ananya Gupta,EEE,3,8.38,75.28,52
100888,Kabir Singh,CE,3,7.99,86.2,43
100887,Ananya Rao,ECE,3,6.59,36.98,22
100886,Kabir Patel,ECE,5,2.75,25.7,94
100885,Diya Sharma,ME,8,0.83,50.56,100
100884,Isha Rao,ECE,1,6.56,29.18,94
100883,Kabir Gupta,CSE,5,7.27,56.37,7
100882,Aditya Jha,EEE,6,4.21,96.06,37
100881,Kabir Rao,CSE,6,5.35,1.08,58
100880,Ananya Singh,CE,2,6.84,53.92,74
100879,Ananya Gupta,EEE,5,4.65,7.82,78
100878,Aarav Rao,CE,6,1.13,48.15,88
100877,Priya Joshi,ME,7,9.27,57.64,4
100876,Vikram Kumar,ECE,3,4.25,0.74,63
100875,Diya Reddy,EEE,3,4.54,42.41,57
100874,Isha Reddy,ECE,2,1.37,80.59,58
100873,Rohan Patel,ECE,3,0.12,64.84,18
100872,Isha Gupta,ECE,7,8.43,36.03,53
100871,Sneha Reddy,CE,7,4.35,21.12,22
100870,Ananya Patel,CSE,4,4.32,59.02,80
100869,Sneha Joshi,CSE,1,7.03,82.08,45
100868,Diya Sharma,EEE,7,8.48,85.25,7
100867,Kabir Rao,ME,7,7.18,91.51,11
100866,Aditya Patel,CE,8,1.96,68.15,40
100865,Priya Gupta,EEE,1,7.57,66.09,57
100864,Ananya Rao,CE,6,4.94,66.02,11
100863,Aditya Verma,CE,3,3.08,40.58,76
100862,Priya Gupta,CSE,8,1.14,59.61,41
100861,Priya Rao,CE,7,5.67,34.22,88
100860,Priya Rao,ECE,3,9.74,38.38,43
100859,Sneha Joshi,CSE,5,5.33,40.08,52
100858,Diya Rao,ECE,2,4.06,71.43,13
100857,Ananya Kumar,CE,8,8.46,28.23,44
100856,Vikram Gupta,ME,6,4.53,3.03,60
100855,Isha Singh,ECE,3,8.61,61.69,46
100854,Isha Verma,CE,5,6.84,71.02,59
100853,Aditya Verma,CE,3,0.93,80.24,89
100852,Diya Jha,EEE,6,3.12,81.74,91
100851,Ananya Reddy,CSE,2,4.26,17.9,76
100850,Aditya Jha,CSE,3,0.29,90.33,6
100849,Kabir Rao,ECE,3,0.71,61.33,43
100848,Ananya Singh,EEE,6,5.49,27.11,90
100847,Rohan Gupta,ME,2,0.15,62.29,65
100846,Priya Patel,ME,6,7.73,67.11,34
100845,Kabir Sharma,EEE,5,6.39,20.98,25
100844,Ananya Kumar,CE,1,1.03,76.62,95
100843,Aditya Verma,CSE,5,9.32,68.71,76
100842,Sneha Gupta,CSE,3,2.05,3.66,49
100841,Rohan Singh,ME,8,7.32,52.36,99
100840,Aarav Singh,CSE,8,5.06,79.9,64
100839,Sneha Jha,ME,4,5.25,17.5,47
100838,Kabir Kumar,CSE,5,4.14,49.71,30
100837,Rohan Rao,EEE,7,1.87,11.68,100
100836,Ananya Gupta,ME,1,3.39,37.52,68
100835,Sneha Joshi,EEE,1,2.08,68.55,45
100834,Sneha Jha,CE,1,8.35,29.93,92
100833,Isha Jha,CSE,3,4.81,62.72,68
100832,Diya Rao,CSE,3,1.94,83.38,86
100831,Aditya Joshi,ME,1,1.14,33.33,50
100830,Priya Sharma,ECE,5,2.54,6.78,38
100829,Isha Verma,ECE,7,4.14,33.38,71
100828,Rohan Rao,ECE,5,9.79,0.16,3
100827,Sneha Gupta,EEE,8,5.2,63.19,63
100826,Kabir Reddy,EEE,6,2.6,57.51,79
100825,Diya Joshi,CSE,8,7.24,60.48,100
100824,Sneha Joshi,CE,4,6.96,61.21,13
100823,Vikram Joshi,CSE,5,4.71,12.2,35
100822,Aarav Verma,ME,6,3.69,37.89,8
100821,Kabir Rao,EEE,3,9.66,74.93,46
100820,Sneha Verma,CSE,2,4.17,17.82,86
100819,Sneha Sharma,ECE,1,6.67,83.8,38
100818,Priya Joshi,ME,4,0.49,14.83,83
100817,Diya Jha,CE,7,4.42,60.12,0
100816,Isha Jha,CE,1,6.08,49.35,27
100815,Rohan Verma,ECE,4,0.04,76.54,1
100814,Aarav Reddy,ME,5,7.3,96.1,36
100813,Rohan Kumar,EEE,3,1.62,14.46,98
100812,Aditya Reddy,EEE,3,3.79,38.06,98
100811,Rohan Verma,CSE,2,7.06,63.41,10
100810,Isha Rao,ECE,8,0.9,32.41,83
100809,Diya Joshi,ECE,7,4.14,45.09,22
100808,Aditya Gupta,CE,8,0.9,50.07,23
100807,Kabir Jha,ECE,7,2.94,91.9,88
100806,Aditya Sharma,ECE,5,4.4,88.44,99
100805,Priya Joshi,EEE,7,9.84,3.93,49
100804,Diya Joshi,EEE,1,5.21,45.16,5
100803,Aarav Rao,CE,6,3.94,93.91,73
100802,Diya Jha,ME,8,8.88,42.76,99
100801,Kabir Reddy,ECE,4,7.58,6.61,56
100800,Rohan Gupta,ECE,4,0.32,76.45,1
100799,Aditya Rao,CE,6,1.84,38.75,60
100798,Priya Singh,CSE,6,0.79,77.98,17
100797,Rohan Sharma,EEE,5,6.06,61.24,76
100796,Vikram Patel,CE,5,1.52,18.79,16
100795,Ananya Gupta,ME,3,7.27,76.54,52
100794,Rohan Reddy,ECE,3,3.17,55.73,92
100793,Diya Joshi,ECE,3,3.09,70.51,67
100792,Kabir Rao,ME,8,5.42,20.68,17
100791,Ananya Reddy,EEE,4,4.17,57.29,54
100790,Aditya Patel,ECE,3,3.42,39.28,17
100789,Kabir Sharma,ME,7,8.9,81.49,3
100788,Aarav Kumar,ME,6,6.25,23.62,64
100787,Aarav Sharma,ECE,5,3.34,39.34,20
100786,Aditya Verma,ECE,4,5.01,45.8,91
100785,Priya Reddy,EEE,2,9.04,48.47,76
100784,Kabir Kumar,CSE,1,2.92,88.34,49
100783,Diya Patel,CSE,8,6.55,0.83,49
100782,Aarav Reddy,EEE,1,2.55,6.01,25
100781,Aditya Patel,EEE,8,6.23,99.23,88
100780,Isha Sharma,ME,4,7.4,21.19,69
100779,Rohan Patel,CSE,6,6.94,11.13,57
100778,Priya Kumar,ECE,2,1.12,5.45,79
100777,Diya Jha,EEE,3,4.4,92.42,29
100776,Priya Kumar,ME,1,7.7,16.93,44
100775,Sneha Rao,CSE,2,6.72,42.35,44
100774,Diya Singh,EEE,4,2.42,26.63,55
100773,Aditya Reddy,ECE,3,4.81,19.81,50
100772,Sneha Verma,CE,1,5.48,26.26,51
100771,Aditya Verma,ECE,7,2.9,39.43,16
100770,Priya Gupta,CSE,7,9.71,75.28,73
100769,Kabir Joshi,CSE,6,5.4,14.96,64
100768,Vikram Verma,ECE,1,6.34,63.22,6
100767,Diya Reddy,CSE,1,9.22,33.44,55
100766,Rohan Jha,EEE,2,5.95,30.04,93
100765,Diya Reddy,EEE,4,7.34,72.36,61
100764,Rohan Patel,ME,4,2.33,81.11,11
100763,Kabir Joshi,EEE,3,0.94,46.04,19
100762,Aarav Patel,ECE,4,8.56,2.17,88
100761,Aarav Patel,EEE,1,5.18,99.34,38
100760,Aditya Patel,ME,8,4.47,39.71,92
100759,Vikram Reddy,ME,4,5.63,21.39,98
100758,Diya Jha,ME,6,5.5,99.69,47
100757,Rohan Gupta,EEE,7,5.05,65.75,68
100756,Ananya Rao,ME,8,7.03,42.71,13
100755,Priya Joshi,ECE,3,5.58,55.81,95
100754,Priya Joshi,CSE,2,7.25,53.17,24
100753,Diya Patel,EEE,1,7.34,83.45,9
100752,Aarav Kumar,EEE,7,8.22,79.42,7
100751,Ananya Sharma,ECE,8,9.28,83.21,59
100750,Isha Joshi,EEE,5,0.49,22.07,91
100749,Isha Singh,CSE,1,5.71,83.63,84
100748,Aditya Verma,CSE,3,1.79,3.13,13
100747,Rohan Rao,ME,6,4.1,32.2,12
100746,Ananya Joshi,CE,4,5.24,49.75,70
100745,Rohan Sharma,EEE,6,7.76,23.88,92
100744,Kabir Joshi,ME,8,0.01,63.8,48
100743,Sneha Jha,ME,3,0.69,15.5,37
100742,Isha Joshi,ME,8,1.9,18.66,44
100741,Aarav Reddy,ME,3,2.51,3.95,90
100740,Isha Singh,ME,6,8.06,43.87,24
100739,Aarav Sharma,ME,3,7.01,79.15,16
100738,Isha Verma,EEE,6,9.31,99.7,80
100737,Diya Jha,EEE,3,3.71,8.95,20
100736,Rohan Patel,EEE,2,3.96,24.31,5
100735,Sneha Sharma,ECE,2,2.36,43.42,1
100734,Aarav Joshi,EEE,2,2.53,63.85,25
100733,Priya Jha,CE,5,9.36,15.86,93
100732,Isha Singh,CSE,4,4.61,77.1,66
100731,Kabir Reddy,CSE,2,9.75,71.47,49
100730,Rohan Sharma,ME,7,0.71,47.01,24
100729,Kabir Jha,ME,8,6.97,3.17,10
100728,Aarav Singh,CSE,3,0.15,21.72,53
100727,Aditya Sharma,ECE,2,2.82,12.5,56
100726,Diya Jha,ME,8,1.88,1.94,6
100725,Vikram Singh,CSE,3,1.37,11.04,58
100724,Vikram Singh,EEE,5,2.85,74.29,34
100723,Vikram Singh,ECE,7,8.28,22.06,10
100722,Priya Sharma,EEE,6,1.89,88.22,55
100721,Isha Jha,ME,1,7.66,79.8,76
100720,Aarav Joshi,ECE,6,2.87,53.51,88
100719,Ananya Jha,ME,6,4.12,15.57,1
100718,Vikram Joshi,EEE,5,9.09,48.17,29
100717,Rohan Rao,EEE,8,6.31,63.59,72
100716,Isha Joshi,ME,8,1.35,94.85,69
100715,Rohan Sharma,CSE,6,8.6,32.52,60
100714,Kabir Singh,ECE,5,4.43,12.64,67
100713,Ananya Patel,EEE,3,0.84,93.16,49
100712,Isha Joshi,CSE,1,7.71,52.4,10
100711,Priya Patel,CSE,4,1.67,10.3,8
100710,Diya Joshi,CE,7,1.67,85.42,16
100709,Kabir Rao,CE,5,8.88,78.1,46
100708,Ananya Gupta,ME,4,3.13,65.3,90
100707,Rohan Gupta,ME,7,6.31,57.16,9
100706,Aditya Jha,CE,2,3.81,28.65,80
100705,Priya Rao,EEE,3,9.79,28.46,41
100704,Sneha Sharma,CE,2,3.51,67.96,77
100703,Ananya Jha,ME,5,3.61,56.04,32
100702,Aarav Reddy,CSE,3,0.6,81.38,60
100701,Aditya Joshi,ME,8,3.0,56.21,72
100700,Rohan Gupta,CE,1,1.77,49.96,80
100699,Priya Verma,ME,4,5.55,85.63,25
100698,Sneha Kumar,CE,5,4.51,57.14,73
100697,Sneha Kumar,ECE,8,4.24,41.91,96
100696,Kabir Gupta,EEE,5,2.37,47.13,78
100695,Aarav Sharma,ECE,7,5.81,32.54,78
100694,Vikram Gupta,CE,2,6.98,46.01,88
100693,Aarav Joshi,CE,8,9.4,3.26,44
100692,Kabir Jha,ECE,5,3.98,75.02,16
100691,Aarav Jha,ME,6,4.92,98.54,73
100690,Ananya Verma,CSE,8,6.14,76.42,69
100689,Priya Singh,ECE,4,8.36,35.6,99
100688,Rohan Singh,CE,4,2.35,24.21,33
100687,Aditya Gupta,CE,6,3.54,89.43,34
100686,Priya Patel,CSE,7,6.74,82.11,9
100685,Priya Kumar,CE,6,5.17,0.97,33
100684,Isha Verma,ME,2,3.83,78.87,28
100683,Isha Singh,ME,8,6.82,89.65,3
100682,Aditya Patel,EEE,5,6.94,96.61,72
100681,Aditya Verma,EEE,2,5.03,34.0,14
100680,Diya Singh,CE,7,5.75,26.11,52
100679,Ananya Joshi,ME,6,3.47,81.55,28
100678,Vikram Reddy,EEE,4,5.18,73.69,8
100677,Priya Sharma,ECE,2,9.97,77.97,45
100676,Kabir Singh,CSE,4,6.15,67.4,46
100675,Isha Jha,CSE,4,8.51,93.08,66
100674,Aditya Patel,EEE,1,9.46,82.02,81
100673,Ananya Rao,CSE,7,9.31,40.06,83
100672,Ananya Gupta,CE,7,0.88,26.31,47
100671,Sneha Joshi,EEE,1,1.61,96.46,0
100670,Ananya Singh,CE,3,1.0,50.83,100
100669,Kabir Patel,EEE,6,7.74,39.81,17
100668,Priya Reddy,EEE,8,1.79,55.91,61
100667,Kabir Joshi,CE,6,6.12,99.18,50
100666,Sneha Reddy,ME,2,1.55,65.16,32
100665,Aarav Rao,EEE,2,5.2,37.5,26
100664,Kabir Rao,EEE,7,2.58,0.55,95
100663,Diya Verma,CE,3,2.55,76.59,10
100662,Priya Jha,CE,6,5.89,74.14,97
100661,Vikram Joshi,CE,6,8.75,69.76,54
100660,Ananya Verma,CE,3,9.02,53.93,0
100659,Isha Rao,EEE,1,8.78,53.14,96
100658,Aarav Singh,EEE,7,8.27,60.55,22
100657,Sneha Jha,EEE,2,2.3,38.55,13
100656,Diya Gupta,EEE,3,6.23,51.08,21
100655,Ananya Singh,CE,8,8.67,17.06,52
100654,Aditya Reddy,EEE,1,8.79,72.8,36
100653,Aditya Sharma,EEE,3,0.56,25.83,23
100652,Aarav Singh,CSE,3,5.73,16.11,80
100651,Ananya Jha,CE,8,2.11,16.12,52
100650,Rohan Gupta,ME,2,6.61,41.46,42
100649,Isha Gupta,ECE,2,5.15,28.08,19
100648,Sneha Kumar,CE,8,8.87,0.66,17
100647,Ananya Joshi,ME,7,9.73,22.29,51
100646,Aditya Patel,ME,3,3.77,37.85,75
100645,Vikram Jha,CE,1,0.4,64.85,13
100644,Kabir Kumar,ECE,1,6.69,51.79,46
100643,Rohan Jha,ME,1,2.19,48.76,8
100642,Priya Rao,ECE,3,4.46,17.91,72
100641,Rohan Jha,EEE,2,3.97,50.22,84
100640,Rohan Kumar,CE,4,8.91,58.96,37
100639,Diya Singh,CSE,5,5.43,99.87,60
100638,Ananya Sharma,EEE,1,8.13,57.89,98
100637,Rohan Joshi,ECE,5,7.34,62.66,93
100636,Isha Joshi,CSE,3,6.46,8.2,35
100635,Sneha Gupta,ME,8,4.63,35.87,39
100634,Aarav Kumar,ECE,4,7.12,64.08,35
100633,Kabir Rao,ECE,6,8.08,95.87,21
100632,Kabir Rao,CSE,4,3.18,45.06,78
100631,Diya Jha,ME,6,1.28,65.55,12
100630,Isha Joshi,CSE,5,6.72,25.07,25
100629,Priya Verma,ECE,1,8.51,93.24,70
100628,Sneha Singh,CE,3,1.61,22.08,32
100627,Vikram Joshi,EEE,2,3.05,74.83,92
100626,Sneha Sharma,EEE,3,1.23,0.5,76
100625,Aditya Patel,ECE,5,6.77,91.42,93
100624,Vikram Sharma,CE,3,5.33,13.64,50
100623,Ananya Patel,ME,2,2.82,92.67,48
100622,Diya Verma,EEE,1,7.01,7.26,64
100621,Vikram Reddy,ME,1,3.9,11.83,0
100620,Kabir Joshi,CSE,4,9.11,40.76,57
100619,Rohan Sharma,CE,6,0.38,7.32,22
100618,Vikram Verma,ECE,7,6.47,93.98,95
100617,Aditya Joshi,CSE,2,2.11,62.95,27
100616,Priya Kumar,EEE,2,9.48,16.74,98
100615,Sneha Joshi,EEE,8,4.87,29.64,83
100614,Vikram Patel,EEE,5,0.25,51.69,98
100613,Diya Rao,ECE,1,6.83,32.09,14
100612,Isha Joshi,CSE,2,6.69,44.57,82
100611,Sneha Kumar,ME,5,2.18,75.27,67
100610,Aditya Gupta,CE,7,0.92,22.12,27
100609,Ananya Kumar,EEE,4,9.57,52.06,100
100608,Sneha Rao,CSE,5,4.91,57.27,45
100607,Kabir Sharma,ME,8,7.1,15.48,19
100606,Vikram Sharma,CE,5,5.57,13.01,74
100605,Isha Gupta,CSE,3,9.62,73.51,15
100604,Isha Singh,ME,4,7.76,96.43,37
100603,Sneha Joshi,CSE,1,7.44,20.31,99
100602,Kabir Sharma,CE,7,4.17,78.81,87
100601,Aditya Singh,EEE,7,2.38,78.43,89
100600,Aarav Patel,ECE,1,3.59,45.26,78
100599,Aarav Singh,ME,3,9.84,68.34,18
100598,Kabir Reddy,CSE,2,0.25,14.53,85
100597,Isha Rao,EEE,7,6.74,89.39,68
100596,Rohan Gupta,EEE,6,7.1,76.08,71
100595,Aditya Singh,ECE,4,6.24,29.06,44
100594,Rohan Reddy,EEE,5,8.43,54.78,40
100593,Priya Patel,CE,6,9.7,45.28,17
100592,Diya Rao,ME,7,4.19,60.9,88
100591,Isha Joshi,ECE,3,7.3,12.84,49
100590,Isha Sharma,EEE,1,5.53,43.28,74
100589,Diya Verma,CE,8,6.58,95.62,17
100588,Priya Jha,ECE,6,1.08,41.45,81
100587,Vikram Verma,ME,4,1.88,93.02,50
100586,Aditya Joshi,ME,2,0.46,16.42,17
100585,Ananya Verma,ECE,1,3.41,82.99,37
100584,Aditya Rao,EEE,8,7.17,36.33,57
100583,Isha Kumar,ME,1,8.17,84.43,42
100582,Aarav Verma,EEE,5,8.9,56.23,83
100581,Ananya Jha,CSE,2,4.03,3.58,70
100580,Ananya Jha,CE,8,0.88,49.85,40
100579,Kabir Sharma,EEE,4,5.5,37.86,30
100578,Isha Jha,ECE,2,7.51,32.06,42
100577,Sneha Reddy,ECE,1,0.12,93.44,64
100576,Aditya Joshi,EEE,2,4.33,72.67,61
100575,Kabir Kumar,CSE,4,9.78,66.98,43
100574,Rohan Jha,CE,2,8.88,44.07,8
100573,Isha Gupta,EEE,7,7.79,61.14,87
100572,Rohan Sharma,ECE,2,4.16,59.08,72
100571,Kabir Reddy,CE,7,6.49,79.69,14
100570,Kabir Verma,ME,6,1.83,40.08,58
100569,Aarav Sharma,ECE,3,3.29,89.45,79
100568,Kabir Kumar,ME,7,7.39,9.5,97
100567,Kabir Patel,CE,1,1.0,17.47,5
100566,Ananya Joshi,CSE,2,9.05,64.43,58
100565,Aarav Sharma,CSE,2,8.35,66.9,19
100564,Aarav Joshi,CE,4,6.88,48.07,30
100563,Priya Patel,EEE,4,3.58,40.98,20
100562,Diya Verma,ME,2,7.85,49.77,77
100561,Aditya Patel,EEE,3,4.19,89.86,65
100560,Isha Gupta,ECE,1,3.01,66.17,84
100559,Aarav Sharma,CSE,7,4.44,12.36,32
100558,Vikram Patel,EEE,1,5.94,4.8,13
100557,Priya Sharma,EEE,3,1.23,71.11,4
100556,Priya Gupta,CE,1,2.28,72.72,16
100555,Sneha Reddy,ECE,6,9.96,49.02,96
100554,Ananya Sharma,ME,5,4.56,52.03,67
100553,Sneha Patel,ECE,2,3.84,58.87,21
100552,Aditya Singh,CSE,1,6.27,24.88,88
100551,Aarav Sharma,EEE,4,7.31,95.01,41
100550,Rohan Rao,CE,7,4.03,96.53,49
100549,Kabir Singh,ECE,3,4.9,76.36,11
100548,Ananya Jha,ME,3,3.13,5.8,57
100547,Priya Kumar,CE,8,1.43,86.24,23
100546,Vikram Joshi,ME,7,0.54,85.42,17
100545,Isha Sharma,EEE,2,4.72,19.45,15
100544,Kabir Reddy,ME,6,2.61,29.41,15
100543,Kabir Joshi,ECE,6,6.54,22.23,28
100542,Kabir Gupta,EEE,3,2.94,47.08,94
100541,Priya Kumar,ECE,8,9.07,67.19,64
100540,Kabir Reddy,CE,7,7.37,58.3,73
100539,Diya Reddy,ME,3,7.21,65.54,37
100538,Kabir Patel,ME,4,1.5,76.55,7
100537,Kabir Verma,CE,2,3.36,27.65,41
100536,Diya Verma,CSE,6,5.61,59.38,36
100535,Kabir Singh,CE,5,6.77,82.43,50
100534,Diya Patel,ME,7,8.95,85.16,58
100533,Aarav Jha,ECE,3,6.01,0.85,32
100532,Priya Singh,ECE,4,2.69,40.95,2
100531,Ananya Patel,CSE,7,0.5,85.38,99
100530,Aditya Kumar,ME,3,8.38,25.87,88
100529,Priya Kumar,CE,8,1.78,87.05,75
100528,Kabir Kumar,CE,7,6.35,12.39,3
100527,Aarav Singh,CSE,8,0.51,36.04,25
100526,Aditya Reddy,ECE,1,1.74,87.52,25
100525,Isha Joshi,ME,1,5.15,15.9,39
100524,Sneha Patel,CE,2,1.88,21.14,52
100523,Isha Verma,ECE,3,3.0,74.37,99
100522,Kabir Kumar,CSE,6,8.17,30.31,35
100521,Vikram Sharma,CE,6,6.91,4.93,60
100520,Isha Sharma,ECE,5,4.03,61.82,87
100519,Aditya Kumar,CE,5,3.83,48.56,77
100518,Diya Rao,CSE,2,5.63,10.1,36
100517,Isha Sharma,EEE,7,1.13,14.96,72
100516,Ananya Reddy,EEE,7,5.52,85.66,66
100515,Vikram Singh,ECE,5,3.2,72.71,8
100514,Rohan Singh,ECE,3,0.43,7.84,87
100513,Aarav Joshi,EEE,3,1.2,75.72,22
100512,Aditya Jha,EEE,4,4.76,7.9,91
100511,Vikram Rao,ECE,1,8.41,81.84,53
100510,Diya Sharma,ECE,2,0.86,34.38,69
100509,Rohan Jha,CSE,5,4.4,26.34,34
100508,Kabir Verma,EEE,7,1.85,88.55,47
100507,Kabir Verma,CE,2,3.08,39.75,62
100506,Ananya Patel,EEE,8,2.0,2.57,21
100505,Aarav Reddy,EEE,8,1.54,36.08,54
100504,Priya Reddy,EEE,5,6.61,29.74,12
100503,Aarav Reddy,ECE,7,1.57,10.13,26
100502,Vikram Gupta,CSE,2,3.38,98.53,61
100501,Kabir Sharma,ME,5,9.52,7.42,21
100500,Ananya Jha,EEE,4,1.63,7.37,4
100499,Vikram Gupta,CE,8,8.82,35.12,48
100498,Ananya Kumar,ME,2,7.2,4.81,56
100497,Sneha Gupta,CSE,6,4.47,26.52,31
100496,Diya Verma,CE,3,3.31,7.78,44
100495,Aarav Gupta,EEE,6,9.21,96.75,28
100494,Rohan Gupta,CSE,7,8.51,77.08,72
100493,Sneha Singh,EEE,3,3.78,73.4,37
100492,Vikram Jha,ME,3,7.07,56.2,78
100491,Vikram Rao,CSE,6,3.02,13.65,20
100490,Rohan Verma,EEE,6,9.61,37.36,84
100489,Rohan Kumar,ECE,6,0.6,14.77,90
100488,Priya Sharma,EEE,8,0.01,91.79,25
100487,Aditya Patel,ECE,8,0.38,5.62,77
100486,Aarav Kumar,EEE,3,5.63,18.82,63
100485,Rohan Singh,EEE,6,8.06,69.76,75
100484,Aarav Singh,EEE,7,3.55,83.92,22
100483,Ananya Singh,ECE,5,5.34,79.12,94
100482,Kabir Sharma,CE,6,7.67,99.96,20
100481,Kabir Gupta,CSE,6,5.97,2.93,99
100480,Isha Joshi,CE,6,9.13,50.24,49
100479,Aditya Singh,EEE,1,9.89,78.19,45
100478,Isha Sharma,CSE,5,3.83,41.92,82
100477,Aarav Rao,EEE,4,6.47,49.89,70
100476,Rohan Kumar,ECE,3,2.75,44.6,19
100475,Rohan Rao,CE,7,4.96,38.27,54
100474,Isha Gupta,CSE,6,1.23,94.23,6
100473,Diya Rao,ME,2,0.22,6.45,82
100472,Rohan Singh,CE,6,6.86,93.76,10
100471,Isha Verma,ECE,2,0.12,83.04,28
100470,Rohan Sharma,CE,8,5.56,55.01,12
100469,Ananya Singh,ME,7,5.13,67.72,33
100468,Ananya Gupta,ME,1,2.15,85.66,18
100467,Ananya Joshi,ME,4,4.52,46.33,15
100466,Diya Verma,ECE,2,1.64,46.61,52
100465,Isha Patel,ECE,2,9.44,13.61,98
100464,Kabir Patel,ME,7,7.01,73.54,40
100463,Ananya Rao,EEE,1,4.35,96.42,30
100462,Sneha Jha,CSE,2,5.05,63.72,50
100461,Kabir Verma,CSE,4,8.97,51.98,89
100460,Kabir Verma,ECE,4,4.2,96.12,18
100459,Aditya Kumar,CSE,6,0.01,65.73,94
100458,Priya Joshi,ECE,3,0.06,41.0,29
100457,Kabir Rao,ME,4,4.64,59.17,63
100456,Kabir Patel,ME,2,5.53,0.8,25
100455,Rohan Singh,EEE,1,9.54,6.89,59
100454,Kabir Verma,EEE,6,1.19,67.33,6
100453,Aditya Reddy,ECE,6,2.48,91.59,40
100452,Aarav Jha,ME,7,9.2,17.9,4
100451,Ananya Singh,EEE,1,0.44,86.29,31
100450,Rohan Kumar,ECE,5,7.73,89.43,86
100449,Diya Verma,CE,8,5.11,5.54,72
100448,Ananya Sharma,ME,7,2.72,6.39,91
100447,Aditya Joshi,ME,3,3.72,74.98,34
100446,Rohan Verma,CSE,3,7.01,16.38,44
100445,Ananya Jha,EEE,1,3.09,74.17,94
100444,Ananya Patel,CE,4,0.58,8.62,55
100443,Priya Gupta,EEE,6,3.91,63.43,83
100442,Aditya Joshi,EEE,3,2.77,30.99,65
100441,Vikram Joshi,ME,7,4.24,40.23,81
100440,Ananya Sharma,EEE,2,0.14,21.57,7
100439,Vikram Rao,CE,6,5.46,17.28,60
100438,Diya Verma,EEE,1,9.87,93.39,16
100437,Vikram Patel,CSE,4,4.95,11.27,63
100436,Kabir Sharma,ME,4,5.18,50.95,95
100435,Priya Patel,CSE,4,5.53,60.0,77
100434,Rohan Verma,EEE,7,3.52,42.94,17
100433,Priya Gupta,CE,8,8.6,8.67,12
100432,Rohan Verma,EEE,1,6.1,16.41,44
100431,Sneha Kumar,ME,3,3.83,81.34,17
100430,Isha Verma,ECE,7,0.89,80.6,13
100429,Aarav Sharma,ME,2,9.88,42.23,16
100428,Priya Jha,CSE,3,5.94,51.94,56
100427,Vikram Patel,ECE,7,6.55,70.37,0
100426,Sneha Patel,CSE,6,6.65,64.89,6
100425,Priya Gupta,ME,3,8.74,87.66,11
100424,Aarav Verma,ECE,8,4.57,99.18,54
100423,Isha Kumar,CSE,1,1.0,78.39,58
100422,Isha Patel,ME,5,3.38,57.79,72
100421,Isha Kumar,CSE,7,2.18,42.96,27
100420,Isha Kumar,EEE,1,8.69,84.72,11
100419,Ananya Reddy,EEE,5,6.95,87.73,58
100418,Vikram Jha,ECE,5,6.28,37.52,9
100417,Rohan Singh,ECE,6,8.28,76.15,86
100416,Ananya Gupta,CE,1,9.92,86.7,16
100415,Kabir Patel,EEE,5,9.52,51.44,86
100414,Diya Kumar,EEE,5,5.97,16.84,90
100413,Diya Reddy,ECE,3,7.85,81.35,7
100412,Isha Verma,ECE,4,8.11,58.79,44
100411,Priya Patel,CSE,8,2.63,86.22,11
100410,Sneha Joshi,CSE,8,5.46,98.98,13
100409,Diya Jha,EEE,2,5.73,26.79,69
100408,Kabir Sharma,ME,4,5.38,16.82,58
100407,Isha Jha,ECE,2,5.65,79.59,28
100406,Rohan Singh,CE,8,4.09,49.17,90
100405,Rohan Kumar,CE,1,8.66,95.18,62
100404,Vikram Gupta,CE,3,5.55,48.96,17
100403,Rohan Kumar,ECE,7,4.18,13.79,49
100402,Diya Rao,CSE,3,3.13,23.86,14
100401,Sneha Jha,EEE,3,8.14,70.6,38
100400,Aditya Kumar,EEE,7,6.11,58.7,44
100399,Rohan Kumar,ME,4,4.58,26.24,62
100398,Priya Singh,ME,2,5.77,79.95,68
100397,Vikram Reddy,CSE,4,4.5,42.96,0
100396,Aditya Reddy,CE,4,7.98,62.98,23
100395,Sneha Verma,ECE,4,5.16,55.19,42
100394,Isha Kumar,CSE,5,0.45,71.08,2
100393,Priya Joshi,CE,6,4.76,43.82,89
100392,Vikram Verma,CSE,3,3.48,34.31,100
100391,Diya Joshi,ECE,6,9.98,48.28,37
100390,Diya Rao,ECE,8,3.74,46.31,86
100389,Ananya Sharma,CSE,5,2.22,74.69,71
100388,Rohan Rao,CSE,7,9.67,33.16,55
100387,Aditya Rao,CSE,2,7.69,65.76,45
100386,Vikram Joshi,EEE,7,5.44,79.07,46
100385,Rohan Reddy,CE,2,4.49,59.79,74
100384,Ananya Reddy,CE,3,6.33,24.2,84
100383,Aditya Sharma,CE,4,4.38,29.13,88
100382,Sneha Verma,EEE,4,5.92,54.56,87
100381,Isha Rao,ECE,6,3.76,81.65,50
100380,Isha Kumar,ECE,7,9.69,29.14,88
100379,Vikram Rao,ECE,5,3.21,94.73,25
100378,Vikram Kumar,EEE,7,8.04,32.95,42
100377,Isha Rao,EEE,4,4.58,13.55,0
100376,Kabir Jha,CSE,6,2.52,24.66,80
100375,Kabir Patel,CE,3,0.63,43.47,53
100374,Ananya Joshi,ECE,3,6.85,16.95,34
100373,Diya Rao,ME,7,0.12,41.38,99
100372,Aditya Joshi,CE,2,0.26,35.39,11
100371,Sneha Patel,CSE,3,0.87,43.1,71
100370,Vikram Kumar,ME,2,0.92,94.3,56
100369,Ananya Verma,ME,3,3.8,78.39,19
100368,Rohan Rao,CE,2,7.72,29.54,31
100367,Kabir Jha,CE,4,3.56,94.11,55
100366,Sneha Rao,EEE,7,9.69,32.64,81
100365,Ananya Joshi,ME,1,0.98,23.21,9
100364,Vikram Joshi,ME,7,7.56,14.0,88
100363,Diya Gupta,CE,2,2.99,56.4,72
100362,Aditya Rao,CSE,3,9.29,31.45,26
100361,Diya Jha,ME,1,9.24,68.44,35
100360,Diya Verma,EEE,1,2.3,90.13,88
100359,Aarav Gupta,CSE,8,8.45,64.49,42
100358,Aarav Verma,CE,7,3.77,47.6,81
100357,Isha Rao,ECE,4,3.0,82.81,10
100356,Aditya Patel,ME,5,7.95,7.9,51
100355,Vikram Gupta,CSE,2,5.24,24.1,79
100354,Aarav Joshi,ME,5,0.17,81.32,86
100353,Diya Jha,CE,1,0.07,55.16,1
100352,Rohan Sharma,ECE,8,3.73,61.78,85
100351,Aarav Sharma,CE,3,8.43,23.14,90
100350,Rohan Joshi,CSE,1,8.39,7.43,85
100349,Isha Jha,ECE,6,1.69,72.03,62
100348,Priya Jha,EEE,6,2.57,82.16,92
100347,Diya Reddy,ME,3,1.96,23.0,72
100346,Aarav Rao,ECE,3,0.16,55.33,74
100345,Isha Verma,CE,6,9.14,37.07,52
100344,Kabir Reddy,CE,6,3.08,35.96,63
100343,Isha Singh,EEE,4,3.97,23.93,41
100342,Kabir Sharma,ECE,4,9.62,11.73,96
100341,Ananya Singh,EEE,4,4.79,86.95,42
100340,Aditya Singh,CSE,5,3.77,60.5,5
100339,Kabir Singh,ME,2,9.22,84.71,11
100338,Aarav Joshi,CE,7,5.57,13.41,31
100337,Aditya Jha,ECE,4,3.01,70.76,59
100336,Vikram Joshi,ME,7,4.08,29.99,23
100335,Rohan Reddy,EEE,8,0.47,34.44,82
100334,Aditya Singh,CE,5,2.75,55.67,75
100333,Sneha Rao,EEE,6,2.37,87.63,84
100332,Aarav Gupta,EEE,5,2.34,91.64,73
100331,Aarav Singh,CSE,7,4.39,53.98,96
100330,Aarav Singh,ECE,2,1.01,3.36,76
100329,Rohan Patel,ECE,2,0.32,66.02,78
100328,Aditya Reddy,EEE,7,8.23,24.75,44
100327,Aditya Gupta,ECE,1,7.56,97.85,59
100326,Ananya Joshi,ECE,6,1.19,99.28,50
100325,Vikram Kumar,CE,8,8.7,90.68,48
100324,Ananya Jha,CSE,5,4.09,76.9,98
100323,Ananya Sharma,CE,6,7.0,54.12,7
100322,Kabir Sharma,CE,5,8.16,74.58,74
100321,Isha Gupta,EEE,7,4.57,5.77,59
100320,Priya Rao,CE,2,8.99,44.55,7
100319,Diya Joshi,ECE,3,3.28,52.03,14
100318,Ananya Rao,CSE,1,8.29,90.29,25
100317,Aditya Singh,ECE,2,5.26,52.82,46
100316,Isha Gupta,CE,6,4.16,54.92,60
100315,Kabir Verma,ME,6,6.15,21.91,17
100314,Ananya Jha,ME,3,4.05,50.25,90
100313,Diya Rao,CSE,5,6.54,69.28,7
100312,Kabir Reddy,ECE,8,7.54,95.4,38
100311,Vikram Verma,ECE,3,4.77,93.58,0
100310,Priya Gupta,EEE,7,8.27,51.53,11
100309,Kabir Gupta,CSE,6,7.91,56.78,96
100308,Isha Patel,ECE,2,3.31,73.11,82
100307,Kabir Jha,EEE,8,8.89,13.42,64
100306,Rohan Patel,CSE,1,2.98,60.28,42
100305,Rohan Reddy,ECE,1,9.97,39.7,63
100304,Aarav Verma,EEE,4,5.35,72.31,4
100303,Vikram Jha,CE,4,7.56,28.72,36
100302,Isha Verma,ECE,1,9.65,97.79,20
100301,Aarav Joshi,ECE,4,0.52,41.33,91
100300,Aditya Patel,ECE,2,6.16,58.68,31
100299,Sneha Jha,ME,8,2.14,82.8,34
100298,Vikram Kumar,ECE,5,0.42,95.53,10
100297,Sneha Joshi,ME,5,1.22,67.66,48
100296,Priya Patel,ME,4,6.9,48.9,61
100295,Kabir Rao,CE,4,9.57,27.9,38
100294,Sneha Gupta,CE,6,5.46,67.59,92
100293,Rohan Joshi,ECE,6,9.98,47.84,48
100292,Vikram Joshi,EEE,8,8.73,73.58,7
100291,Priya Sharma,CE,6,4.19,41.3,26
100290,Diya Reddy,ECE,4,0.32,94.82,14
100289,Diya Rao,ECE,1,5.84,17.05,80
100288,Diya Patel,CSE,8,2.66,65.56,99
100287,Diya Patel,CE,1,3.68,67.38,53
100286,Vikram Rao,ME,6,5.07,50.97,62
100285,Isha Gupta,EEE,3,3.28,61.31,20
100284,Aarav Sharma,CSE,3,7.14,80.4,66
100283,Sneha Joshi,ME,3,1.99,50.91,64
100282,Kabir Rao,EEE,2,1.29,9.67,47
100281,Sneha Joshi,ME,2,3.86,45.04,70
100280,Sneha Reddy,ME,1,4.01,57.03,24
100279,Isha Patel,EEE,1,8.47,43.09,33
100278,Isha Singh,ECE,6,0.49,28.14,76
100277,Isha Jha,ME,8,0.23,94.52,64
100276,Sneha Rao,ME,4,7.63,49.83,65
100275,Aarav Patel,CE,7,2.48,86.53,20
100274,Sneha Singh,CE,2,2.67,24.79,12
100273,Sneha Kumar,CE,3,7.61,51.5,13
100272,Isha Jha,ECE,6,6.07,31.26,91
100271,Vikram Patel,CE,2,6.89,15.81,53
100270,Diya Sharma,CE,5,6.42,30.21,31
100269,Ananya Sharma,EEE,5,6.51,76.7,53
100268,Rohan Gupta,EEE,6,8.43,56.36,3
100267,Kabir Gupta,ME,2,5.03,16.86,74
100266,Sneha Joshi,ME,2,2.51,63.51,70
100265,Aditya Gupta,ME,3,1.62,93.47,28
100264,Diya Gupta,ECE,7,5.03,86.82,15
100263,Ananya Jha,CE,6,1.28,82.91,70
100262,Isha Joshi,CE,7,8.23,7.38,40
100261,Aditya Gupta,EEE,2,0.66,39.82,91
100260,Rohan Singh,CE,1,3.61,57.23,59
100259,Kabir Gupta,ECE,6,5.09,12.14,25
100258,Isha Verma,ME,6,7.1,55.0,37
100257,Kabir Jha,ECE,2,1.36,7.41,22
100256,Aditya Verma,ME,5,7.04,21.46,78
100255,Kabir Singh,CSE,1,7.36,49.9,49
100254,Isha Verma,EEE,3,5.29,39.8,83
100253,Vikram Rao,CSE,3,6.79,94.88,47
100252,Isha Sharma,ECE,2,2.36,64.52,46
100251,Ananya Reddy,ME,3,9.53,14.28,77
100250,Sneha Rao,CE,5,6.39,79.15,7
100249,Isha Rao,CE,3,6.9,35.15,5
100248,Aditya Patel,ME,2,0.8,66.09,39
100247,Kabir Verma,CE,2,4.31,99.51,23
100246,Vikram Kumar,ECE,8,6.92,36.73,66
100245,Sneha Patel,CSE,6,4.37,40.0,56
100244,Aarav Singh,ME,6,8.62,4.78,83
100243,Sneha Patel,EEE,7,9.89,54.3,32
100242,Isha Sharma,ME,4,0.44,19.95,5
100241,Rohan Jha,CE,3,8.11,6.31,99
100240,Ananya Rao,ME,3,0.44,54.6,82
100239,Sneha Patel,CSE,6,7.89,34.48,93
100238,Aditya Joshi,CSE,7,8.73,4.35,49
100237,Rohan Verma,EEE,6,0.68,52.61,64
100236,Rohan Patel,CE,1,6.15,24.06,53
100235,Ananya Jha,EEE,1,6.32,57.5,91
100234,Ananya Sharma,ECE,7,6.39,62.28,8
100233,Rohan Joshi,EEE,7,1.11,28.81,38
100232,Isha Jha,EEE,1,9.06,1.9,27
100231,Rohan Sharma,ME,8,6.96,13.88,90
100230,Priya Sharma,ME,2,8.39,65.0,18
100229,Aarav Reddy,EEE,6,2.36,99.45,47
100228,Vikram Verma,ECE,8,8.85,93.05,53
100227,Ananya Patel,CSE,3,2.73,90.53,18
100226,Kabir Sharma,CE,6,5.55,10.26,66
100225,Aditya Joshi,CE,3,8.17,80.13,17
100224,Isha Singh,ME,8,4.62,28.18,48
100223,Isha Rao,ME,8,2.34,23.92,100
100222,Diya Gupta,CE,1,4.11,67.64,30
100221,Rohan Rao,CE,3,1.62,83.13,98
100220,Ananya Joshi,EEE,1,6.62,87.64,79
100219,Sneha Jha,ECE,4,10.0,15.49,37
100218,Aditya Verma,CE,6,0.18,30.89,27
100217,Aditya Reddy,ME,3,6.7,82.9,94
100216,Sneha Patel,CE,3,5.95,93.8,39
100215,Kabir Patel,EEE,3,3.33,58.27,18
100214,Diya Sharma,ME,2,3.3,55.8,49
100213,Rohan Kumar,ME,5,3.87,77.45,86
100212,Rohan Sharma,ECE,8,9.91,52.41,78
100211,Aarav Jha,CSE,6,9.82,8.43,82
100210,Aarav Jha,EEE,4,3.22,47.56,19
100209,Diya Rao,EEE,7,4.63,55.43,94
100208,Isha Sharma,CSE,6,8.32,7.67,11
100207,Kabir Patel,EEE,1,3.52,7.42,59
100206,Diya Rao,ME,6,1.51,6.83,56
100205,Ananya Gupta,CE,8,7.54,75.99,57
100204,Rohan Singh,CSE,3,2.56,17.35,19
100203,Aditya Verma,EEE,4,9.06,34.94,93
100202,Ananya Reddy,ME,6,2.22,77.91,9
100201,Sneha Verma,CE,2,2.43,58.89,67
100200,Vikram Sharma,ME,3,8.01,61.81,88
100199,Diya Reddy,EEE,7,7.09,41.77,14
100198,Ananya Reddy,CSE,7,0.19,92.12,40
100197,Rohan Reddy,EEE,4,5.0,83.34,45
100196,Kabir Patel,ME,2,0.08,74.7,22
100195,Aarav Sharma,ECE,5,9.45,76.73,97
100194,Diya Jha,EEE,5,0.45,39.53,76
100193,Priya Joshi,CSE,6,4.3,28.32,86
100192,Ananya Patel,CE,7,4.86,44.2,34
100191,Diya Rao,CSE,1,1.56,75.44,6
100190,Vikram Jha,ME,3,3.7,72.16,99
100189,Vikram Verma,ECE,1,0.92,53.05,48
100188,Kabir Kumar,ME,1,1.81,14.33,84
100187,Diya Joshi,CSE,5,0.29,27.33,97
100186,Kabir Rao,ECE,7,8.45,97.45,79
100185,Isha Singh,CSE,6,8.45,36.76,97
100184,Diya Patel,ME,2,5.78,21.27,84
100183,Ananya Reddy,ME,7,8.68,72.11,36
100182,Ananya Kumar,ECE,1,5.86,56.16,42
100181,Sneha Gupta,CE,2,0.91,8.54,55
100180,Isha Reddy,CE,2,3.13,31.25,32
100179,Ananya Joshi,ECE,7,4.52,22.85,43
100178,Sneha Reddy,EEE,5,4.54,60.54,12
100177,Rohan Verma,ECE,5,6.24,58.54,91
100176,Vikram Verma,CE,8,0.73,8.08,77
100175,Aditya Patel,CE,1,0.61,47.9,51
100174,Diya Verma,CE,4,9.45,4.34,100
100173,Vikram Joshi,CSE,2,4.76,77.8,65
100172,Sneha Singh,EEE,6,0.16,26.54,16
100171,Aditya Patel,ECE,2,6.61,2.58,1
100170,Sneha Gupta,EEE,1,2.77,98.4,16
100169,Diya Singh,CSE,4,5.86,81.31,29
100168,Ananya Singh,EEE,1,0.51,33.35,16
100167,Aarav Reddy,ME,4,9.68,94.9,58
100166,Priya Kumar,CSE,6,5.44,97.78,45
100165,Diya Reddy,ME,1,6.9,21.73,56
100164,Aditya Reddy,EEE,3,8.85,65.49,62
100163,Priya Joshi,ECE,7,4.54,67.05,95
100162,Ananya Gupta,CSE,1,3.04,49.26,12
100161,Diya Singh,CSE,8,9.09,30.22,52
100160,Ananya Singh,CE,1,6.2,94.32,41
100159,Ananya Jha,ME,5,5.85,82.24,47
100158,Vikram Joshi,ME,2,7.91,1.39,68
100157,Kabir Kumar,CSE,8,9.63,14.08,28
100156,Aditya Kumar,EEE,5,8.3,25.7,61
100155,Rohan Verma,ME,6,7.47,17.56,16
100154,Rohan Verma,CSE,5,7.89,3.34,46
100153,Priya Singh,EEE,5,6.78,72.09,84
100152,Aarav Rao,CE,5,7.76,23.01,45
100151,Kabir Patel,CSE,7,2.74,56.59,87
100150,Priya Reddy,CE,2,2.37,57.19,73
100149,Sneha Rao,ME,7,6.9,45.68,38
100148,Kabir Sharma,CE,5,6.78,15.8,56
100147,Priya Jha,EEE,3,2.32,63.79,58
100146,Rohan Gupta,ECE,2,6.09,38.25,87
100145,Kabir Kumar,ME,7,1.46,53.12,72
100144,Ananya Jha,ECE,5,9.03,4.6,7
100143,Kabir Singh,CSE,7,9.78,76.04,90
100142,Sneha Jha,EEE,1,6.17,23.48,87
100141,Diya Reddy,CSE,6,8.52,85.93,48
100140,Rohan Reddy,ECE,2,4.69,96.92,43
100139,Sneha Verma,CE,2,5.26,45.69,92
100138,Vikram Reddy,ECE,8,9.65,12.62,75
100137,Diya Reddy,ECE,7,0.44,74.47,90
100136,Aditya Reddy,CE,6,8.7,98.08,30
100135,Diya Jha,ECE,8,5.39,34.51,70
100134,Sneha Joshi,ME,1,2.83,29.86,75
100133,Priya Rao,EEE,3,8.64,27.62,53
100132,Kabir Reddy,CE,8,2.44,55.13,49
100131,Isha Verma,ECE,8,9.33,29.19,90
100130,Rohan Patel,EEE,1,5.52,9.32,14
100129,Isha Jha,CSE,1,9.73,60.89,30
100128,Diya Jha,CE,1,2.04,54.92,36
100127,Vikram Joshi,CSE,8,4.13,18.76,46
100126,Aditya Sharma,CE,2,3.15,32.33,98
100125,Sneha Reddy,CE,5,6.63,40.05,97
100124,Isha Kumar,CE,6,3.21,10.46,20
100123,Isha Patel,ECE,7,6.35,49.17,11
100122,Diya Sharma,ME,1,7.63,17.52,66
100121,Sneha Rao,ME,1,0.91,96.19,73
100120,Aditya Joshi,CE,8,0.8,3.99,55
100119,Kabir Jha,CSE,8,6.89,69.97,34
100118,Rohan Verma,CSE,3,7.93,59.5,72
100117,Diya Singh,CE,2,5.45,64.76,34
100116,Priya Patel,ME,8,0.71,23.34,33
100115,Rohan Sharma,CE,8,6.89,46.99,4
100114,Priya Singh,ME,2,1.57,17.38,9
100113,Kabir Rao,EEE,1,6.1,74.01,97
100112,Aditya Reddy,CE,8,2.97,58.85,54
100111,Priya Verma,EEE,7,6.06,79.07,28
100110,Diya Sharma,ECE,3,8.11,94.91,10
100109,Aarav Patel,CE,2,8.22,40.07,9
100108,Isha Verma,CSE,5,4.69,44.05,23
100107,Aarav Sharma,EEE,5,6.97,12.63,96
100106,Priya Kumar,ECE,5,0.14,53.41,35
100105,Diya Joshi,EEE,5,9.81,83.26,37
100104,Priya Kumar,CSE,3,1.92,73.86,35
100103,Aditya Kumar,ME,8,2.71,25.14,15
100102,Kabir Rao,ME,8,5.53,34.38,95
100101,Isha Jha,CSE,2,2.94,40.44,31
100100,Ananya Singh,CE,8,5.55,24.03,60
100099,Sneha Patel,EEE,5,5.56,51.66,24
100098,Aarav Jha,ME,3,4.88,35.48,33
100097,Kabir Jha,ECE,8,5.7,66.82,43
100096,Isha Jha,CE,5,3.22,24.55,11
100095,Rohan Reddy,ECE,5,6.16,91.96,99
100094,Vikram Jha,CSE,7,9.61,63.56,58
100093,Sneha Joshi,CE,6,0.69,64.75,1
100092,Ananya Patel,EEE,2,7.96,56.59,5
100091,Vikram Reddy,ECE,2,5.92,83.06,31
100090,Ananya Gupta,ME,2,5.79,92.89,73
100089,Isha Patel,ME,3,6.06,96.37,91
100088,Diya Gupta,ECE,3,4.74,11.44,27
100087,Priya Verma,CSE,1,9.5,19.94,2
100086,Kabir Verma,CE,1,7.49,5.21,44
100085,Isha Kumar,ME,7,2.78,95.12,53
100084,Vikram Gupta,CE,3,0.5,37.91,27
100083,Diya Joshi,CSE,7,5.92,66.3,10
100082,Aarav Reddy,ME,7,7.24,84.05,16
100081,Aditya Joshi,EEE,4,4.88,27.29,62
100080,Isha Sharma,ME,5,7.53,85.34,53
100079,Priya Reddy,CE,1,8.57,76.56,48
100078,Priya Verma,CE,7,3.31,46.59,7
100077,Sneha Joshi,CSE,3,1.51,38.3,19
100076,Priya Patel,CE,2,7.14,23.45,42
100075,Isha Patel,ECE,5,7.66,52.13,80
100074,Aditya Reddy,EEE,8,8.97,74.37,60
100073,Aditya Joshi,EEE,6,9.5,89.14,78
100072,Aarav Joshi,ECE,2,4.56,80.14,85
100071,Ananya Reddy,ECE,3,8.04,69.59,59
100070,Priya Reddy,CE,7,2.44,65.61,0
100069,Aarav Singh,CE,2,4.55,88.61,73
100068,Sneha Verma,ECE,5,2.25,19.91,3
100067,Aditya Jha,ECE,2,2.84,66.39,79
100066,Kabir Singh,CE,6,4.65,44.22,27
100065,Rohan Rao,EEE,5,4.06,83.37,38
100064,Vikram Patel,EEE,3,1.92,66.49,48
100063,Diya Kumar,CSE,5,5.07,66.69,41
100062,Aditya Joshi,ECE,6,4.31,94.89,42
100061,Aditya Verma,CE,4,2.55,70.88,0
100060,Ananya Rao,CE,6,7.29,31.37,77
100059,Aarav Verma,ME,3,5.81,98.36,4
100058,Kabir Kumar,EEE,7,6.8,84.37,42
100057,Priya Sharma,ECE,7,3.28,86.44,98
100056,Isha Singh,ECE,8,3.5,82.05,29
100055,Vikram Singh,ME,3,7.87,10.81,4
100054,Rohan Gupta,CE,1,1.79,92.45,100
100053,Ananya Kumar,EEE,7,9.74,74.95,30
100052,Aarav Patel,ME,1,8.99,21.01,31
100051,Rohan Joshi,CSE,6,5.83,14.81,16
100050,Kabir Gupta,CE,7,5.61,11.19,88
100049,Ananya Reddy,ME,1,0.04,77.11,81
100048,Sneha Singh,ME,8,2.51,90.82,6
100047,Kabir Verma,CSE,3,2.72,60.48,91
100046,Diya Joshi,CSE,5,9.32,10.36,17
100045,Priya Kumar,ME,3,4.38,54.32,38
100044,Ananya Joshi,ECE,5,1.32,34.9,8
100043,Sneha Verma,CSE,8,6.21,56.3,12
100042,Sneha Singh,ME,7,1.31,64.55,58
100041,Vikram Rao,EEE,6,9.35,20.43,91
100040,Priya Reddy,CSE,4,5.79,3.97,10
100039,Aditya Gupta,CSE,2,8.51,6.85,8
100038,Diya Joshi,CSE,6,0.57,58.42,64
100037,Isha Patel,CE,8,1.55,29.67,7
100036,Aarav Gupta,CE,1,9.85,26.52,100
100035,Ananya Singh,ECE,7,4.86,21.37,51
100034,Priya Verma,CE,2,0.51,99.93,1
100033,Priya Singh,ECE,8,1.4,18.35,59
100032,Aarav Verma,CSE,7,7.28,80.06,13
100031,Ananya Verma,CE,6,4.24,46.7,93
100030,Diya Rao,CE,4,7.85,80.75,24
100029,Ananya Joshi,ECE,5,6.69,21.42,16
100028,Priya Sharma,CSE,1,2.29,90.54,42
100027,Priya Singh,CSE,6,0.21,55.39,75
100026,Priya Patel,CE,6,4.38,51.76,15
100025,Rohan Patel,EEE,7,9.64,92.89,96
100024,Isha Verma,EEE,3,1.28,47.53,70
100023,Kabir Singh,CSE,4,8.78,94.69,10
100022,Aditya Sharma,EEE,6,4.89,11.19,46
100021,Aditya Rao,ECE,3,3.74,16.15,99
100020,Kabir Joshi,ECE,2,8.71,29.84,81
100019,Kabir Kumar,CSE,5,4.35,45.37,92
100018,Isha Joshi,ME,1,6.8,11.46,68
100017,Ananya Gupta,ECE,7,5.96,38.48,76
100016,Vikram Kumar,ECE,3,5.1,9.09,6
100015,Kabir Gupta,ECE,5,7.47,42.84,74
100014,Sneha Singh,CE,7,8.85,64.29,18
100013,Vikram Patel,CSE,4,9.13,56.72,91
100012,Aditya Singh,ME,1,2.29,3.21,40
100011,Ananya Rao,ECE,4,1.63,37.95,81
100010,Rohan Kumar,ME,4,6.7,70.18,87
100009,Kabir Verma,ECE,2,3.8,45.34,46
100008,Diya Kumar,EEE,4,7.05,4.58,29
100007,Isha Joshi,CSE,7,0.79,29.32,80
100006,Ananya Reddy,CSE,6,8.47,60.37,5
100005,Vikram Kumar,ME,3,2.15,76.35,13
100004,Priya Jha,EEE,5,8.09,0.65,20
100003,Aditya Rao,CSE,4,7.16,70.13,53
100002,Aditya Verma,EEE,7,0.32,9.37,29
100001,Ananya Sharma,ME,4,2.23,73.65,86
