Student_ID,Name,Department,Semester,CGPA,Attendance,Marks
100001,Ananya Sharma,ME,4,7.5,73.65,75
100002,Aditya Verma,EEE,7,9.0,9.37,95
100003,Aditya Rao,CSE,4,7.5,70.13,65
100004,Priya Jha,EEE,5,6.0,0.65,95
100005,Vikram Kumar,ME,3,9.0,76.35,95
100006,Ananya Reddy,CSE,6,8.5,60.37,50
100007,Isha Joshi,CSE,7,6.0,29.32,85
100008,Diya Kumar,EEE,4,7.5,4.58,75
100009,Kabir Verma,ECE,2,8.0,45.34,75
100010,Rohan Kumar,ME,4,8.0,70.18,50
100011,Ananya Rao,ECE,4,8.5,37.95,95
100012,Aditya Singh,ME,1,8.5,3.21,50
100013,Vikram Patel,CSE,4,7.5,56.72,85
100014,Sneha Singh,CE,7,6.0,64.29,65
100015,Kabir Gupta,ECE,5,8.0,42.84,50
100016,Vikram Kumar,ECE,3,9.0,9.09,75
100017,Ananya Gupta,ECE,7,9.0,38.48,85
100018,Isha Joshi,ME,1,9.0,11.46,75
100019,Kabir Kumar,CSE,5,7.5,45.37,50
100020,Kabir Joshi,ECE,2,8.0,29.84,50
100021,Aditya Rao,ECE,3,7.5,16.15,85
100022,Aditya Sharma,EEE,6,8.0,11.19,65
100023,Kabir Singh,CSE,4,9.0,94.69,65
100024,Isha Verma,EEE,3,9.0,47.53,50
100025,Rohan Patel,EEE,7,9.0,92.89,50
100026,Priya Patel,CE,6,8.5,51.76,75
100027,Priya Singh,CSE,6,8.0,55.39,75
100028,Priya Sharma,CSE,1,9.0,90.54,75
100029,Ananya Joshi,ECE,5,9.0,21.42,50
100030,Diya Rao,CE,4,8.5,80.75,65
100031,Ananya Verma,CE,6,6.0,46.7,95
100032,Aarav Verma,CSE,7,8.0,80.06,65
100033,Priya Singh,ECE,8,8.5,18.35,95
100034,Priya Verma,CE,2,8.0,99.93,95
100035,Ananya Singh,ECE,7,8.5,21.37,50
100036,Aarav Gupta,CE,1,8.5,26.52,65
100037,Isha Patel,CE,8,8.0,29.67,50
100038,Diya Joshi,CSE,6,9.0,58.42,65
100039,Aditya Gupta,CSE,2,7.5,6.85,65
100040,Priya Reddy,CSE,4,6.0,3.97,65
100041,Vikram Rao,EEE,6,6.0,20.43,85
100042,Sneha Singh,ME,7,9.0,64.55,65
100043,Sneha Verma,CSE,8,7.5,56.3,50
100044,Ananya Joshi,ECE,5,8.0,34.9,65
100045,Priya Kumar,ME,3,9.0,54.32,75
100046,Diya Joshi,CSE,5,8.0,10.36,65
100047,Kabir Verma,CSE,3,9.0,60.48,50
100048,Sneha Singh,ME,8,7.5,90.82,75
100049,Ananya Reddy,ME,1,9.0,77.11,85
100050,Kabir Gupta,CE,7,9.0,11.19,75
100051,Rohan Joshi,CSE,6,8.5,14.81,75
100052,Aarav Patel,ME,1,7.5,21.01,65
100053,Ananya Kumar,EEE,7,7.5,74.95,85
100054,Rohan Gupta,CE,1,8.5,92.45,50
100055,Vikram Singh,ME,3,6.0,10.81,65
100056,Isha Singh,ECE,8,9.0,82.05,65
100057,Priya Sharma,ECE,7,6.0,86.44,50
100058,Kabir Kumar,EEE,7,9.0,84.37,85
100059,Aarav Verma,ME,3,7.5,98.36,50
100060,Ananya Rao,CE,6,8.0,31.37,50
100061,Aditya Verma,CE,4,7.5,70.88,75
100062,Aditya Joshi,ECE,6,8.0,94.89,50
100063,Diya Kumar,CSE,5,7.5,66.69,50
100064,Vikram Patel,EEE,3,9.0,66.49,95
100065,Rohan Rao,EEE,5,9.0,83.37,85
100066,Kabir Singh,CE,6,7.5,44.22,95
100067,Aditya Jha,ECE,2,8.0,66.39,65
100068,Sneha Verma,ECE,5,8.5,19.91,75
100069,Aarav Singh,CE,2,9.0,88.61,85
100070,Priya Reddy,CE,7,8.5,65.61,50
100071,Ananya Reddy,ECE,3,8.5,69.59,50
100072,Aarav Joshi,ECE,2,7.5,80.14,75
100073,Aditya Joshi,EEE,6,8.0,89.14,85
100074,Aditya Reddy,EEE,8,7.5,74.37,50
100075,Isha Patel,ECE,5,8.0,52.13,75
100076,Priya Patel,CE,2,8.0,23.45,65
100077,Sneha Joshi,CSE,3,8.5,38.3,75
100078,Priya Verma,CE,7,7.5,46.59,50
100079,Priya Reddy,CE,1,8.5,76.56,95
100080,Isha Sharma,ME,5,6.0,85.34,95
100081,Aditya Joshi,EEE,4,8.0,27.29,85
100082,Aarav Reddy,ME,7,8.0,84.05,95
100083,Diya Joshi,CSE,7,8.0,66.3,50
100084,Vikram Gupta,CE,3,9.0,37.91,50
100085,Isha Kumar,ME,7,8.0,95.12,75
100086,Kabir Verma,CE,1,8.0,5.21,95
100087,Priya Verma,CSE,1,6.0,19.94,85
100088,Diya Gupta,ECE,3,8.0,11.44,75
100089,Isha Patel,ME,3,8.5,96.37,95
100090,Ananya Gupta,ME,2,7.5,92.89,95
100091,Vikram Reddy,ECE,2,7.5,83.06,75
100092,Ananya Patel,EEE,2,6.0,56.59,95
100093,Sneha Joshi,CE,6,9.0,64.75,95
100094,Vikram Jha,CSE,7,8.5,63.56,85
100095,Rohan Reddy,ECE,5,8.5,91.96,50
100096,Isha Jha,CE,5,6.0,24.55,95
100097,Kabir Jha,ECE,8,8.5,66.82,50
100098,Aarav Jha,ME,3,6.0,35.48,85
100099,Sneha Patel,EEE,5,8.0,51.66,95
100100,Ananya Singh,CE,8,9.0,24.03,95
100101,Isha Jha,CSE,2,6.0,40.44,50
100102,Kabir Rao,ME,8,8.5,34.38,50
100103,Aditya Kumar,ME,8,9.0,25.14,50
100104,Priya Kumar,CSE,3,7.5,73.86,50
100105,Diya Joshi,EEE,5,7.5,83.26,50
100106,Priya Kumar,ECE,5,8.0,53.41,75
100107,Aarav Sharma,EEE,5,8.5,12.63,85
100108,Isha Verma,CSE,5,8.5,44.05,75
100109,Aarav Patel,CE,2,7.5,40.07,50
100110,Diya Sharma,ECE,3,8.5,94.91,65
100111,Priya Verma,EEE,7,8.0,79.07,95
100112,Aditya Reddy,CE,8,7.5,58.85,75
100113,Kabir Rao,EEE,1,8.0,74.01,75
100114,Priya Singh,ME,2,8.0,17.38,50
100115,Rohan Sharma,CE,8,8.5,46.99,85
100116,Priya Patel,ME,8,8.0,23.34,75
100117,Diya Singh,CE,2,8.5,64.76,95
100118,Rohan Verma,CSE,3,9.0,59.5,95
100119,Kabir Jha,CSE,8,6.0,69.97,75
100120,Aditya Joshi,CE,8,8.0,3.99,95
100121,Sneha Rao,ME,1,7.5,96.19,95
100122,Diya Sharma,ME,1,9.0,17.52,95
100123,Isha Patel,ECE,7,8.5,49.17,85
100124,Isha Kumar,CE,6,8.0,10.46,50
100125,Sneha Reddy,CE,5,8.0,40.05,65
100126,Aditya Sharma,CE,2,8.0,32.33,95
100127,Vikram Joshi,CSE,8,6.0,18.76,85
100128,Diya Jha,CE,1,8.0,54.92,65
100129,Isha Jha,CSE,1,7.5,60.89,50
100130,Rohan Patel,EEE,1,7.5,9.32,50
100131,Isha Verma,ECE,8,7.5,29.19,85
100132,Kabir Reddy,CE,8,7.5,55.13,85
100133,Priya Rao,EEE,3,6.0,27.62,50
100134,Sneha Joshi,ME,1,6.0,29.86,75
100135,Diya Jha,ECE,8,8.0,34.51,65
100136,Aditya Reddy,CE,6,7.5,98.08,65
100137,Diya Reddy,ECE,7,7.5,74.47,65
100138,Vikram Reddy,ECE,8,9.0,12.62,50
100139,Sneha Verma,CE,2,8.0,45.69,65
100140,Rohan Reddy,ECE,2,6.0,96.92,75
100141,Diya Reddy,CSE,6,6.0,85.93,85
100142,Sneha Jha,EEE,1,9.0,23.48,65
100143,Kabir Singh,CSE,7,9.0,76.04,75
100144,Ananya Jha,ECE,5,7.5,4.6,95
100145,Kabir Kumar,ME,7,8.0,53.12,65
100146,Rohan Gupta,ECE,2,6.0,38.25,85
100147,Priya Jha,EEE,3,6.0,63.79,95
100148,Kabir Sharma,CE,5,8.0,15.8,85
100149,Sneha Rao,ME,7,8.5,45.68,50
100150,Priya Reddy,CE,2,9.0,57.19,50
100151,Kabir Patel,CSE,7,7.5,56.59,75
100152,Aarav Rao,CE,5,6.0,23.01,75
100153,Priya Singh,EEE,5,9.0,72.09,50
100154,Rohan Verma,CSE,5,7.5,3.34,65
100155,Rohan Verma,ME,6,7.5,17.56,50
100156,Aditya Kumar,EEE,5,7.5,25.7,95
100157,Kabir Kumar,CSE,8,7.5,14.08,85
100158,Vikram Joshi,ME,2,6.0,1.39,75
100159,Ananya Jha,ME,5,8.5,82.24,65
100160,Ananya Singh,CE,1,6.0,94.32,85
100161,Diya Singh,CSE,8,7.5,30.22,50
100162,Ananya Gupta,CSE,1,6.0,49.26,75
100163,Priya Joshi,ECE,7,8.5,67.05,85
100164,Aditya Reddy,EEE,3,8.5,65.49,65
100165,Diya Reddy,ME,1,7.5,21.73,95
100166,Priya Kumar,CSE,6,8.5,97.78,75
100167,Aarav Reddy,ME,4,9.0,94.9,65
100168,Ananya Singh,EEE,1,8.5,33.35,65
100169,Diya Singh,CSE,4,6.0,81.31,50
100170,Sneha Gupta,EEE,1,8.5,98.4,50
100171,Aditya Patel,ECE,2,9.0,2.58,50
100172,Sneha Singh,EEE,6,7.5,26.54,50
100173,Vikram Joshi,CSE,2,7.5,77.8,95
100174,Diya Verma,CE,4,8.5,4.34,95
100175,Aditya Patel,CE,1,8.0,47.9,65
100176,Vikram Verma,CE,8,8.5,8.08,65
100177,Rohan Verma,ECE,5,8.0,58.54,50
100178,Sneha Reddy,EEE,5,8.0,60.54,75
100179,Ananya Joshi,ECE,7,8.5,22.85,75
100180,Isha Reddy,CE,2,8.0,31.25,50
100181,Sneha Gupta,CE,2,8.0,8.54,85
100182,Ananya Kumar,ECE,1,9.0,56.16,95
100183,Ananya Reddy,ME,7,7.5,72.11,65
100184,Diya Patel,ME,2,7.5,21.27,95
100185,Isha Singh,CSE,6,9.0,36.76,50
100186,Kabir Rao,ECE,7,9.0,97.45,50
100187,Diya Joshi,CSE,5,7.5,27.33,95
100188,Kabir Kumar,ME,1,6.0,14.33,95
100189,Vikram Verma,ECE,1,6.0,53.05,95
100190,Vikram Jha,ME,3,6.0,72.16,85
100191,Diya Rao,CSE,1,8.5,75.44,50
100192,Ananya Patel,CE,7,6.0,44.2,95
100193,Priya Joshi,CSE,6,9.0,28.32,65
100194,Diya Jha,EEE,5,8.5,39.53,85
100195,Aarav Sharma,ECE,5,6.0,76.73,85
100196,Kabir Patel,ME,2,9.0,74.7,75
100197,Rohan Reddy,EEE,4,8.5,83.34,85
100198,Ananya Reddy,CSE,7,9.0,92.12,75
100199,Diya Reddy,EEE,7,9.0,41.77,85
100200,Vikram Sharma,ME,3,8.5,61.81,85
100201,Sneha Verma,CE,2,6.0,58.89,65
100202,Ananya Reddy,ME,6,6.0,77.91,85
100203,Aditya Verma,EEE,4,8.5,34.94,75
100204,Rohan Singh,CSE,3,8.0,17.35,75
100205,Ananya Gupta,CE,8,6.0,75.99,75
100206,Diya Rao,ME,6,8.5,6.83,75
100207,Kabir Patel,EEE,1,8.5,7.42,75
100208,Isha Sharma,CSE,6,7.5,7.67,85
100209,Diya Rao,EEE,7,8.0,55.43,95
100210,Aarav Jha,EEE,4,9.0,47.56,65
100211,Aarav Jha,CSE,6,8.0,8.43,95
100212,Rohan Sharma,ECE,8,6.0,52.41,65
100213,Rohan Kumar,ME,5,7.5,77.45,95
100214,Diya Sharma,ME,2,6.0,55.8,95
100215,Kabir Patel,EEE,3,6.0,58.27,50
100216,Sneha Patel,CE,3,7.5,93.8,95
100217,Aditya Reddy,ME,3,8.0,82.9,75
100218,Aditya Verma,CE,6,9.0,30.89,75
100219,Sneha Jha,ECE,4,8.0,15.49,75
100220,Ananya Joshi,EEE,1,8.5,87.64,65
100221,Rohan Rao,CE,3,8.0,83.13,65
100222,Diya Gupta,CE,1,8.5,67.64,75
100223,Isha Rao,ME,8,6.0,23.92,85
100224,Isha Singh,ME,8,6.0,28.18,75
100225,Aditya Joshi,CE,3,9.0,80.13,50
100226,Kabir Sharma,CE,6,7.5,10.26,50
100227,Ananya Patel,CSE,3,6.0,90.53,75
100228,Vikram Verma,ECE,8,8.5,93.05,75
100229,Aarav Reddy,EEE,6,7.5,99.45,85
100230,Priya Sharma,ME,2,8.0,65.0,50
100231,Rohan Sharma,ME,8,8.0,13.88,75
100232,Isha Jha,EEE,1,8.5,1.9,75
100233,Rohan Joshi,EEE,7,8.0,28.81,75
100234,Ananya Sharma,ECE,7,7.5,62.28,50
100235,Ananya Jha,EEE,1,7.5,57.5,95
100236,Rohan Patel,CE,1,6.0,24.06,65
100237,Rohan Verma,EEE,6,9.0,52.61,65
100238,Aditya Joshi,CSE,7,8.5,4.35,75
100239,Sneha Patel,CSE,6,6.0,34.48,65
100240,Ananya Rao,ME,3,9.0,54.6,75
100241,Rohan Jha,CE,3,8.5,6.31,65
100242,Isha Sharma,ME,4,9.0,19.95,95
100243,Sneha Patel,EEE,7,7.5,54.3,85
100244,Aarav Singh,ME,6,7.5,4.78,65
100245,Sneha Patel,CSE,6,8.5,40.0,50
100246,Vikram Kumar,ECE,8,6.0,36.73,95
100247,Kabir Verma,CE,2,8.0,99.51,50
100248,Aditya Patel,ME,2,6.0,66.09,65
100249,Isha Rao,CE,3,9.0,35.15,50
100250,Sneha Rao,CE,5,7.5,79.15,65
100251,Ananya Reddy,ME,3,7.5,14.28,85
100252,Isha Sharma,ECE,2,8.5,64.52,50
100253,Vikram Rao,CSE,3,8.0,94.88,95
100254,Isha Verma,EEE,3,8.0,39.8,65
100255,Kabir Singh,CSE,1,8.0,49.9,50
100256,Aditya Verma,ME,5,6.0,21.46,95
100257,Kabir Jha,ECE,2,8.5,7.41,75
100258,Isha Verma,ME,6,7.5,55.0,65
100259,Kabir Gupta,ECE,6,7.5,12.14,50
100260,Rohan Singh,CE,1,9.0,57.23,75
100261,Aditya Gupta,EEE,2,9.0,39.82,65
100262,Isha Joshi,CE,7,6.0,7.38,65
100263,Ananya Jha,CE,6,7.5,82.91,95
100264,Diya Gupta,ECE,7,8.5,86.82,75
100265,Aditya Gupta,ME,3,8.5,93.47,50
100266,Sneha Joshi,ME,2,7.5,63.51,75
100267,Kabir Gupta,ME,2,6.0,16.86,95
100268,Rohan Gupta,EEE,6,8.5,56.36,50
100269,Ananya Sharma,EEE,5,9.0,76.7,50
100270,Diya Sharma,CE,5,8.0,30.21,95
100271,Vikram Patel,CE,2,8.0,15.81,75
100272,Isha Jha,ECE,6,7.5,31.26,85
100273,Sneha Kumar,CE,3,7.5,51.5,85
100274,Sneha Singh,CE,2,8.0,24.79,95
100275,Aarav Patel,CE,7,6.0,86.53,95
100276,Sneha Rao,ME,4,8.5,49.83,65
100277,Isha Jha,ME,8,6.0,94.52,85
100278,Isha Singh,ECE,6,9.0,28.14,75
100279,Isha Patel,EEE,1,7.5,43.09,95
100280,Sneha Reddy,ME,1,8.5,57.03,85
100281,Sneha Joshi,ME,2,8.0,45.04,65
100282,Kabir Rao,EEE,2,9.0,9.67,75
100283,Sneha Joshi,ME,3,8.5,50.91,95
100284,Aarav Sharma,CSE,3,8.0,80.4,50
100285,Isha Gupta,EEE,3,9.0,61.31,65
100286,Vikram Rao,ME,6,8.5,50.97,50
100287,Diya Patel,CE,1,8.5,67.38,75
100288,Diya Patel,CSE,8,9.0,65.56,85
100289,Diya Rao,ECE,1,9.0,17.05,65
100290,Diya Reddy,ECE,4,8.5,94.82,75
100291,Priya Sharma,CE,6,7.5,41.3,95
100292,Vikram Joshi,EEE,8,6.0,73.58,50
100293,Rohan Joshi,ECE,6,7.5,47.84,95
100294,Sneha Gupta,CE,6,6.0,67.59,85
100295,Kabir Rao,CE,4,6.0,27.9,50
100296,Priya Patel,ME,4,7.5,48.9,95
100297,Sneha Joshi,ME,5,6.0,67.66,50
100298,Vikram Kumar,ECE,5,6.0,95.53,50
100299,Sneha Jha,ME,8,8.5,82.8,50
100300,Aditya Patel,ECE,2,8.0,58.68,50
100301,Aarav Joshi,ECE,4,8.0,41.33,85
100302,Isha Verma,ECE,1,9.0,97.79,85
100303,Vikram Jha,CE,4,7.5,28.72,85
100304,Aarav Verma,EEE,4,8.0,72.31,95
100305,Rohan Reddy,ECE,1,6.0,39.7,75
100306,Rohan Patel,CSE,1,7.5,60.28,50
100307,Kabir Jha,EEE,8,8.5,13.42,50
100308,Isha Patel,ECE,2,7.5,73.11,50
100309,Kabir Gupta,CSE,6,8.5,56.78,65
100310,Priya Gupta,EEE,7,9.0,51.53,85
100311,Vikram Verma,ECE,3,6.0,93.58,50
100312,Kabir Reddy,ECE,8,8.5,95.4,65
100313,Diya Rao,CSE,5,6.0,69.28,85
100314,Ananya Jha,ME,3,7.5,50.25,95
100315,Kabir Verma,ME,6,8.0,21.91,95
100316,Isha Gupta,CE,6,6.0,54.92,50
100317,Aditya Singh,ECE,2,8.5,52.82,85
100318,Ananya Rao,CSE,1,6.0,90.29,95
100319,Diya Joshi,ECE,3,8.5,52.03,85
100320,Priya Rao,CE,2,8.5,44.55,85
100321,Isha Gupta,EEE,7,8.0,5.77,50
100322,Kabir Sharma,CE,5,8.5,74.58,85
100323,Ananya Sharma,CE,6,6.0,54.12,85
100324,Ananya Jha,CSE,5,8.0,76.9,95
100325,Vikram Kumar,CE,8,8.0,90.68,95
100326,Ananya Joshi,ECE,6,9.0,99.28,95
100327,Aditya Gupta,ECE,1,8.0,97.85,75
100328,Aditya Reddy,EEE,7,8.0,24.75,65
100329,Rohan Patel,ECE,2,8.0,66.02,75
100330,Aarav Singh,ECE,2,6.0,3.36,75
100331,Aarav Singh,CSE,7,9.0,53.98,95
100332,Aarav Gupta,EEE,5,9.0,91.64,85
100333,Sneha Rao,EEE,6,8.0,87.63,75
100334,Aditya Singh,CE,5,7.5,55.67,95
100335,Rohan Reddy,EEE,8,8.5,34.44,95
100336,Vikram Joshi,ME,7,8.0,29.99,75
100337,Aditya Jha,ECE,4,6.0,70.76,65
100338,Aarav Joshi,CE,7,8.5,13.41,75
100339,Kabir Singh,ME,2,7.5,84.71,85
100340,Aditya Singh,CSE,5,8.5,60.5,85
100341,Ananya Singh,EEE,4,8.5,86.95,65
100342,Kabir Sharma,ECE,4,6.0,11.73,75
100343,Isha Singh,EEE,4,8.0,23.93,65
100344,Kabir Reddy,CE,6,8.0,35.96,75
100345,Isha Verma,CE,6,6.0,37.07,85
100346,Aarav Rao,ECE,3,9.0,55.33,65
100347,Diya Reddy,ME,3,7.5,23.0,50
100348,Priya Jha,EEE,6,6.0,82.16,65
100349,Isha Jha,ECE,6,8.5,72.03,95
100350,Rohan Joshi,CSE,1,6.0,7.43,95
100351,Aarav Sharma,CE,3,8.5,23.14,95
100352,Rohan Sharma,ECE,8,8.0,61.78,50
100353,Diya Jha,CE,1,8.5,55.16,65
100354,Aarav Joshi,ME,5,8.0,81.32,75
100355,Vikram Gupta,CSE,2,9.0,24.1,75
100356,Aditya Patel,ME,5,8.5,7.9,95
100357,Isha Rao,ECE,4,8.5,82.81,85
100358,Aarav Verma,CE,7,6.0,47.6,50
100359,Aarav Gupta,CSE,8,8.0,64.49,75
100360,Diya Verma,EEE,1,8.5,90.13,95
100361,Diya Jha,ME,1,9.0,68.44,65
100362,Aditya Rao,CSE,3,8.5,31.45,65
100363,Diya Gupta,CE,2,8.0,56.4,65
100364,Vikram Joshi,ME,7,8.0,14.0,65
100365,Ananya Joshi,ME,1,7.5,23.21,75
100366,Sneha Rao,EEE,7,9.0,32.64,65
100367,Kabir Jha,CE,4,9.0,94.11,95
100368,Rohan Rao,CE,2,8.5,29.54,50
100369,Ananya Verma,ME,3,6.0,78.39,75
100370,Vikram Kumar,ME,2,7.5,94.3,75
100371,Sneha Patel,CSE,3,6.0,43.1,65
100372,Aditya Joshi,CE,2,8.5,35.39,65
100373,Diya Rao,ME,7,8.5,41.38,65
100374,Ananya Joshi,ECE,3,8.0,16.95,95
100375,Kabir Patel,CE,3,8.5,43.47,50
100376,Kabir Jha,CSE,6,9.0,24.66,65
100377,Isha Rao,EEE,4,6.0,13.55,50
100378,Vikram Kumar,EEE,7,8.0,32.95,50
100379,Vikram Rao,ECE,5,9.0,94.73,75
100380,Isha Kumar,ECE,7,9.0,29.14,85
100381,Isha Rao,ECE,6,8.0,81.65,65
100382,Sneha Verma,EEE,4,8.5,54.56,50
100383,Aditya Sharma,CE,4,8.0,29.13,75
100384,Ananya Reddy,CE,3,8.5,24.2,50
100385,Rohan Reddy,CE,2,7.5,59.79,50
100386,Vikram Joshi,EEE,7,8.5,79.07,65
100387,Aditya Rao,CSE,2,8.5,65.76,75
100388,Rohan Rao,CSE,7,8.5,33.16,65
100389,Ananya Sharma,CSE,5,7.5,74.69,65
100390,Diya Rao,ECE,8,6.0,46.31,50
100391,Diya Joshi,ECE,6,8.5,48.28,50
100392,Vikram Verma,CSE,3,6.0,34.31,95
100393,Priya Joshi,CE,6,7.5,43.82,85
100394,Isha Kumar,CSE,5,9.0,71.08,95
100395,Sneha Verma,ECE,4,8.0,55.19,65
100396,Aditya Reddy,CE,4,9.0,62.98,85
100397,Vikram Reddy,CSE,4,8.0,42.96,95
100398,Priya Singh,ME,2,6.0,79.95,65
100399,Rohan Kumar,ME,4,7.5,26.24,65
100400,Aditya Kumar,EEE,7,8.0,58.7,65
100401,Sneha Jha,EEE,3,7.5,70.6,75
100402,Diya Rao,CSE,3,9.0,23.86,75
100403,Rohan Kumar,ECE,7,8.0,13.79,95
100404,Vikram Gupta,CE,3,8.5,48.96,65
100405,Rohan Kumar,CE,1,9.0,95.18,65
100406,Rohan Singh,CE,8,9.0,49.17,75
100407,Isha Jha,ECE,2,8.5,79.59,50
100408,Kabir Sharma,ME,4,8.5,16.82,75
100409,Diya Jha,EEE,2,9.0,26.79,50
100410,Sneha Joshi,CSE,8,8.5,98.98,95
100411,Priya Patel,CSE,8,9.0,86.22,50
100412,Isha Verma,ECE,4,8.0,58.79,75
100413,Diya Reddy,ECE,3,8.0,81.35,85
100414,Diya Kumar,EEE,5,6.0,16.84,65
100415,Kabir Patel,EEE,5,9.0,51.44,85
100416,Ananya Gupta,CE,1,6.0,86.7,75
100417,Rohan Singh,ECE,6,8.5,76.15,75
100418,Vikram Jha,ECE,5,6.0,37.52,50
100419,Ananya Reddy,EEE,5,8.0,87.73,65
100420,Isha Kumar,EEE,1,8.0,84.72,65
100421,Isha Kumar,CSE,7,8.0,42.96,95
100422,Isha Patel,ME,5,8.0,57.79,85
100423,Isha Kumar,CSE,1,8.0,78.39,95
100424,Aarav Verma,ECE,8,9.0,99.18,95
100425,Priya Gupta,ME,3,7.5,87.66,65
100426,Sneha Patel,CSE,6,7.5,64.89,75
100427,Vikram Patel,ECE,7,8.5,70.37,50
100428,Priya Jha,CSE,3,8.5,51.94,85
100429,Aarav Sharma,ME,2,9.0,42.23,75
100430,Isha Verma,ECE,7,7.5,80.6,95
100431,Sneha Kumar,ME,3,8.0,81.34,95
100432,Rohan Verma,EEE,1,9.0,16.41,75
100433,Priya Gupta,CE,8,6.0,8.67,95
100434,Rohan Verma,EEE,7,8.0,42.94,85
100435,Priya Patel,CSE,4,8.5,60.0,65
100436,Kabir Sharma,ME,4,8.5,50.95,95
100437,Vikram Patel,CSE,4,8.5,11.27,65
100438,Diya Verma,EEE,1,9.0,93.39,50
100439,Vikram Rao,CE,6,9.0,17.28,65
100440,Ananya Sharma,EEE,2,8.5,21.57,85
100441,Vikram Joshi,ME,7,6.0,40.23,75
100442,Aditya Joshi,EEE,3,6.0,30.99,50
100443,Priya Gupta,EEE,6,8.0,63.43,85
100444,Ananya Patel,CE,4,8.0,8.62,50
100445,Ananya Jha,EEE,1,9.0,74.17,85
100446,Rohan Verma,CSE,3,9.0,16.38,95
100447,Aditya Joshi,ME,3,6.0,74.98,85
100448,Ananya Sharma,ME,7,7.5,6.39,85
100449,Diya Verma,CE,8,6.0,5.54,95
100450,Rohan Kumar,ECE,5,9.0,89.43,75
100451,Ananya Singh,EEE,1,8.5,86.29,75
100452,Aarav Jha,ME,7,7.5,17.9,75
100453,Aditya Reddy,ECE,6,8.0,91.59,65
100454,Kabir Verma,EEE,6,6.0,67.33,85
100455,Rohan Singh,EEE,1,8.0,6.89,65
100456,Kabir Patel,ME,2,6.0,0.8,50
100457,Kabir Rao,ME,4,6.0,59.17,95
100458,Priya Joshi,ECE,3,6.0,41.0,95
100459,Aditya Kumar,CSE,6,7.5,65.73,95
100460,Kabir Verma,ECE,4,8.0,96.12,75
100461,Kabir Verma,CSE,4,9.0,51.98,75
100462,Sneha Jha,CSE,2,7.5,63.72,50
100463,Ananya Rao,EEE,1,6.0,96.42,65
100464,Kabir Patel,ME,7,6.0,73.54,75
100465,Isha Patel,ECE,2,9.0,13.61,75
100466,Diya Verma,ECE,2,8.5,46.61,65
100467,Ananya Joshi,ME,4,7.5,46.33,65
100468,Ananya Gupta,ME,1,9.0,85.66,50
100469,Ananya Singh,ME,7,8.5,67.72,95
100470,Rohan Sharma,CE,8,9.0,55.01,75
100471,Isha Verma,ECE,2,7.5,83.04,85
100472,Rohan Singh,CE,6,8.5,93.76,95
100473,Diya Rao,ME,2,6.0,6.45,50
100474,Isha Gupta,CSE,6,8.5,94.23,85
100475,Rohan Rao,CE,7,6.0,38.27,85
100476,Rohan Kumar,ECE,3,9.0,44.6,50
100477,Aarav Rao,EEE,4,8.0,49.89,65
100478,Isha Sharma,CSE,5,7.5,41.92,85
100479,Aditya Singh,EEE,1,6.0,78.19,50
100480,Isha Joshi,CE,6,9.0,50.24,65
100481,Kabir Gupta,CSE,6,8.5,2.93,65
100482,Kabir Sharma,CE,6,9.0,99.96,95
100483,Ananya Singh,ECE,5,9.0,79.12,85
100484,Aarav Singh,EEE,7,8.0,83.92,50
100485,Rohan Singh,EEE,6,8.0,69.76,65
100486,Aarav Kumar,EEE,3,8.5,18.82,75
100487,Aditya Patel,ECE,8,8.5,5.62,65
100488,Priya Sharma,EEE,8,9.0,91.79,85
100489,Rohan Kumar,ECE,6,9.0,14.77,50
100490,Rohan Verma,EEE,6,8.0,37.36,75
100491,Vikram Rao,CSE,6,8.0,13.65,65
100492,Vikram Jha,ME,3,6.0,56.2,95
100493,Sneha Singh,EEE,3,6.0,73.4,95
100494,Rohan Gupta,CSE,7,7.5,77.08,85
100495,Aarav Gupta,EEE,6,8.5,96.75,50
100496,Diya Verma,CE,3,7.5,7.78,75
100497,Sneha Gupta,CSE,6,9.0,26.52,75
100498,Ananya Kumar,ME,2,6.0,4.81,75
100499,Vikram Gupta,CE,8,8.5,35.12,85
100500,Ananya Jha,EEE,4,6.0,7.37,95
100501,Kabir Sharma,ME,5,7.5,7.42,50
100502,Vikram Gupta,CSE,2,8.5,98.53,65
100503,Aarav Reddy,ECE,7,8.0,10.13,75
100504,Priya Reddy,EEE,5,8.5,29.74,50
100505,Aarav Reddy,EEE,8,6.0,36.08,85
100506,Ananya Patel,EEE,8,9.0,2.57,85
100507,Kabir Verma,CE,2,8.0,39.75,50
100508,Kabir Verma,EEE,7,8.5,88.55,85
100509,Rohan Jha,CSE,5,9.0,26.34,75
100510,Diya Sharma,ECE,2,8.5,34.38,75
100511,Vikram Rao,ECE,1,8.0,81.84,95
100512,Aditya Jha,EEE,4,7.5,7.9,75
100513,Aarav Joshi,EEE,3,8.0,75.72,95
100514,Rohan Singh,ECE,3,7.5,7.84,65
100515,Vikram Singh,ECE,5,8.0,72.71,95
100516,Ananya Reddy,EEE,7,9.0,85.66,85
100517,Isha Sharma,EEE,7,9.0,14.96,75
100518,Diya Rao,CSE,2,8.0,10.1,85
100519,Aditya Kumar,CE,5,9.0,48.56,50
100520,Isha Sharma,ECE,5,6.0,61.82,65
100521,Vikram Sharma,CE,6,7.5,4.93,50
100522,Kabir Kumar,CSE,6,9.0,30.31,85
100523,Isha Verma,ECE,3,8.5,74.37,75
100524,Sneha Patel,CE,2,8.5,21.14,75
100525,Isha Joshi,ME,1,7.5,15.9,50
100526,Aditya Reddy,ECE,1,8.5,87.52,75
100527,Aarav Singh,CSE,8,9.0,36.04,75
100528,Kabir Kumar,CE,7,9.0,12.39,85
100529,Priya Kumar,CE,8,7.5,87.05,85
100530,Aditya Kumar,ME,3,8.0,25.87,65
100531,Ananya Patel,CSE,7,7.5,85.38,65
100532,Priya Singh,ECE,4,8.0,40.95,50
100533,Aarav Jha,ECE,3,7.5,0.85,95
100534,Diya Patel,ME,7,7.5,85.16,75
100535,Kabir Singh,CE,5,7.5,82.43,85
100536,Diya Verma,CSE,6,6.0,59.38,65
100537,Kabir Verma,CE,2,8.5,27.65,75
100538,Kabir Patel,ME,4,7.5,76.55,85
100539,Diya Reddy,ME,3,9.0,65.54,85
100540,Kabir Reddy,CE,7,9.0,58.3,75
100541,Priya Kumar,ECE,8,8.5,67.19,75
100542,Kabir Gupta,EEE,3,7.5,47.08,95
100543,Kabir Joshi,ECE,6,6.0,22.23,85
100544,Kabir Reddy,ME,6,9.0,29.41,50
100545,Isha Sharma,EEE,2,7.5,19.45,95
100546,Vikram Joshi,ME,7,8.0,85.42,85
100547,Priya Kumar,CE,8,9.0,86.24,95
100548,Ananya Jha,ME,3,7.5,5.8,65
100549,Kabir Singh,ECE,3,7.5,76.36,85
100550,Rohan Rao,CE,7,8.5,96.53,85
100551,Aarav Sharma,EEE,4,6.0,95.01,85
100552,Aditya Singh,CSE,1,7.5,24.88,95
100553,Sneha Patel,ECE,2,9.0,58.87,75
100554,Ananya Sharma,ME,5,9.0,52.03,50
100555,Sneha Reddy,ECE,6,6.0,49.02,85
100556,Priya Gupta,CE,1,7.5,72.72,65
100557,Priya Sharma,EEE,3,8.0,71.11,50
100558,Vikram Patel,EEE,1,7.5,4.8,75
100559,Aarav Sharma,CSE,7,8.5,12.36,75
100560,Isha Gupta,ECE,1,9.0,66.17,50
100561,Aditya Patel,EEE,3,8.0,89.86,65
100562,Diya Verma,ME,2,7.5,49.77,75
100563,Priya Patel,EEE,4,8.5,40.98,50
100564,Aarav Joshi,CE,4,8.5,48.07,65
100565,Aarav Sharma,CSE,2,9.0,66.9,95
100566,Ananya Joshi,CSE,2,6.0,64.43,95
100567,Kabir Patel,CE,1,6.0,17.47,95
100568,Kabir Kumar,ME,7,8.0,9.5,75
100569,Aarav Sharma,ECE,3,8.0,89.45,65
100570,Kabir Verma,ME,6,6.0,40.08,85
100571,Kabir Reddy,CE,7,6.0,79.69,95
100572,Rohan Sharma,ECE,2,9.0,59.08,65
100573,Isha Gupta,EEE,7,9.0,61.14,85
100574,Rohan Jha,CE,2,6.0,44.07,50
100575,Kabir Kumar,CSE,4,8.5,66.98,95
100576,Aditya Joshi,EEE,2,9.0,72.67,75
100577,Sneha Reddy,ECE,1,9.0,93.44,65
100578,Isha Jha,ECE,2,8.0,32.06,50
100579,Kabir Sharma,EEE,4,8.5,37.86,50
100580,Ananya Jha,CE,8,8.5,49.85,85
100581,Ananya Jha,CSE,2,7.5,3.58,65
100582,Aarav Verma,EEE,5,9.0,56.23,65
100583,Isha Kumar,ME,1,6.0,84.43,85
100584,Aditya Rao,EEE,8,8.0,36.33,50
100585,Ananya Verma,ECE,1,6.0,82.99,65
100586,Aditya Joshi,ME,2,8.0,16.42,95
100587,Vikram Verma,ME,4,8.5,93.02,75
100588,Priya Jha,ECE,6,8.5,41.45,95
100589,Diya Verma,CE,8,8.5,95.62,95
100590,Isha Sharma,EEE,1,6.0,43.28,50
100591,Isha Joshi,ECE,3,7.5,12.84,65
100592,Diya Rao,ME,7,6.0,60.9,65
100593,Priya Patel,CE,6,7.5,45.28,75
100594,Rohan Reddy,EEE,5,6.0,54.78,50
100595,Aditya Singh,ECE,4,8.5,29.06,65
100596,Rohan Gupta,EEE,6,7.5,76.08,95
100597,Isha Rao,EEE,7,6.0,89.39,75
100598,Kabir Reddy,CSE,2,9.0,14.53,75
100599,Aarav Singh,ME,3,8.0,68.34,65
100600,Aarav Patel,ECE,1,6.0,45.26,65
100601,Aditya Singh,EEE,7,8.0,78.43,85
100602,Kabir Sharma,CE,7,8.5,78.81,75
100603,Sneha Joshi,CSE,1,6.0,20.31,50
100604,Isha Singh,ME,4,9.0,96.43,75
100605,Isha Gupta,CSE,3,6.0,73.51,75
100606,Vikram Sharma,CE,5,7.5,13.01,85
100607,Kabir Sharma,ME,8,9.0,15.48,50
100608,Sneha Rao,CSE,5,8.0,57.27,50
100609,Ananya Kumar,EEE,4,6.0,52.06,95
100610,Aditya Gupta,CE,7,8.0,22.12,95
100611,Sneha Kumar,ME,5,8.5,75.27,65
100612,Isha Joshi,CSE,2,8.5,44.57,50
100613,Diya Rao,ECE,1,8.5,32.09,65
100614,Vikram Patel,EEE,5,8.0,51.69,50
100615,Sneha Joshi,EEE,8,8.0,29.64,50
100616,Priya Kumar,EEE,2,7.5,16.74,50
100617,Aditya Joshi,CSE,2,6.0,62.95,75
100618,Vikram Verma,ECE,7,8.5,93.98,65
100619,Rohan Sharma,CE,6,7.5,7.32,95
100620,Kabir Joshi,CSE,4,8.0,40.76,65
100621,Vikram Reddy,ME,1,7.5,11.83,85
100622,Diya Verma,EEE,1,9.0,7.26,50
100623,Ananya Patel,ME,2,9.0,92.67,65
100624,Vikram Sharma,CE,3,7.5,13.64,65
100625,Aditya Patel,ECE,5,6.0,91.42,85
100626,Sneha Sharma,EEE,3,8.5,0.5,50
100627,Vikram Joshi,EEE,2,8.5,74.83,65
100628,Sneha Singh,CE,3,9.0,22.08,95
100629,Priya Verma,ECE,1,8.5,93.24,95
100630,Isha Joshi,CSE,5,6.0,25.07,85
100631,Diya Jha,ME,6,8.0,65.55,75
100632,Kabir Rao,CSE,4,9.0,45.06,50
100633,Kabir Rao,ECE,6,8.0,95.87,75
100634,Aarav Kumar,ECE,4,7.5,64.08,65
100635,Sneha Gupta,ME,8,7.5,35.87,75
100636,Isha Joshi,CSE,3,7.5,8.2,50
100637,Rohan Joshi,ECE,5,8.0,62.66,85
100638,Ananya Sharma,EEE,1,6.0,57.89,65
100639,Diya Singh,CSE,5,7.5,99.87,65
100640,Rohan Kumar,CE,4,8.0,58.96,85
100641,Rohan Jha,EEE,2,8.0,50.22,85
100642,Priya Rao,ECE,3,9.0,17.91,85
100643,Rohan Jha,ME,1,9.0,48.76,65
100644,Kabir Kumar,ECE,1,8.5,51.79,50
100645,Vikram Jha,CE,1,9.0,64.85,75
100646,Aditya Patel,ME,3,8.0,37.85,50
100647,Ananya Joshi,ME,7,7.5,22.29,85
100648,Sneha Kumar,CE,8,6.0,0.66,65
100649,Isha Gupta,ECE,2,8.0,28.08,95
100650,Rohan Gupta,ME,2,8.5,41.46,95
100651,Ananya Jha,CE,8,8.5,16.12,95
100652,Aarav Singh,CSE,3,6.0,16.11,95
100653,Aditya Sharma,EEE,3,8.5,25.83,95
100654,Aditya Reddy,EEE,1,8.0,72.8,50
100655,Ananya Singh,CE,8,8.5,17.06,95
100656,Diya Gupta,EEE,3,8.5,51.08,85
100657,Sneha Jha,EEE,2,9.0,38.55,65
100658,Aarav Singh,EEE,7,9.0,60.55,65
100659,Isha Rao,EEE,1,8.5,53.14,95
100660,Ananya Verma,CE,3,7.5,53.93,95
100661,Vikram Joshi,CE,6,8.0,69.76,95
100662,Priya Jha,CE,6,9.0,74.14,75
100663,Diya Verma,CE,3,8.5,76.59,65
100664,Kabir Rao,EEE,7,6.0,0.55,65
100665,Aarav Rao,EEE,2,6.0,37.5,65
100666,Sneha Reddy,ME,2,8.0,65.16,65
100667,Kabir Joshi,CE,6,6.0,99.18,50
100668,Priya Reddy,EEE,8,8.0,55.91,95
100669,Kabir Patel,EEE,6,6.0,39.81,50
100670,Ananya Singh,CE,3,8.0,50.83,85
100671,Sneha Joshi,EEE,1,9.0,96.46,50
100672,Ananya Gupta,CE,7,7.5,26.31,95
100673,Ananya Rao,CSE,7,9.0,40.06,65
100674,Aditya Patel,EEE,1,7.5,82.02,50
100675,Isha Jha,CSE,4,7.5,93.08,95
100676,Kabir Singh,CSE,4,8.5,67.4,65
100677,Priya Sharma,ECE,2,8.0,77.97,95
100678,Vikram Reddy,EEE,4,7.5,73.69,65
100679,Ananya Joshi,ME,6,8.0,81.55,65
100680,Diya Singh,CE,7,8.0,26.11,95
100681,Aditya Verma,EEE,2,7.5,34.0,85
100682,Aditya Patel,EEE,5,6.0,96.61,50
100683,Isha Singh,ME,8,8.0,89.65,50
100684,Isha Verma,ME,2,8.5,78.87,85
100685,Priya Kumar,CE,6,7.5,0.97,95
100686,Priya Patel,CSE,7,8.0,82.11,50
100687,Aditya Gupta,CE,6,6.0,89.43,65
100688,Rohan Singh,CE,4,6.0,24.21,50
100689,Priya Singh,ECE,4,8.5,35.6,75
100690,Ananya Verma,CSE,8,6.0,76.42,75
100691,Aarav Jha,ME,6,6.0,98.54,65
100692,Kabir Jha,ECE,5,9.0,75.02,85
100693,Aarav Joshi,CE,8,8.5,3.26,65
100694,Vikram Gupta,CE,2,6.0,46.01,50
100695,Aarav Sharma,ECE,7,9.0,32.54,95
100696,Kabir Gupta,EEE,5,6.0,47.13,85
100697,Sneha Kumar,ECE,8,9.0,41.91,50
100698,Sneha Kumar,CE,5,8.0,57.14,65
100699,Priya Verma,ME,4,9.0,85.63,95
100700,Rohan Gupta,CE,1,6.0,49.96,50
100701,Aditya Joshi,ME,8,8.0,56.21,95
100702,Aarav Reddy,CSE,3,7.5,81.38,50
100703,Ananya Jha,ME,5,9.0,56.04,95
100704,Sneha Sharma,CE,2,6.0,67.96,65
100705,Priya Rao,EEE,3,6.0,28.46,85
100706,Aditya Jha,CE,2,7.5,28.65,75
100707,Rohan Gupta,ME,7,8.0,57.16,50
100708,Ananya Gupta,ME,4,9.0,65.3,75
100709,Kabir Rao,CE,5,6.0,78.1,50
100710,Diya Joshi,CE,7,8.5,85.42,85
100711,Priya Patel,CSE,4,8.0,10.3,50
100712,Isha Joshi,CSE,1,8.0,52.4,50
100713,Ananya Patel,EEE,3,9.0,93.16,95
100714,Kabir Singh,ECE,5,8.0,12.64,85
100715,Rohan Sharma,CSE,6,8.0,32.52,85
100716,Isha Joshi,ME,8,9.0,94.85,50
100717,Rohan Rao,EEE,8,6.0,63.59,65
100718,Vikram Joshi,EEE,5,8.0,48.17,65
100719,Ananya Jha,ME,6,6.0,15.57,75
100720,Aarav Joshi,ECE,6,7.5,53.51,65
100721,Isha Jha,ME,1,9.0,79.8,65
100722,Priya Sharma,EEE,6,6.0,88.22,75
100723,Vikram Singh,ECE,7,9.0,22.06,65
100724,Vikram Singh,EEE,5,9.0,74.29,65
100725,Vikram Singh,CSE,3,9.0,11.04,65
100726,Diya Jha,ME,8,7.5,1.94,65
100727,Aditya Sharma,ECE,2,8.0,12.5,95
100728,Aarav Singh,CSE,3,8.5,21.72,65
100729,Kabir Jha,ME,8,8.0,3.17,85
100730,Rohan Sharma,ME,7,7.5,47.01,85
100731,Kabir Reddy,CSE,2,7.5,71.47,75
100732,Isha Singh,CSE,4,8.5,77.1,50
100733,Priya Jha,CE,5,9.0,15.86,65
100734,Aarav Joshi,EEE,2,9.0,63.85,50
100735,Sneha Sharma,ECE,2,8.5,43.42,75
100736,Rohan Patel,EEE,2,7.5,24.31,85
100737,Diya Jha,EEE,3,8.5,8.95,65
100738,Isha Verma,EEE,6,6.0,99.7,95
100739,Aarav Sharma,ME,3,8.5,79.15,65
100740,Isha Singh,ME,6,8.0,43.87,50
100741,Aarav Reddy,ME,3,7.5,3.95,85
100742,Isha Joshi,ME,8,8.0,18.66,95
100743,Sneha Jha,ME,3,6.0,15.5,50
100744,Kabir Joshi,ME,8,7.5,63.8,75
100745,Rohan Sharma,EEE,6,8.0,23.88,50
100746,Ananya Joshi,CE,4,8.5,49.75,75
100747,Rohan Rao,ME,6,8.5,32.2,85
100748,Aditya Verma,CSE,3,8.5,3.13,75
100749,Isha Singh,CSE,1,6.0,83.63,85
100750,Isha Joshi,EEE,5,7.5,22.07,85
100751,Ananya Sharma,ECE,8,8.5,83.21,75
100752,Aarav Kumar,EEE,7,7.5,79.42,65
100753,Diya Patel,EEE,1,9.0,83.45,50
100754,Priya Joshi,CSE,2,7.5,53.17,65
100755,Priya Joshi,ECE,3,8.5,55.81,75
100756,Ananya Rao,ME,8,8.0,42.71,85
100757,Rohan Gupta,EEE,7,8.0,65.75,75
100758,Diya Jha,ME,6,6.0,99.69,75
100759,Vikram Reddy,ME,4,9.0,21.39,65
100760,Aditya Patel,ME,8,6.0,39.71,50
100761,Aarav Patel,EEE,1,6.0,99.34,75
100762,Aarav Patel,ECE,4,9.0,2.17,50
100763,Kabir Joshi,EEE,3,7.5,46.04,95
100764,Rohan Patel,ME,4,7.5,81.11,75
100765,Diya Reddy,EEE,4,6.0,72.36,65
100766,Rohan Jha,EEE,2,6.0,30.04,95
100767,Diya Reddy,CSE,1,7.5,33.44,65
100768,Vikram Verma,ECE,1,9.0,63.22,65
100769,Kabir Joshi,CSE,6,8.0,14.96,65
100770,Priya Gupta,CSE,7,8.5,75.28,75
100771,Aditya Verma,ECE,7,8.0,39.43,75
100772,Sneha Verma,CE,1,8.5,26.26,85
100773,Aditya Reddy,ECE,3,7.5,19.81,50
100774,Diya Singh,EEE,4,9.0,26.63,50
100775,Sneha Rao,CSE,2,8.5,42.35,85
100776,Priya Kumar,ME,1,9.0,16.93,75
100777,Diya Jha,EEE,3,9.0,92.42,50
100778,Priya Kumar,ECE,2,8.0,5.45,95
100779,Rohan Patel,CSE,6,8.0,11.13,50
100780,Isha Sharma,ME,4,8.5,21.19,85
100781,Aditya Patel,EEE,8,8.0,99.23,75
100782,Aarav Reddy,EEE,1,8.5,6.01,75
100783,Diya Patel,CSE,8,6.0,0.83,75
100784,Kabir Kumar,CSE,1,8.5,88.34,50
100785,Priya Reddy,EEE,2,8.5,48.47,95
100786,Aditya Verma,ECE,4,7.5,45.8,65
100787,Aarav Sharma,ECE,5,6.0,39.34,50
100788,Aarav Kumar,ME,6,7.5,23.62,95
100789,Kabir Sharma,ME,7,9.0,81.49,65
100790,Aditya Patel,ECE,3,8.0,39.28,95
100791,Ananya Reddy,EEE,4,7.5,57.29,95
100792,Kabir Rao,ME,8,8.0,20.68,75
100793,Diya Joshi,ECE,3,8.0,70.51,75
100794,Rohan Reddy,ECE,3,6.0,55.73,85
100795,Ananya Gupta,ME,3,8.0,76.54,65
100796,Vikram Patel,CE,5,9.0,18.79,95
100797,Rohan Sharma,EEE,5,7.5,61.24,95
100798,Priya Singh,CSE,6,6.0,77.98,65
100799,Aditya Rao,CE,6,8.5,38.75,95
100800,Rohan Gupta,ECE,4,8.0,76.45,75
100801,Kabir Reddy,ECE,4,6.0,6.61,50
100802,Diya Jha,ME,8,6.0,42.76,50
100803,Aarav Rao,CE,6,6.0,93.91,75
100804,Diya Joshi,EEE,1,8.5,45.16,95
100805,Priya Joshi,EEE,7,9.0,3.93,85
100806,Aditya Sharma,ECE,5,8.5,88.44,95
100807,Kabir Jha,ECE,7,6.0,91.9,65
100808,Aditya Gupta,CE,8,8.5,50.07,75
100809,Diya Joshi,ECE,7,9.0,45.09,85
100810,Isha Rao,ECE,8,8.0,32.41,75
100811,Rohan Verma,CSE,2,7.5,63.41,65
100812,Aditya Reddy,EEE,3,6.0,38.06,85
100813,Rohan Kumar,EEE,3,9.0,14.46,85
100814,Aarav Reddy,ME,5,9.0,96.1,95
100815,Rohan Verma,ECE,4,7.5,76.54,95
100816,Isha Jha,CE,1,8.5,49.35,95
100817,Diya Jha,CE,7,8.5,60.12,95
100818,Priya Joshi,ME,4,8.5,14.83,95
100819,Sneha Sharma,ECE,1,7.5,83.8,75
100820,Sneha Verma,CSE,2,9.0,17.82,75
100821,Kabir Rao,EEE,3,9.0,74.93,85
100822,Aarav Verma,ME,6,7.5,37.89,75
100823,Vikram Joshi,CSE,5,8.5,12.2,65
100824,Sneha Joshi,CE,4,7.5,61.21,65
100825,Diya Joshi,CSE,8,6.0,60.48,75
100826,Kabir Reddy,EEE,6,7.5,57.51,85
100827,Sneha Gupta,EEE,8,6.0,63.19,75
100828,Rohan Rao,ECE,5,8.5,0.16,95
100829,Isha Verma,ECE,7,8.0,33.38,95
100830,Priya Sharma,ECE,5,6.0,6.78,75
100831,Aditya Joshi,ME,1,8.5,33.33,75
100832,Diya Rao,CSE,3,9.0,83.38,50
100833,Isha Jha,CSE,3,6.0,62.72,50
100834,Sneha Jha,CE,1,6.0,29.93,75
100835,Sneha Joshi,EEE,1,8.0,68.55,75
100836,Ananya Gupta,ME,1,8.5,37.52,75
100837,Rohan Rao,EEE,7,6.0,11.68,65
100838,Kabir Kumar,CSE,5,8.0,49.71,75
100839,Sneha Jha,ME,4,8.5,17.5,65
100840,Aarav Singh,CSE,8,8.5,79.9,95
100841,Rohan Singh,ME,8,9.0,52.36,75
100842,Sneha Gupta,CSE,3,9.0,3.66,50
100843,Aditya Verma,CSE,5,6.0,68.71,65
100844,Ananya Kumar,CE,1,6.0,76.62,65
100845,Kabir Sharma,EEE,5,7.5,20.98,95
100846,Priya Patel,ME,6,8.5,67.11,50
100847,Rohan Gupta,ME,2,8.5,62.29,95
100848,Ananya Singh,EEE,6,9.0,27.11,85
100849,Kabir Rao,ECE,3,6.0,61.33,85
100850,Aditya Jha,CSE,3,9.0,90.33,65
100851,Ananya Reddy,CSE,2,7.5,17.9,65
100852,Diya Jha,EEE,6,8.0,81.74,50
100853,Aditya Verma,CE,3,9.0,80.24,50
100854,Isha Verma,CE,5,8.0,71.02,75
100855,Isha Singh,ECE,3,8.5,61.69,65
100856,Vikram Gupta,ME,6,7.5,3.03,65
100857,Ananya Kumar,CE,8,7.5,28.23,65
100858,Diya Rao,ECE,2,7.5,71.43,65
100859,Sneha Joshi,CSE,5,8.5,40.08,50
100860,Priya Rao,ECE,3,6.0,38.38,85
100861,Priya Rao,CE,7,8.0,34.22,75
100862,Priya Gupta,CSE,8,7.5,59.61,85
100863,Aditya Verma,CE,3,9.0,40.58,95
100864,Ananya Rao,CE,6,9.0,66.02,65
100865,Priya Gupta,EEE,1,7.5,66.09,50
100866,Aditya Patel,CE,8,9.0,68.15,95
100867,Kabir Rao,ME,7,6.0,91.51,65
100868,Diya Sharma,EEE,7,8.0,85.25,65
100869,Sneha Joshi,CSE,1,7.5,82.08,75
100870,Ananya Patel,CSE,4,9.0,59.02,65
100871,Sneha Reddy,CE,7,9.0,21.12,50
100872,Isha Gupta,ECE,7,8.5,36.03,50
100873,Rohan Patel,ECE,3,9.0,64.84,75
100874,Isha Reddy,ECE,2,8.0,80.59,85
100875,Diya Reddy,EEE,3,8.5,42.41,65
100876,Vikram Kumar,ECE,3,8.5,0.74,95
100877,Priya Joshi,ME,7,8.0,57.64,85
100878,Aarav Rao,CE,6,7.5,48.15,50
100879,Ananya Gupta,EEE,5,7.5,7.82,65
100880,Ananya Singh,CE,2,9.0,53.92,75
100881,Kabir Rao,CSE,6,9.0,1.08,75
100882,Aditya Jha,EEE,6,8.5,96.06,85
100883,Kabir Gupta,CSE,5,6.0,56.37,75
100884,Isha Rao,ECE,1,8.5,29.18,85
100885,Diya Sharma,ME,8,7.5,50.56,65
100886,Kabir Patel,ECE,5,9.0,25.7,50
100887,Ananya Rao,ECE,3,9.0,36.98,65
100888,Kabir Singh,CE,3,6.0,86.2,65
100889,Ananya Gupta,EEE,3,8.5,75.28,50
100890,Vikram Singh,CE,3,6.0,73.44,95
100891,Aarav Patel,CSE,1,7.5,39.87,65
100892,Isha Joshi,ECE,7,8.5,39.01,75
100893,Rohan Joshi,CE,1,6.0,79.73,65
100894,Sneha Joshi,CSE,2,6.0,63.74,85
100895,Diya Patel,ME,5,9.0,9.83,75
100896,Diya Reddy,CE,4,8.5,58.87,75
100897,Aditya Kumar,ECE,6,7.5,67.28,75
100898,Aarav Reddy,CSE,2,6.0,35.15,95
100899,Kabir Patel,ECE,1,9.0,9.19,50
100900,Priya Rao,CSE,2,8.0,60.47,85
100901,Diya Gupta,CSE,3,8.5,46.7,75
100902,Isha Patel,CE,6,6.0,78.07,75
100903,Aarav Reddy,CE,6,6.0,25.82,65
100904,Rohan Jha,CSE,8,6.0,20.07,95
100905,Rohan Jha,CSE,3,8.5,43.13,75
100906,Ananya Jha,ME,2,8.0,7.04,95
100907,Kabir Jha,CSE,8,9.0,64.03,65
100908,Vikram Patel,ECE,6,6.0,57.46,95
100909,Isha Jha,CE,7,8.0,78.09,50
100910,Ananya Joshi,ECE,1,8.0,68.93,50
100911,Isha Verma,EEE,6,8.5,30.28,85
100912,Ananya Kumar,EEE,6,7.5,45.96,95
100913,Kabir Singh,ECE,1,8.5,66.07,50
100914,Vikram Verma,ME,8,9.0,63.28,95
100915,Priya Gupta,CSE,4,6.0,99.64,95
100916,Isha Reddy,CSE,5,8.0,96.5,75
100917,Aarav Sharma,ME,1,6.0,72.1,65
100918,Ananya Singh,EEE,8,6.0,87.02,65
100919,Rohan Rao,ECE,2,7.5,14.16,75
100920,Aarav Jha,EEE,1,7.5,64.88,75
100921,Rohan Sharma,ME,2,8.0,17.07,75
100922,Ananya Verma,CSE,8,9.0,61.56,95
100923,Priya Reddy,ME,7,8.0,97.59,65
100924,Aditya Gupta,ME,4,9.0,59.31,85
100925,Ananya Verma,ME,3,7.5,16.81,50
100926,Aditya Gupta,CE,4,8.0,4.07,85
100927,Diya Reddy,ECE,1,6.0,8.07,50
100928,Rohan Verma,EEE,5,8.5,80.74,75
100929,Isha Gupta,ECE,3,7.5,52.31,50
100930,Priya Gupta,EEE,1,9.0,71.72,65
100931,Ananya Patel,ME,7,7.5,23.56,75
100932,Aditya Verma,EEE,6,9.0,98.68,85
100933,Priya Jha,ECE,5,7.5,11.27,95
100934,Isha Jha,ECE,3,8.5,4.31,85
100935,Sneha Patel,ECE,7,6.0,61.68,85
100936,Isha Sharma,CSE,1,6.0,17.59,50
100937,Aarav Jha,EEE,2,8.5,23.53,50
100938,Diya Rao,ME,7,6.0,67.69,50
100939,Priya Verma,ME,4,7.5,73.77,50
100940,Vikram Singh,CSE,8,7.5,5.43,65
100941,Rohan Singh,EEE,8,7.5,37.35,65
100942,Priya Kumar,ME,4,7.5,3.21,65
100943,Aarav Patel,ECE,2,8.0,45.86,75
100944,Sneha Singh,ME,3,7.5,63.8,65
100945,Rohan Rao,EEE,4,8.5,85.7,75
100946,Priya Rao,CE,8,8.0,73.0,65
100947,Priya Singh,ME,7,8.5,89.18,75
100948,Rohan Rao,CSE,7,8.5,4.01,50
100949,Aditya Sharma,CE,7,7.5,79.8,85
100950,Isha Jha,ECE,2,8.5,1.24,75
100951,Vikram Singh,ECE,6,6.0,64.76,65
100952,Aarav Jha,ME,3,6.0,85.79,85
100953,Diya Sharma,CE,8,7.5,87.42,95
100954,Rohan Kumar,CE,1,7.5,7.07,75
100955,Sneha Joshi,CSE,5,8.0,26.98,95
100956,Aditya Rao,ECE,2,8.5,33.57,65
100957,Aditya Kumar,CSE,2,7.5,46.54,65
100958,Sneha Kumar,ECE,2,9.0,77.36,85
100959,Sneha Singh,EEE,2,7.5,73.74,75
100960,Diya Singh,ECE,6,9.0,26.74,75
100961,Vikram Patel,CSE,2,7.5,45.24,95
100962,Aditya Verma,CE,5,8.5,36.81,50
100963,Ananya Singh,CE,2,9.0,89.79,95
100964,Ananya Verma,ECE,5,8.5,14.8,50
100965,Priya Joshi,CSE,5,8.5,68.24,95
100966,Isha Kumar,CE,8,7.5,2.15,95
100967,Ananya Sharma,ECE,6,6.0,34.28,50
100968,Sneha Jha,EEE,8,8.0,56.73,50
100969,Rohan Patel,ECE,8,8.0,28.81,50
100970,Rohan Kumar,ME,8,8.5,61.86,50
100971,Aditya Patel,ECE,3,6.0,69.29,95
100972,Rohan Gupta,ECE,2,6.0,31.66,85
100973,Isha Patel,ME,3,8.0,70.71,65
100974,Sneha Kumar,ECE,6,8.0,97.55,95
100975,Kabir Verma,CSE,7,9.0,76.85,75
100976,Sneha Gupta,CSE,6,6.0,29.56,75
100977,Diya Gupta,EEE,8,7.5,11.23,65
100978,Aarav Gupta,EEE,2,6.0,40.16,95
100979,Isha Kumar,CSE,6,7.5,64.13,95
100980,Aditya Singh,ME,4,7.5,53.84,75
100981,Ananya Joshi,CE,4,7.5,60.32,75
100982,Aarav Kumar,CE,3,7.5,42.76,75
100983,Sneha Sharma,ME,6,9.0,97.75,75
100984,Ananya Singh,CE,7,6.0,28.86,50
100985,Vikram Reddy,ECE,2,8.0,30.32,65
100986,Sneha Verma,EEE,7,9.0,40.95,50
100987,Vikram Gupta,EEE,8,6.0,75.52,85
100988,Priya Gupta,CE,5,8.0,4.22,95
100989,Diya Patel,CE,8,8.5,79.12,50
100990,Kabir Patel,CE,2,8.0,89.27,85
100991,Rohan Jha,ECE,1,8.5,27.72,95
100992,Diya Kumar,EEE,8,9.0,86.83,65
100993,Isha Verma,ME,1,7.5,16.28,75
100994,Rohan Kumar,CE,3,8.5,5.29,95
100995,Vikram Kumar,CSE,5,8.5,63.89,75
100996,Aditya Singh,ECE,2,9.0,16.71,65
100997,Sneha Patel,ME,6,9.0,58.0,95
100998,Aarav Gupta,EEE,5,8.5,48.49,65
100999,Rohan Verma,ECE,3,9.0,83.16,95
101000,Diya Joshi,EEE,2,9.0,91.6,95
101001,Rohan Sharma,CE,6,8.5,36.26,95
101002,Diya Joshi,ME,3,6.0,2.88,50
101003,Priya Gupta,ECE,4,7.5,20.98,85
101004,Vikram Verma,CSE,1,8.5,75.73,95
101005,Priya Verma,CSE,1,9.0,90.85,65
101006,Ananya Patel,CSE,2,6.0,92.01,50
101007,Diya Singh,ECE,6,8.0,14.56,75
101008,Kabir Rao,ME,6,8.5,50.06,85
101009,Diya Singh,EEE,2,8.0,57.81,65
101010,Aditya Singh,ECE,5,8.0,75.4,95
101011,Ananya Singh,EEE,8,8.0,58.94,75
101012,Ananya Gupta,ME,7,7.5,51.43,95
101013,Ananya Kumar,CSE,8,7.5,13.59,95
101014,Sneha Patel,EEE,1,6.0,49.37,95
101015,Kabir Jha,EEE,5,7.5,84.11,65
101016,Aditya Reddy,ME,7,8.0,6.96,75
101017,Sneha Gupta,CSE,8,6.0,39.64,65
101018,Ananya Verma,ECE,7,8.5,59.06,85
101019,Rohan Verma,ME,4,9.0,59.5,50
101020,Ananya Singh,CE,8,8.5,71.35,95
101021,Diya Patel,CE,6,7.5,60.32,85
101022,Isha Joshi,ME,3,7.5,10.8,95
101023,Isha Jha,ECE,3,8.5,73.78,65
101024,Isha Sharma,ECE,7,6.0,32.7,65
101025,Diya Rao,CSE,2,8.5,51.99,95
101026,Isha Singh,ME,8,6.0,26.17,95
101027,Aditya Joshi,CSE,1,8.5,88.01,85
101028,Vikram Jha,ME,7,6.0,3.6,65
101029,Aditya Patel,ECE,8,7.5,31.25,95
101030,Isha Verma,EEE,8,8.5,68.54,65
101031,Isha Jha,EEE,3,6.0,39.14,85
101032,Diya Reddy,EEE,6,8.0,28.44,50
101033,Aarav Rao,CSE,3,6.0,34.89,65
101034,Diya Sharma,ME,7,8.0,34.51,50
101035,Vikram Kumar,CSE,4,8.0,64.81,50
101036,Ananya Verma,ME,2,7.5,1.97,75
101037,Aarav Jha,CE,7,6.0,69.6,85
101038,Aarav Kumar,CE,7,8.5,9.77,50
101039,Ananya Singh,ME,8,9.0,76.49,85
101040,Rohan Rao,ME,6,6.0,20.18,65
101041,Ananya Joshi,ECE,5,8.5,29.73,85
101042,Vikram Singh,EEE,2,8.5,57.82,95
101043,Sneha Patel,CSE,8,7.5,34.73,95
101044,Kabir Joshi,ME,7,8.5,31.34,75
101045,Vikram Patel,EEE,8,6.0,54.76,75
101046,Aditya Gupta,EEE,8,8.5,96.21,50
101047,Isha Patel,EEE,7,8.0,72.66,65
101048,Aditya Singh,ME,8,6.0,15.05,95
101049,Kabir Reddy,CE,6,8.5,91.11,85
101050,Priya Reddy,ME,5,8.0,25.64,85
101051,Priya Reddy,ECE,2,9.0,2.77,85
101052,Isha Jha,EEE,7,7.5,90.57,75
101053,Rohan Patel,ECE,1,9.0,80.35,75
101054,Aditya Gupta,CSE,8,7.5,5.53,50
101055,Sneha Rao,ME,2,6.0,40.7,65
101056,Ananya Reddy,ECE,4,7.5,73.45,85
101057,Aditya Rao,EEE,5,9.0,9.02,75
101058,Ananya Kumar,ME,7,6.0,74.4,75
101059,Priya Gupta,CSE,3,7.5,27.45,75
101060,Kabir Rao,CSE,8,8.0,69.96,65
101061,Sneha Joshi,CE,8,6.0,96.33,95
101062,Rohan Kumar,CE,6,8.5,2.11,50
101063,Aarav Sharma,ECE,5,8.0,30.93,50
101064,Sneha Verma,EEE,4,9.0,38.85,95
101065,Kabir Patel,CSE,4,7.5,85.94,65
101066,Isha Kumar,CE,1,6.0,8.01,85
101067,Isha Jha,CE,6,7.5,87.68,75
101068,Rohan Patel,EEE,2,9.0,60.21,65
101069,Sneha Jha,CSE,1,7.5,18.37,65
101070,Rohan Sharma,CE,4,8.0,31.37,50
101071,Ananya Gupta,ECE,3,9.0,68.58,75
101072,Isha Jha,ECE,5,6.0,59.3,85
101073,Kabir Singh,CSE,7,8.0,39.35,95
101074,Diya Singh,CSE,1,7.5,64.71,95
101075,Priya Verma,CE,4,7.5,85.18,75
101076,Vikram Rao,CE,5,6.0,95.8,85
101077,Diya Verma,CSE,7,7.5,92.83,65
101078,Isha Verma,ECE,4,7.5,86.19,75
101079,Kabir Patel,CE,7,7.5,85.63,95
101080,Priya Patel,ECE,7,8.5,79.25,75
101081,Kabir Patel,ECE,8,8.0,36.96,50
101082,Isha Verma,CSE,8,7.5,32.32,95
101083,Vikram Singh,CE,7,6.0,25.62,65
101084,Aditya Sharma,CSE,6,7.5,47.09,65
101085,Diya Rao,CSE,1,7.5,61.97,85
101086,Vikram Kumar,ECE,1,8.5,26.03,50
101087,Isha Kumar,CE,3,7.5,71.03,95
101088,Rohan Patel,CSE,6,7.5,12.79,50
101089,Sneha Reddy,ME,5,9.0,76.16,50
101090,Aditya Kumar,CE,3,8.5,99.46,75
101091,Rohan Joshi,CE,1,9.0,5.46,50
101092,Aarav Jha,ME,3,8.5,43.64,75
101093,Aarav Jha,ME,8,7.5,11.25,95
101094,Rohan Verma,ME,2,8.0,28.41,75
101095,Aditya Patel,EEE,4,6.0,97.16,65
101096,Diya Gupta,CE,2,9.0,49.81,95
101097,Sneha Sharma,ME,2,9.0,59.03,85
101098,Sneha Gupta,CSE,2,8.5,70.77,65
101099,Isha Patel,EEE,1,6.0,4.38,95
101100,Isha Kumar,EEE,3,6.0,4.87,75
101101,Kabir Kumar,CSE,2,9.0,60.23,65
101102,Vikram Patel,ECE,4,6.0,86.55,95
101103,Aarav Singh,ECE,7,8.5,28.49,85
101104,Rohan Verma,ME,8,9.0,73.59,50
101105,Diya Gupta,ME,2,8.0,51.27,85
101106,Isha Reddy,CE,5,7.5,42.31,75
101107,Vikram Kumar,EEE,3,6.0,42.6,85
101108,Aditya Kumar,CE,4,8.5,71.36,65
101109,Aditya Joshi,CSE,5,6.0,7.92,95
101110,Kabir Gupta,ECE,5,9.0,52.31,75
101111,Diya Sharma,EEE,2,9.0,51.34,65
101112,Vikram Reddy,CSE,8,8.5,56.85,85
101113,Sneha Patel,EEE,2,8.0,1.63,65
101114,Isha Gupta,ECE,7,7.5,41.63,75
101115,Kabir Kumar,EEE,8,9.0,44.99,75
101116,Sneha Gupta,ECE,3,6.0,98.22,95
101117,Ananya Reddy,EEE,1,8.0,11.67,65
101118,Isha Jha,CE,8,7.5,81.31,65
101119,Sneha Reddy,ME,2,8.0,1.39,65
101120,Aarav Singh,CSE,4,7.5,14.52,75
101121,Vikram Joshi,ECE,2,6.0,46.34,85
101122,Vikram Sharma,CSE,3,9.0,73.88,95
101123,Isha Jha,CSE,8,8.0,20.13,75
101124,Vikram Sharma,ME,1,7.5,84.76,65
101125,Vikram Jha,EEE,5,9.0,39.97,95
101126,Diya Rao,CE,4,6.0,52.83,65
101127,Diya Kumar,EEE,2,8.0,64.83,75
101128,Ananya Jha,EEE,6,8.5,43.62,50
101129,Kabir Singh,CE,6,7.5,50.76,85
101130,Sneha Rao,CE,3,9.0,72.3,50
101131,Vikram Kumar,CE,3,8.5,28.25,85
101132,Ananya Jha,ECE,3,8.0,60.57,75
101133,Vikram Jha,ME,4,9.0,4.7,75
101134,Sneha Patel,ME,3,8.5,85.95,85
101135,Aarav Verma,ME,7,9.0,22.67,85
101136,Priya Jha,ME,6,9.0,76.94,95
101137,Aditya Patel,ECE,2,7.5,92.66,85
101138,Isha Verma,CSE,2,9.0,4.2,75
101139,Rohan Verma,ECE,6,8.0,29.21,50
101140,Aditya Jha,CSE,3,7.5,33.46,85
101141,Ananya Singh,CE,7,6.0,0.66,50
101142,Sneha Patel,EEE,3,6.0,37.24,95
101143,Vikram Kumar,ECE,3,7.5,52.97,85
101144,Priya Gupta,CE,7,6.0,89.81,85
101145,Sneha Sharma,CE,3,7.5,71.76,85
101146,Ananya Verma,ME,6,6.0,77.24,75
101147,Aarav Reddy,CSE,3,8.0,5.78,75
101148,Aditya Patel,CE,7,8.0,70.08,85
101149,Sneha Kumar,CSE,5,8.0,61.04,50
101150,Vikram Jha,ECE,8,8.0,88.77,75
101151,Vikram Singh,ME,2,6.0,33.45,75
101152,Rohan Joshi,EEE,5,7.5,51.17,65
101153,Aditya Kumar,ECE,1,9.0,79.66,85
101154,Kabir Singh,ME,7,6.0,11.04,75
101155,Sneha Patel,EEE,6,8.0,75.66,50
101156,Isha Patel,EEE,1,9.0,98.3,75
101157,Diya Rao,EEE,4,6.0,28.45,65
101158,Diya Gupta,CE,4,9.0,51.65,65
101159,Sneha Jha,CSE,3,7.5,82.84,75
101160,Ananya Sharma,CE,3,9.0,44.62,50
101161,Aditya Reddy,EEE,7,8.0,58.43,50
101162,Vikram Jha,CE,7,6.0,14.43,50
101163,Isha Jha,ECE,2,6.0,45.54,50
101164,Rohan Joshi,ME,2,9.0,40.86,50
101165,Sneha Rao,ME,1,8.0,11.77,50
101166,Sneha Patel,ME,8,8.0,14.29,75
101167,Diya Reddy,CSE,5,7.5,21.56,95
101168,Isha Sharma,CSE,6,6.0,4.47,85
101169,Diya Patel,EEE,8,8.0,78.13,75
101170,Diya Gupta,ECE,8,9.0,66.72,50
101171,Sneha Verma,EEE,7,9.0,90.02,50
101172,Aditya Sharma,CE,5,6.0,86.6,85
101173,Aarav Rao,ME,2,7.5,8.52,75
101174,Aditya Rao,CSE,4,8.0,50.26,50
101175,Ananya Joshi,ECE,1,9.0,20.58,85
101176,Diya Jha,CSE,6,7.5,4.5,85
101177,Sneha Reddy,ECE,7,7.5,52.79,75
101178,Kabir Verma,CSE,2,8.0,28.54,75
101179,Kabir Verma,ECE,5,8.0,67.86,85
101180,Diya Kumar,ECE,1,8.0,29.8,95
101181,Sneha Gupta,CE,6,7.5,94.16,75
101182,Aarav Singh,ECE,4,8.5,75.24,85
101183,Ananya Patel,CSE,6,9.0,40.71,65
101184,Aarav Reddy,ECE,1,8.0,96.35,95
101185,Ananya Singh,EEE,3,8.0,40.67,75
101186,Aditya Singh,ECE,6,9.0,16.82,85
101187,Aditya Reddy,EEE,8,7.5,81.26,65
101188,Kabir Gupta,CSE,1,6.0,48.22,75
101189,Kabir Reddy,ME,4,6.0,51.03,50
101190,Rohan Joshi,EEE,2,6.0,39.53,85
101191,Rohan Joshi,ME,7,6.0,50.48,50
101192,Sneha Patel,CE,5,7.5,98.3,85
101193,Priya Jha,EEE,6,9.0,69.18,75
101194,Aarav Rao,CE,1,9.0,67.27,85
101195,Aditya Jha,CE,2,8.5,64.91,85
101196,Aditya Sharma,CE,2,8.5,81.28,85
101197,Sneha Reddy,ECE,1,6.0,37.05,95
101198,Isha Sharma,ECE,1,7.5,68.06,50
101199,Sneha Singh,CSE,5,7.5,22.11,95
101200,Sneha Sharma,ME,8,8.5,70.7,85
101201,Aarav Singh,CE,2,7.5,56.91,85
101202,Rohan Joshi,ECE,3,8.5,12.82,75
101203,Rohan Patel,EEE,4,8.0,72.89,75
101204,Priya Sharma,EEE,5,8.5,88.31,95
101205,Vikram Sharma,ME,7,8.0,40.69,65
101206,Aditya Jha,CE,6,6.0,4.35,95
101207,Priya Sharma,ME,7,7.5,31.62,85
101208,Priya Kumar,CSE,1,8.5,22.56,85
101209,Vikram Verma,ECE,4,6.0,31.08,50
101210,Ananya Sharma,CE,7,8.5,59.25,65
101211,Sneha Patel,ECE,2,8.0,95.88,65
101212,Sneha Joshi,ECE,2,8.0,61.96,65
101213,Ananya Jha,EEE,2,7.5,6.07,95
101214,Vikram Kumar,CSE,3,7.5,80.24,95
101215,Kabir Rao,CE,2,8.5,5.58,65
101216,Kabir Reddy,CE,2,9.0,41.11,50
101217,Diya Sharma,CE,7,9.0,42.81,85
101218,Diya Verma,ME,1,9.0,32.82,65
101219,Ananya Verma,CSE,2,8.5,84.08,75
101220,Rohan Joshi,ME,6,9.0,72.46,65
101221,Rohan Singh,ECE,1,8.5,31.17,65
101222,Aditya Kumar,ME,3,8.5,30.87,75
101223,Kabir Kumar,CSE,3,6.0,50.71,65
101224,Aarav Reddy,ME,4,6.0,64.06,75
101225,Ananya Kumar,ECE,8,9.0,98.19,85
101226,Sneha Rao,EEE,6,7.5,41.87,50
101227,Ananya Jha,CSE,8,8.5,0.37,50
101228,Priya Jha,EEE,4,7.5,73.46,95
101229,Vikram Singh,CE,3,9.0,0.67,75
101230,Ananya Kumar,CSE,2,8.5,44.04,85
101231,Diya Kumar,CSE,1,9.0,28.41,75
101232,Kabir Gupta,ME,4,8.0,2.15,50
101233,Ananya Sharma,ECE,7,8.5,88.5,95
101234,Priya Patel,CE,4,8.0,37.24,75
101235,Aditya Rao,CE,2,7.5,88.27,95
101236,Priya Singh,EEE,7,7.5,31.8,75
101237,Priya Sharma,EEE,4,6.0,29.42,50
101238,Sneha Singh,CSE,5,7.5,85.15,65
101239,Isha Singh,CSE,8,8.5,61.49,75
101240,Aditya Reddy,EEE,6,8.5,46.43,65
101241,Sneha Joshi,CE,8,9.0,58.12,75
101242,Diya Sharma,ECE,4,6.0,45.21,85
101243,Vikram Singh,ME,7,9.0,57.14,85
101244,Kabir Joshi,CSE,3,8.5,29.5,65
101245,Sneha Singh,EEE,1,6.0,62.11,85
101246,Isha Jha,CE,7,8.0,49.75,85
101247,Vikram Sharma,ECE,8,8.0,64.54,50
101248,Ananya Patel,EEE,2,8.0,92.66,75
101249,Ananya Verma,ME,1,6.0,33.38,65
101250,Sneha Patel,ME,5,8.5,60.4,75
101251,Aditya Patel,CSE,5,6.0,34.66,50
101252,Vikram Rao,CSE,8,8.5,98.93,50
101253,Vikram Singh,ECE,4,8.0,51.58,75
101254,Aditya Jha,CE,6,8.5,31.31,50
101255,Vikram Reddy,ECE,8,8.0,55.84,85
101256,Rohan Rao,ECE,5,9.0,0.97,85
101257,Sneha Kumar,ECE,7,6.0,75.26,65
101258,Aditya Patel,ME,1,7.5,3.22,85
101259,Rohan Kumar,EEE,7,7.5,20.42,95
101260,Ananya Joshi,CE,4,8.5,32.88,65
101261,Kabir Verma,ECE,2,8.0,17.76,85
101262,Diya Jha,CSE,3,8.5,91.13,95
101263,Kabir Singh,ECE,5,8.0,7.0,85
101264,Sneha Joshi,CSE,3,8.0,90.98,65
101265,Rohan Verma,ECE,7,9.0,6.88,85
101266,Rohan Singh,ME,7,8.0,66.48,65
101267,Diya Rao,ME,4,9.0,68.48,95
101268,Priya Sharma,ECE,8,9.0,39.92,50
101269,Aditya Kumar,EEE,8,9.0,57.61,75
101270,Ananya Patel,CE,6,8.0,71.16,85
101271,Vikram Rao,ECE,7,6.0,90.0,85
101272,Vikram Jha,CE,3,8.5,9.55,75
101273,Aarav Singh,ECE,5,6.0,53.77,85
101274,Ananya Singh,CE,7,9.0,55.28,85
101275,Ananya Verma,EEE,6,8.5,16.48,75
101276,Aditya Sharma,CE,1,8.0,69.45,95
101277,Isha Reddy,ME,7,9.0,39.67,95
101278,Kabir Verma,ECE,6,8.5,46.42,50
101279,Ananya Verma,EEE,4,8.0,43.77,50
101280,Kabir Gupta,ECE,1,8.5,17.72,50
101281,Aditya Reddy,ECE,2,6.0,1.12,95
101282,Rohan Jha,ME,3,6.0,3.44,75
101283,Aditya Singh,CE,1,8.0,81.15,65
101284,Ananya Reddy,ME,8,8.0,0.47,95
101285,Vikram Singh,ECE,6,7.5,20.0,75
101286,Vikram Sharma,CSE,6,6.0,68.0,50
101287,Priya Verma,ECE,3,6.0,51.25,85
101288,Sneha Joshi,ECE,4,8.5,39.51,50
101289,Ananya Singh,ECE,2,8.5,17.36,85
101290,Sneha Sharma,CE,4,6.0,6.6,65
101291,Diya Kumar,CSE,2,8.0,41.11,75
101292,Diya Jha,CSE,3,7.5,9.47,50
101293,Vikram Gupta,ME,3,6.0,88.4,85
101294,Isha Verma,ME,1,7.5,58.5,75
101295,Aditya Singh,EEE,1,6.0,61.63,75
101296,Kabir Singh,CE,4,7.5,5.99,85
101297,Isha Patel,ECE,3,8.0,64.2,65
101298,Diya Jha,ME,3,6.0,64.36,65
101299,Aarav Joshi,CE,5,9.0,22.9,50
101300,Sneha Kumar,ECE,4,7.5,90.66,65
101301,Priya Singh,EEE,7,6.0,18.35,95
101302,Aarav Verma,CE,2,8.0,5.21,65
101303,Priya Gupta,CSE,3,9.0,83.12,50
101304,Priya Joshi,CSE,7,6.0,31.15,95
101305,Priya Singh,CE,3,6.0,30.31,95
101306,Isha Singh,ME,8,8.5,97.26,75
101307,Vikram Gupta,CE,8,7.5,60.94,85
101308,Rohan Jha,CSE,7,8.0,8.32,50
101309,Diya Joshi,ECE,3,7.5,46.37,85
101310,Kabir Reddy,EEE,8,6.0,13.67,50
101311,Priya Gupta,ECE,1,7.5,50.07,85
101312,Sneha Jha,CE,7,8.5,97.05,75
101313,Vikram Jha,ME,2,8.0,3.88,95
101314,Vikram Rao,ECE,4,8.5,95.71,50
101315,Sneha Joshi,CE,6,9.0,65.09,95
101316,Priya Singh,CE,1,8.0,36.14,65
101317,Aarav Gupta,ME,8,6.0,14.74,85
101318,Diya Rao,ECE,1,7.5,9.23,75
101319,Vikram Reddy,EEE,2,9.0,18.88,95
101320,Rohan Reddy,ME,5,8.5,53.32,95
101321,Diya Patel,CE,2,7.5,57.26,50
101322,Rohan Patel,ECE,7,7.5,0.64,95
101323,Isha Sharma,CSE,2,7.5,41.78,75
101324,Kabir Reddy,ECE,3,7.5,70.4,85
101325,Isha Gupta,EEE,2,8.0,81.44,75
101326,Priya Sharma,ECE,4,7.5,90.23,65
101327,Isha Rao,CSE,3,6.0,8.57,75
101328,Kabir Verma,ME,1,7.5,47.79,95
101329,Ananya Sharma,CSE,5,8.0,0.72,95
101330,Aarav Verma,ECE,1,6.0,52.01,65
101331,Kabir Jha,CE,6,6.0,33.66,65
101332,Sneha Kumar,ECE,6,8.0,37.84,50
101333,Sneha Kumar,CSE,1,8.0,69.83,85
101334,Rohan Sharma,EEE,2,6.0,27.95,85
101335,Priya Kumar,CE,8,6.0,66.02,95
101336,Sneha Sharma,ME,1,8.0,73.58,75
101337,Isha Singh,EEE,8,8.5,61.26,85
101338,Sneha Reddy,CE,2,7.5,29.39,65
101339,Rohan Joshi,EEE,1,9.0,79.68,50
101340,Aditya Jha,ECE,8,8.0,48.22,75
101341,Priya Singh,ECE,3,6.0,65.97,95
101342,Ananya Reddy,CSE,3,8.0,32.65,50
101343,Kabir Singh,ME,8,8.5,67.06,50
101344,Rohan Joshi,CE,2,6.0,33.28,65
101345,Diya Rao,CSE,6,9.0,71.74,65
101346,Vikram Joshi,CE,4,8.0,11.57,50
101347,Ananya Verma,ME,4,8.0,11.61,85
101348,Rohan Kumar,CE,1,7.5,59.01,75
101349,Vikram Reddy,ME,6,8.0,93.39,85
101350,Aditya Rao,EEE,4,8.5,0.92,75
101351,Sneha Gupta,ME,4,9.0,45.58,75
101352,Kabir Gupta,CSE,6,9.0,99.03,95
101353,Kabir Rao,CE,4,8.0,70.41,75
101354,Aarav Kumar,ECE,4,8.5,93.44,85
101355,Aarav Gupta,CE,7,7.5,81.5,50
101356,Aarav Joshi,CE,6,8.5,47.34,95
101357,Vikram Reddy,CSE,5,7.5,92.31,75
101358,Aditya Reddy,CSE,3,9.0,79.13,85
101359,Kabir Jha,ECE,3,8.5,48.24,65
101360,Priya Singh,ECE,1,8.5,85.61,50
101361,Rohan Reddy,CE,3,7.5,9.6,50
101362,Rohan Sharma,CSE,6,9.0,96.97,85
101363,Vikram Singh,CSE,2,8.5,48.86,50
101364,Diya Gupta,CE,2,8.5,86.49,75
101365,Vikram Patel,CE,6,7.5,11.66,65
101366,Isha Joshi,ECE,1,8.5,98.73,75
101367,Kabir Verma,EEE,3,6.0,100.0,85
101368,Vikram Patel,EEE,3,7.5,6.35,65
101369,Rohan Reddy,CSE,7,8.0,53.64,75
101370,Isha Verma,EEE,2,6.0,20.75,75
101371,Ananya Gupta,EEE,3,8.0,44.72,95
101372,Ananya Sharma,ECE,4,9.0,8.78,75
101373,Aarav Verma,CSE,5,6.0,54.44,50
101374,Aarav Singh,ME,1,9.0,51.94,65
101375,Kabir Joshi,CE,3,9.0,69.51,95
101376,Sneha Rao,EEE,4,9.0,66.26,50
101377,Priya Sharma,ECE,3,9.0,83.26,50
101378,Diya Joshi,ECE,6,6.0,72.91,50
101379,Ananya Joshi,ME,5,6.0,90.37,65
101380,Isha Verma,ME,7,8.5,14.32,65
101381,Ananya Patel,ECE,6,9.0,64.78,50
101382,Diya Gupta,CE,3,6.0,78.78,50
101383,Aarav Rao,ECE,2,9.0,53.15,95
101384,Aditya Reddy,CSE,6,6.0,36.28,85
101385,Kabir Gupta,ECE,5,7.5,37.72,95
101386,Vikram Verma,CSE,3,8.0,87.55,95
101387,Isha Verma,EEE,6,9.0,86.54,65
101388,Kabir Rao,CSE,1,8.0,94.65,50
101389,Rohan Kumar,EEE,7,7.5,12.76,95
101390,Aditya Gupta,ECE,3,6.0,73.54,85
101391,Sneha Singh,EEE,7,6.0,18.31,85
101392,Isha Joshi,ME,5,8.5,52.06,50
101393,Priya Patel,CSE,5,9.0,31.27,85
101394,Ananya Verma,ECE,2,7.5,5.74,95
101395,Kabir Joshi,CE,1,8.5,42.4,50
101396,Rohan Jha,CE,2,7.5,61.63,75
101397,Aarav Reddy,EEE,6,8.0,73.9,50
101398,Diya Sharma,EEE,8,8.0,67.45,95
101399,Aditya Singh,ECE,2,9.0,13.33,65
101400,Aarav Reddy,CE,7,6.0,96.97,65
101401,Priya Joshi,CSE,5,8.0,29.35,75
101402,Aarav Rao,CE,4,8.5,92.91,95
101403,Aditya Sharma,CE,8,8.0,0.59,65
101404,Sneha Patel,ME,2,9.0,89.02,85
101405,Vikram Kumar,CSE,2,8.0,19.75,65
101406,Aditya Gupta,CE,2,7.5,0.69,75
101407,Kabir Singh,CE,7,8.5,36.45,85
101408,Aditya Patel,CSE,8,9.0,43.94,95
101409,Sneha Reddy,CSE,6,7.5,70.92,50
101410,Priya Patel,CSE,3,8.0,74.39,65
101411,Rohan Singh,CE,5,6.0,48.91,75
101412,Rohan Kumar,CE,7,8.0,95.77,65
101413,Rohan Gupta,ME,1,9.0,23.65,65
101414,Sneha Reddy,EEE,1,7.5,28.95,65
101415,Ananya Reddy,ECE,3,7.5,18.69,50
101416,Ananya Patel,ECE,7,7.5,70.65,50
101417,Aditya Rao,ECE,4,6.0,59.12,95
101418,Rohan Singh,CSE,3,7.5,27.39,95
101419,Rohan Reddy,CSE,4,8.5,5.1,95
101420,Aditya Patel,ECE,4,7.5,47.92,65
101421,Vikram Sharma,ME,2,8.5,28.06,85
101422,Vikram Singh,ME,1,7.5,0.05,65
101423,Sneha Singh,ME,8,8.0,60.65,85
101424,Rohan Patel,CE,6,6.0,11.15,50
101425,Aarav Joshi,ECE,6,9.0,81.0,75
101426,Diya Joshi,EEE,6,7.5,27.59,85
101427,Vikram Verma,CSE,3,6.0,60.18,75
101428,Diya Singh,ECE,8,8.5,7.49,75
101429,Diya Kumar,ME,8,8.5,20.2,65
101430,Rohan Sharma,ECE,4,9.0,71.16,85
101431,Aditya Kumar,ME,8,9.0,11.74,95
101432,Ananya Jha,CE,1,7.5,27.41,65
101433,Kabir Sharma,EEE,1,8.0,69.38,75
101434,Vikram Jha,EEE,2,7.5,75.07,50
101435,Aditya Reddy,CE,5,9.0,0.36,75
101436,Priya Rao,CSE,8,8.0,72.06,75
101437,Kabir Singh,ME,5,8.5,17.11,95
101438,Aditya Singh,ME,1,6.0,94.2,75
101439,Rohan Patel,CSE,4,9.0,21.0,95
101440,Aarav Kumar,EEE,6,7.5,94.64,75
101441,Kabir Gupta,CE,5,8.5,5.73,65
101442,Sneha Singh,ME,3,8.0,1.56,85
101443,Diya Verma,CE,5,6.0,63.43,85
101444,Priya Jha,ECE,6,9.0,58.17,95
101445,Vikram Gupta,CE,4,6.0,43.39,50
101446,Isha Verma,CE,3,8.5,81.56,85
101447,Priya Rao,CE,3,6.0,2.1,50
101448,Rohan Reddy,EEE,4,9.0,7.2,85
101449,Isha Reddy,CSE,3,9.0,80.8,85
101450,Ananya Reddy,CE,1,8.0,1.36,75
101451,Aarav Gupta,ECE,2,6.0,93.86,85
101452,Aarav Sharma,CSE,6,8.0,8.5,50
101453,Isha Rao,CE,3,6.0,47.89,65
101454,Aarav Joshi,ME,2,7.5,4.45,75
101455,Kabir Verma,EEE,7,8.5,91.22,75
101456,Priya Reddy,CE,3,6.0,28.68,75
101457,Vikram Verma,CE,3,6.0,22.45,85
101458,Sneha Verma,EEE,6,8.5,92.33,50
101459,Aarav Rao,ECE,3,8.0,33.48,65
101460,Vikram Gupta,ME,5,6.0,10.39,50
101461,Sneha Patel,CSE,1,8.0,97.8,75
101462,Rohan Kumar,ECE,7,7.5,79.69,75
101463,Ananya Verma,EEE,7,6.0,27.85,65
101464,Sneha Gupta,ECE,7,8.5,49.42,50
101465,Vikram Rao,ME,3,9.0,65.4,65
101466,Vikram Reddy,EEE,8,8.0,49.26,95
101467,Priya Reddy,CSE,7,8.5,77.66,95
101468,Priya Verma,ECE,6,9.0,99.39,65
101469,Sneha Joshi,CE,3,7.5,5.96,95
101470,Sneha Gupta,ME,8,6.0,85.33,50
101471,Priya Singh,ECE,1,9.0,11.72,50
101472,Rohan Reddy,CSE,7,8.5,70.14,85
101473,Diya Verma,CE,3,9.0,36.52,75
101474,Priya Verma,CSE,7,9.0,18.24,75
101475,Rohan Joshi,ME,8,9.0,33.73,95
101476,Aarav Patel,CSE,3,6.0,64.25,95
101477,Rohan Joshi,ECE,1,7.5,42.36,95
101478,Aditya Patel,EEE,5,9.0,42.37,65
101479,Kabir Verma,EEE,7,6.0,12.51,85
101480,Vikram Rao,CSE,4,8.5,82.25,95
101481,Diya Verma,CE,8,8.5,64.19,50
101482,Rohan Sharma,ME,7,7.5,10.84,95
101483,Sneha Rao,ME,1,7.5,16.28,75
101484,Ananya Singh,EEE,1,8.5,30.91,95
101485,Priya Sharma,ECE,5,8.5,57.01,65
101486,Diya Jha,CSE,1,8.5,94.35,75
101487,Sneha Patel,CE,4,8.5,39.06,50
101488,Rohan Verma,ME,7,8.5,50.36,50
101489,Rohan Sharma,EEE,7,8.0,86.88,50
101490,Kabir Gupta,ECE,8,6.0,62.6,95
101491,Priya Singh,ECE,3,8.5,50.16,50
101492,Diya Joshi,ME,8,8.0,33.9,50
101493,Diya Reddy,CSE,7,7.5,99.7,75
101494,Ananya Gupta,EEE,8,6.0,1.49,95
101495,Kabir Joshi,CSE,8,6.0,31.37,85
101496,Rohan Verma,ME,6,9.0,7.11,85
101497,Isha Patel,CE,5,6.0,44.2,50
101498,Ananya Rao,CE,1,8.0,28.66,50
101499,Diya Gupta,CE,6,8.5,62.46,85
101500,Sneha Verma,CE,8,8.5,87.55,50
101501,Aarav Rao,CSE,4,7.5,56.08,75
101502,Ananya Patel,CE,3,8.5,85.38,50
101503,Vikram Jha,CSE,6,6.0,64.25,95
101504,Ananya Verma,ECE,2,7.5,92.25,85
101505,Vikram Singh,CE,6,7.5,34.24,85
101506,Isha Singh,CE,2,8.0,3.83,85
101507,Isha Gupta,ECE,6,8.0,98.78,85
101508,Vikram Sharma,ME,7,7.5,21.34,65
101509,Aarav Reddy,ME,5,8.0,8.36,50
101510,Kabir Reddy,CSE,5,8.5,45.14,75
101511,Aditya Singh,ME,3,8.5,9.24,85
101512,Sneha Patel,ECE,4,7.5,41.91,50
101513,Aditya Gupta,CE,6,9.0,57.03,95
101514,Aditya Rao,ECE,2,9.0,57.85,65
101515,Sneha Kumar,CSE,3,9.0,93.38,65
101516,Sneha Verma,CE,5,8.0,0.37,95
101517,Rohan Jha,EEE,2,7.5,74.57,50
101518,Vikram Joshi,ECE,7,6.0,20.98,85
101519,Diya Sharma,ME,6,9.0,89.67,75
101520,Ananya Jha,CE,7,9.0,35.22,85
101521,Vikram Joshi,ME,2,6.0,45.88,85
101522,Rohan Joshi,EEE,3,6.0,38.16,95
101523,Vikram Patel,EEE,2,9.0,80.59,65
101524,Ananya Sharma,EEE,7,8.0,74.99,85
101525,Aditya Verma,CE,1,8.0,85.17,50
101526,Priya Jha,EEE,7,6.0,85.63,85
101527,Sneha Jha,CE,7,6.0,37.46,75
101528,Aditya Patel,ME,5,8.0,90.27,50
101529,Priya Sharma,CE,1,7.5,15.34,75
101530,Aditya Rao,ME,6,7.5,57.22,95
101531,Priya Joshi,CE,4,8.5,39.33,75
101532,Diya Reddy,ECE,7,8.5,17.37,85
101533,Aditya Gupta,CE,4,7.5,80.12,50
101534,Ananya Rao,CE,5,6.0,15.91,50
101535,Priya Verma,CSE,1,6.0,62.89,85
101536,Rohan Sharma,EEE,2,8.5,2.53,85
101537,Rohan Jha,ME,3,6.0,89.79,65
101538,Priya Joshi,ECE,7,8.5,65.93,95
101539,Ananya Gupta,CSE,2,6.0,92.72,65
101540,Ananya Gupta,ME,5,8.5,9.28,50
101541,Sneha Singh,CE,2,8.0,2.2,75
101542,Isha Verma,ECE,7,6.0,31.36,95
101543,Rohan Gupta,ME,1,9.0,65.97,75
101544,Diya Sharma,CSE,6,8.5,48.39,95
101545,Diya Joshi,CSE,3,6.0,25.45,50
101546,Priya Rao,CSE,1,7.5,76.1,95
101547,Sneha Verma,ECE,1,7.5,21.98,75
101548,Rohan Patel,ME,8,9.0,9.2,50
101549,Aditya Patel,CE,8,6.0,94.63,50
101550,Kabir Gupta,ECE,5,7.5,10.29,65
101551,Diya Patel,ECE,4,8.0,48.78,75
101552,Vikram Rao,ME,6,7.5,60.73,95
101553,Priya Rao,ME,6,7.5,81.93,50
101554,Rohan Sharma,EEE,5,8.5,29.35,75
101555,Aditya Kumar,CE,1,7.5,80.9,65
101556,Rohan Kumar,ECE,2,6.0,37.17,85
101557,Sneha Verma,CSE,6,8.0,71.68,95
101558,Isha Rao,ME,4,9.0,38.56,50
101559,Priya Joshi,ECE,2,6.0,71.63,75
101560,Ananya Rao,CE,7,8.5,32.01,95
101561,Aarav Jha,CE,1,6.0,42.12,65
101562,Isha Gupta,EEE,6,8.5,23.64,85
101563,Kabir Sharma,EEE,1,9.0,28.44,95
101564,Aarav Joshi,EEE,1,8.0,1.63,65
101565,Ananya Reddy,ME,5,8.5,34.58,95
101566,Aditya Kumar,CE,1,7.5,69.65,95
101567,Isha Verma,ME,2,6.0,4.78,85
101568,Rohan Verma,ME,7,7.5,8.8,95
101569,Sneha Joshi,CSE,1,8.5,78.49,95
101570,Aarav Patel,CSE,5,7.5,61.28,75
101571,Kabir Gupta,ECE,8,9.0,31.93,50
101572,Diya Reddy,CE,2,8.5,24.05,65
101573,Isha Patel,ME,8,9.0,26.38,85
101574,Ananya Kumar,EEE,4,6.0,73.53,65
101575,Ananya Verma,CE,1,6.0,67.05,50
101576,Vikram Singh,CE,2,8.0,81.4,95
101577,Aditya Joshi,ME,5,7.5,65.53,75
101578,Ananya Gupta,ECE,6,6.0,45.24,95
101579,Aditya Singh,CE,4,8.0,42.31,65
101580,Kabir Rao,CSE,3,8.0,10.72,65
101581,Priya Sharma,CE,3,6.0,47.62,50
101582,Isha Kumar,ME,2,7.5,8.41,50
101583,Priya Gupta,CE,7,9.0,5.32,65
101584,Sneha Verma,CSE,7,9.0,42.26,95
101585,Priya Reddy,ECE,5,7.5,49.36,95
101586,Ananya Sharma,ECE,2,6.0,5.31,75
101587,Diya Patel,ECE,2,8.0,27.55,75
101588,Vikram Reddy,CE,2,8.5,82.41,50
101589,Kabir Jha,ECE,3,8.0,34.76,75
101590,Diya Patel,CSE,2,7.5,90.78,65
101591,Isha Patel,ECE,3,7.5,6.95,50
101592,Sneha Jha,ECE,1,7.5,42.79,75
101593,Rohan Patel,CSE,3,9.0,85.31,75
101594,Sneha Jha,EEE,1,8.0,24.75,65
101595,Aarav Sharma,EEE,5,7.5,52.53,75
101596,Rohan Verma,CSE,5,8.0,33.57,65
101597,Sneha Joshi,ME,8,9.0,45.88,65
101598,Kabir Kumar,EEE,8,7.5,68.58,50
101599,Aarav Gupta,CE,4,8.5,14.16,95
101600,Aarav Singh,EEE,7,6.0,74.44,50
101601,Vikram Verma,ME,8,8.0,87.61,50
101602,Kabir Kumar,ME,7,9.0,94.53,95
101603,Kabir Singh,CSE,6,9.0,12.3,95
101604,Diya Kumar,ME,2,8.0,49.89,50
101605,Rohan Jha,ECE,5,9.0,66.43,50
101606,Isha Patel,CSE,5,8.5,4.1,85
101607,Diya Verma,CSE,8,7.5,43.03,65
101608,Aarav Sharma,ME,3,7.5,28.33,85
101609,Aditya Gupta,CSE,5,9.0,73.31,65
101610,Diya Verma,ME,4,8.0,93.29,50
101611,Vikram Reddy,CE,2,6.0,92.02,85
101612,Kabir Gupta,EEE,7,7.5,32.25,95
101613,Rohan Singh,ME,3,8.0,19.95,50
101614,Ananya Patel,EEE,8,8.0,37.6,65
101615,Ananya Gupta,EEE,8,8.0,50.38,65
101616,Sneha Jha,ME,7,8.0,96.14,85
101617,Aarav Joshi,CSE,7,8.5,14.06,95
101618,Priya Rao,EEE,6,8.0,54.33,50
101619,Kabir Sharma,CE,3,8.0,0.6,75
101620,Aditya Jha,CSE,2,6.0,82.99,95
101621,Ananya Kumar,EEE,2,8.0,56.54,85
101622,Sneha Sharma,CSE,1,6.0,51.63,85
101623,Isha Gupta,ECE,3,8.0,31.09,75
101624,Isha Rao,ECE,2,8.0,15.3,85
101625,Aditya Verma,ECE,4,7.5,2.47,85
101626,Isha Reddy,CSE,2,9.0,48.37,50
101627,Priya Joshi,ME,8,6.0,61.72,95
101628,Rohan Sharma,ECE,3,8.5,65.75,50
101629,Aditya Joshi,ECE,8,8.0,28.94,50
101630,Diya Jha,ME,5,7.5,69.77,50
101631,Isha Reddy,CE,3,6.0,45.71,85
101632,Vikram Sharma,EEE,5,7.5,65.04,75
101633,Diya Jha,CSE,6,6.0,46.79,95
101634,Isha Patel,CSE,3,8.5,85.58,50
101635,Priya Kumar,EEE,7,7.5,17.45,95
101636,Sneha Rao,ME,8,9.0,78.67,65
101637,Kabir Reddy,CSE,8,8.5,47.18,65
101638,Rohan Rao,EEE,5,7.5,32.41,85
101639,Sneha Rao,EEE,7,6.0,2.95,95
101640,Rohan Singh,CSE,2,6.0,67.93,75
101641,Priya Singh,CSE,3,8.5,38.41,95
101642,Ananya Sharma,EEE,5,8.5,84.68,85
101643,Isha Kumar,EEE,1,8.5,32.12,75
101644,Isha Reddy,ECE,4,7.5,49.11,65
101645,Kabir Singh,ECE,3,8.5,52.85,95
101646,Ananya Rao,CSE,2,9.0,81.0,75
101647,Sneha Reddy,EEE,2,6.0,68.24,85
101648,Aditya Jha,ECE,4,9.0,47.37,50
101649,Sneha Rao,EEE,3,8.0,43.89,85
101650,Vikram Verma,EEE,2,8.0,51.72,75
101651,Ananya Jha,ECE,1,7.5,33.09,65
101652,Kabir Patel,CE,6,6.0,87.15,65
101653,Ananya Joshi,EEE,4,7.5,93.18,75
101654,Kabir Reddy,EEE,1,6.0,89.18,50
101655,Isha Patel,CSE,1,7.5,26.09,65
101656,Aarav Gupta,ECE,6,7.5,66.33,95
101657,Priya Jha,CSE,1,6.0,7.08,50
101658,Diya Rao,CSE,8,6.0,27.05,50
101659,Ananya Sharma,CE,4,7.5,43.15,75
101660,Priya Sharma,CSE,1,9.0,81.14,65
101661,Diya Reddy,CSE,8,8.0,76.57,50
101662,Rohan Reddy,CE,3,8.0,11.8,95
101663,Sneha Kumar,ECE,6,7.5,5.79,65
101664,Ananya Rao,CSE,4,6.0,75.26,65
101665,Diya Sharma,CSE,4,6.0,7.66,75
101666,Isha Gupta,ME,1,6.0,60.24,50
101667,Kabir Gupta,EEE,7,6.0,12.24,95
101668,Ananya Patel,EEE,4,9.0,73.52,50
101669,Priya Jha,ME,6,9.0,29.27,95
101670,Priya Joshi,ME,6,9.0,50.34,75
101671,Sneha Reddy,EEE,8,6.0,20.36,85
101672,Aditya Singh,ME,4,8.5,72.49,75
101673,Rohan Sharma,ECE,8,9.0,45.38,65
101674,Aarav Jha,CSE,5,8.0,38.42,85
101675,Aarav Patel,EEE,7,6.0,86.28,75
101676,Isha Sharma,ECE,4,6.0,65.99,50
101677,Aarav Patel,CSE,6,9.0,91.01,50
101678,Sneha Patel,EEE,4,8.0,34.09,75
101679,Vikram Reddy,CSE,2,7.5,95.25,95
101680,Kabir Joshi,CE,7,8.5,56.83,50
101681,Kabir Gupta,CE,8,8.5,92.47,95
101682,Aarav Patel,ME,2,9.0,77.13,65
101683,Sneha Rao,CE,1,6.0,36.17,85
101684,Kabir Rao,CSE,2,8.0,66.08,75
101685,Rohan Jha,CE,1,8.5,46.64,50
101686,Isha Joshi,ECE,7,8.5,93.88,75
101687,Diya Joshi,ME,2,9.0,25.8,75
101688,Kabir Patel,CE,3,7.5,17.45,65
101689,Aarav Singh,CSE,1,8.0,50.67,95
101690,Diya Kumar,CSE,4,9.0,71.45,75
101691,Kabir Sharma,ME,1,9.0,34.97,95
101692,Aditya Jha,CSE,2,9.0,32.58,85
101693,Vikram Verma,CE,5,8.5,32.65,65
101694,Sneha Kumar,CE,6,9.0,97.35,50
101695,Aarav Gupta,ME,1,8.5,15.01,50
101696,Aarav Verma,EEE,4,6.0,51.08,85
101697,Aditya Rao,ME,4,8.5,58.27,95
101698,Rohan Reddy,CSE,2,8.0,99.23,50
101699,Aditya Rao,EEE,7,8.5,12.12,75
101700,Aarav Rao,CE,8,9.0,19.5,85
101701,Kabir Singh,ME,4,6.0,97.75,50
101702,Isha Kumar,CSE,4,8.0,95.76,65
101703,Sneha Verma,ME,2,9.0,65.33,75
101704,Priya Jha,CE,4,6.0,82.68,85
101705,Aditya Singh,CE,3,7.5,79.59,75
101706,Sneha Verma,CSE,7,8.0,98.32,50
101707,Isha Singh,ECE,8,8.5,12.08,85
101708,Aditya Jha,CSE,3,9.0,83.39,75
101709,Rohan Verma,ECE,7,7.5,35.44,50
101710,Aditya Singh,ME,2,8.0,82.47,75
101711,Diya Rao,EEE,2,8.0,4.52,85
101712,Sneha Jha,CE,8,8.5,43.57,75
101713,Isha Gupta,ECE,2,9.0,0.78,95
101714,Sneha Jha,CE,6,6.0,50.87,95
101715,Kabir Verma,ECE,5,8.5,4.83,65
101716,Aditya Rao,EEE,7,7.5,38.41,75
101717,Rohan Gupta,CSE,4,7.5,27.83,65
101718,Sneha Verma,ME,5,8.0,28.78,50
101719,Isha Singh,ECE,5,9.0,25.94,75
101720,Ananya Singh,ME,3,6.0,55.22,50
101721,Rohan Sharma,EEE,1,7.5,53.98,85
101722,Aarav Jha,CSE,6,8.0,94.18,95
101723,Vikram Jha,EEE,3,6.0,29.49,85
101724,Ananya Jha,CE,8,7.5,86.45,85
101725,Ananya Kumar,CSE,4,9.0,32.71,95
101726,Sneha Patel,CE,2,8.0,31.48,65
101727,Vikram Verma,EEE,6,6.0,55.82,75
101728,Aarav Sharma,ECE,3,8.5,87.21,85
101729,Priya Patel,CE,3,6.0,18.71,75
101730,Kabir Gupta,ECE,2,9.0,85.72,95
101731,Priya Sharma,CE,2,9.0,61.12,65
101732,Rohan Sharma,CE,5,7.5,63.1,50
101733,Sneha Jha,EEE,3,9.0,84.07,85
101734,Isha Jha,CE,6,8.0,29.54,85
101735,Ananya Patel,CE,8,8.0,66.24,85
101736,Rohan Jha,ME,2,7.5,39.81,95
101737,Isha Jha,EEE,7,7.5,2.9,75
101738,Aditya Singh,CE,1,8.5,32.32,95
101739,Sneha Reddy,CE,8,6.0,26.07,65
101740,Kabir Jha,ECE,6,9.0,4.56,85
101741,Vikram Singh,EEE,3,8.5,77.96,50
101742,Diya Rao,ME,3,9.0,1.99,85
101743,Aarav Reddy,CSE,6,8.5,76.68,95
101744,Ananya Sharma,EEE,4,6.0,19.84,65
101745,Aditya Reddy,ECE,5,9.0,91.07,95
101746,Vikram Singh,EEE,4,6.0,3.61,50
101747,Aditya Verma,EEE,7,7.5,4.23,50
101748,Kabir Sharma,ECE,4,9.0,74.99,85
101749,Vikram Reddy,ECE,5,8.0,7.65,50
101750,Vikram Sharma,CSE,3,7.5,58.82,95
101751,Priya Rao,ME,6,9.0,74.35,95
101752,Kabir Jha,ECE,2,7.5,65.61,85
101753,Vikram Patel,CE,2,8.0,40.63,50
101754,Isha Patel,EEE,4,6.0,99.32,65
101755,Vikram Kumar,EEE,2,6.0,57.79,95
101756,Vikram Singh,CE,6,6.0,10.89,95
101757,Sneha Gupta,CSE,2,8.0,20.77,85
101758,Diya Singh,CSE,3,9.0,83.81,95
101759,Diya Singh,CSE,8,7.5,31.15,75
101760,Rohan Sharma,ME,7,9.0,26.81,75
101761,Aditya Jha,EEE,8,7.5,65.2,65
101762,Isha Jha,EEE,2,6.0,42.57,95
101763,Vikram Gupta,CSE,3,8.5,12.15,75
101764,Isha Verma,CSE,7,7.5,62.62,50
101765,Isha Gupta,EEE,7,8.5,29.68,85
101766,Kabir Patel,EEE,6,8.0,37.16,95
101767,Rohan Gupta,ME,4,8.5,95.2,50
101768,Aditya Rao,ME,8,7.5,93.62,75
101769,Rohan Gupta,EEE,8,8.5,41.63,65
101770,Isha Verma,CSE,5,8.5,19.93,95
101771,Aditya Jha,ME,2,6.0,46.87,50
101772,Ananya Kumar,EEE,4,8.5,1.41,95
101773,Kabir Patel,CE,5,6.0,76.7,95
101774,Aditya Joshi,ECE,2,8.5,10.3,65
101775,Kabir Gupta,ME,2,8.5,52.23,65
101776,Vikram Kumar,EEE,5,7.5,73.73,95
101777,Isha Singh,ECE,1,8.0,98.91,75
101778,Diya Gupta,ECE,3,8.5,0.02,85
101779,Aarav Gupta,EEE,8,9.0,47.17,85
101780,Aditya Verma,ECE,7,8.0,38.55,95
101781,Sneha Patel,EEE,6,8.0,88.33,50
101782,Rohan Patel,ECE,7,9.0,49.01,75
101783,Kabir Verma,EEE,7,7.5,17.8,65
101784,Isha Kumar,CE,4,9.0,87.63,85
101785,Vikram Kumar,ECE,1,6.0,36.1,95
101786,Aarav Rao,ME,6,9.0,36.89,65
101787,Aditya Sharma,EEE,5,8.5,27.5,65
101788,Vikram Sharma,ME,5,8.5,97.11,50
101789,Isha Rao,CE,8,8.5,74.99,75
101790,Aditya Verma,CSE,6,8.5,89.43,85
101791,Rohan Gupta,CSE,7,9.0,11.94,65
101792,Aarav Kumar,CSE,5,9.0,19.42,95
101793,Aarav Kumar,ME,3,8.5,58.68,85
101794,Aditya Sharma,CE,7,7.5,66.96,95
101795,Priya Joshi,ECE,5,7.5,44.34,75
101796,Diya Singh,EEE,7,6.0,74.68,95
101797,Kabir Patel,EEE,6,8.5,46.63,95
101798,Ananya Rao,CE,2,8.5,9.06,95
101799,Ananya Gupta,ME,1,6.0,78.87,75
101800,Sneha Jha,CSE,4,7.5,68.09,95
101801,Rohan Patel,CSE,7,9.0,17.8,85
101802,Diya Kumar,CE,4,9.0,27.28,95
101803,Rohan Patel,ME,8,7.5,48.99,75
101804,Sneha Kumar,EEE,8,9.0,68.7,95
101805,Aarav Rao,CE,3,8.5,21.07,85
101806,Vikram Kumar,ME,4,7.5,96.85,75
101807,Kabir Verma,EEE,4,6.0,46.77,95
101808,Ananya Joshi,ECE,8,8.0,58.68,75
101809,Diya Reddy,EEE,1,6.0,10.46,75
101810,Aarav Gupta,CE,8,8.5,64.79,50
101811,Rohan Kumar,ME,3,8.5,18.62,85
101812,Isha Rao,CE,7,7.5,47.36,85
101813,Kabir Kumar,EEE,6,9.0,40.12,85
101814,Priya Joshi,CSE,7,8.5,26.94,65
101815,Vikram Rao,CSE,3,9.0,92.24,95
101816,Aditya Singh,EEE,3,7.5,33.31,75
101817,Ananya Patel,ECE,6,8.5,16.53,85
101818,Rohan Singh,ECE,5,8.0,18.46,75
101819,Vikram Verma,ECE,3,8.0,84.57,50
101820,Aarav Jha,ECE,6,8.0,54.98,85
101821,Priya Jha,CE,8,8.0,76.31,95
101822,Vikram Gupta,ME,3,9.0,32.71,95
101823,Vikram Rao,CE,2,7.5,66.99,50
101824,Aarav Singh,EEE,3,8.0,36.91,65
101825,Aditya Sharma,EEE,7,6.0,64.56,95
101826,Isha Singh,CSE,4,9.0,9.29,75
101827,Rohan Reddy,ECE,5,7.5,67.53,65
101828,Aarav Patel,CE,3,6.0,68.23,95
101829,Isha Verma,ME,2,9.0,40.45,65
101830,Rohan Kumar,ECE,7,6.0,1.16,75
101831,Vikram Reddy,CSE,5,7.5,74.21,50
101832,Diya Jha,EEE,6,8.0,71.2,95
101833,Sneha Verma,ECE,7,8.5,38.35,75
101834,Ananya Gupta,CSE,6,8.0,70.76,95
101835,Priya Joshi,EEE,8,7.5,46.48,65
101836,Ananya Jha,CE,6,9.0,59.93,95
101837,Kabir Reddy,ME,5,6.0,2.35,85
101838,Rohan Patel,ME,7,8.5,32.46,50
101839,Aarav Rao,CSE,6,9.0,53.13,50
101840,Priya Gupta,CSE,2,8.5,14.46,75
101841,Vikram Patel,ME,8,7.5,24.41,75
101842,Aditya Rao,CE,1,6.0,37.28,95
101843,Diya Verma,CE,2,8.5,63.67,95
101844,Vikram Reddy,CSE,3,8.5,25.69,75
101845,Ananya Reddy,CSE,4,8.5,99.49,85
101846,Aditya Joshi,ECE,1,8.5,47.29,50
101847,Vikram Patel,ECE,5,8.5,4.57,75
101848,Rohan Patel,ME,1,7.5,1.87,75
101849,Rohan Patel,ME,8,6.0,97.59,95
101850,Ananya Singh,ECE,1,8.5,22.11,75
101851,Kabir Rao,CE,7,9.0,32.88,85
101852,Isha Joshi,CSE,6,6.0,34.64,65
101853,Rohan Jha,CE,4,9.0,17.0,65
101854,Kabir Reddy,CSE,2,8.0,56.13,85
101855,Ananya Singh,EEE,6,8.0,75.09,95
101856,Isha Sharma,ECE,3,8.0,56.49,50
101857,Aarav Patel,EEE,8,6.0,37.53,75
101858,Rohan Reddy,EEE,2,8.0,21.83,50
101859,Diya Patel,ECE,3,9.0,98.44,75
101860,Aditya Reddy,ME,4,6.0,59.92,50
101861,Sneha Verma,ME,7,8.5,40.4,50
101862,Isha Patel,CE,3,7.5,17.76,50
101863,Aarav Joshi,ME,8,8.5,68.34,95
101864,Vikram Rao,CE,7,9.0,63.64,75
101865,Priya Gupta,EEE,2,7.5,73.21,85
101866,Sneha Rao,ECE,3,7.5,47.19,75
101867,Sneha Sharma,EEE,7,9.0,86.34,85
101868,Isha Kumar,ECE,3,6.0,71.28,75
101869,Sneha Gupta,ME,2,8.5,20.7,75
101870,Isha Singh,EEE,8,9.0,79.68,95
101871,Aditya Verma,EEE,6,8.5,90.89,95
101872,Isha Verma,CSE,1,7.5,40.63,75
101873,Isha Reddy,CSE,7,6.0,88.34,75
101874,Ananya Rao,EEE,1,9.0,82.78,85
101875,Kabir Reddy,CSE,6,9.0,92.74,65
101876,Isha Reddy,CSE,2,9.0,26.25,75
101877,Ananya Gupta,ME,7,6.0,14.2,65
101878,Isha Singh,ME,2,8.5,69.37,50
101879,Isha Singh,ME,6,8.5,44.47,95
101880,Isha Patel,EEE,5,8.5,76.13,50
101881,Aditya Patel,CSE,4,7.5,56.35,65
101882,Kabir Patel,ECE,5,6.0,43.99,50
101883,Rohan Gupta,ECE,5,8.0,25.73,50
101884,Aarav Singh,EEE,5,6.0,1.21,95
101885,Aditya Joshi,CE,8,7.5,17.04,85
101886,Rohan Rao,EEE,6,6.0,37.8,85
101887,Rohan Joshi,CE,3,6.0,37.99,85
101888,Ananya Kumar,ECE,5,9.0,15.01,65
101889,Ananya Singh,ME,8,6.0,91.27,85
101890,Aditya Singh,ECE,6,9.0,39.85,85
101891,Sneha Joshi,CSE,5,8.5,53.48,75
101892,Aditya Verma,CSE,8,8.5,24.8,85
101893,Rohan Singh,ECE,8,6.0,97.94,75
101894,Aditya Patel,CSE,4,8.5,91.75,75
101895,Aditya Patel,CSE,4,7.5,58.57,50
101896,Isha Jha,CSE,1,8.0,63.39,50
101897,Isha Verma,CE,2,6.0,9.99,95
101898,Priya Rao,CE,5,6.0,58.17,50
101899,Isha Singh,EEE,8,6.0,25.17,50
101900,Diya Patel,CE,3,9.0,48.33,65
101901,Kabir Patel,EEE,4,8.5,67.78,50
101902,Kabir Jha,CSE,3,8.5,31.92,65
101903,Isha Jha,ECE,3,6.0,43.2,50
101904,Ananya Jha,ME,3,6.0,10.87,95
101905,Priya Patel,EEE,5,9.0,53.04,50
101906,Kabir Rao,ECE,3,8.5,19.19,95
101907,Rohan Gupta,EEE,3,9.0,51.65,85
101908,Diya Reddy,ME,4,6.0,47.2,95
101909,Sneha Gupta,ME,6,6.0,82.92,95
101910,Isha Patel,CE,7,6.0,0.57,75
101911,Aarav Reddy,ME,3,7.5,76.7,65
101912,Priya Singh,ME,5,7.5,2.37,85
101913,Vikram Kumar,EEE,4,8.5,61.76,65
101914,Kabir Verma,CSE,4,8.0,72.28,75
101915,Diya Jha,CSE,7,8.5,90.89,75
101916,Priya Patel,EEE,7,8.0,5.61,50
101917,Kabir Joshi,ME,8,8.0,11.1,50
101918,Ananya Kumar,CE,3,8.5,58.98,95
101919,Priya Joshi,CSE,8,8.0,57.27,65
101920,Kabir Joshi,EEE,5,8.0,14.05,95
101921,Ananya Kumar,ME,8,7.5,21.48,65
101922,Isha Singh,CE,6,6.0,67.77,65
101923,Kabir Patel,EEE,1,6.0,64.22,65
101924,Vikram Jha,CSE,1,9.0,51.23,75
101925,Diya Reddy,CSE,6,7.5,49.2,50
101926,Sneha Verma,CSE,2,8.5,78.06,85
101927,Rohan Joshi,CSE,8,8.0,99.29,65
101928,Ananya Reddy,ME,8,8.0,88.05,95
101929,Rohan Kumar,CSE,3,7.5,33.98,65
101930,Vikram Sharma,CE,5,8.0,82.82,85
101931,Aarav Singh,ME,7,6.0,85.56,95
101932,Sneha Joshi,CE,4,7.5,57.44,85
101933,Diya Gupta,ECE,3,6.0,18.16,50
101934,Aditya Rao,CSE,3,8.0,95.47,85
101935,Sneha Singh,ECE,4,8.5,42.43,75
101936,Priya Singh,ME,1,8.0,89.89,50
101937,Ananya Reddy,CSE,8,8.5,85.42,85
101938,Vikram Sharma,CE,8,7.5,20.56,50
101939,Diya Verma,CSE,3,8.0,57.83,75
101940,Ananya Gupta,ECE,2,9.0,74.06,95
101941,Sneha Reddy,ECE,4,8.0,79.98,95
101942,Isha Patel,EEE,2,8.0,1.61,85
101943,Vikram Reddy,CSE,6,6.0,31.0,85
101944,Vikram Patel,ECE,2,9.0,81.02,65
101945,Aarav Patel,ME,1,8.5,24.9,50
101946,Aarav Gupta,EEE,3,8.5,46.98,75
101947,Aarav Rao,ECE,5,8.5,41.49,95
101948,Vikram Gupta,ECE,3,7.5,81.03,85
101949,Sneha Verma,ECE,1,9.0,30.61,50
101950,Sneha Patel,EEE,6,8.0,2.58,50
101951,Isha Sharma,ECE,7,8.0,37.7,75
101952,Aditya Gupta,ECE,2,6.0,89.72,50
101953,Vikram Verma,CSE,8,8.0,41.51,75
101954,Isha Gupta,EEE,1,8.5,46.95,50
101955,Rohan Kumar,EEE,6,6.0,66.84,75
101956,Isha Jha,EEE,4,6.0,51.47,50
101957,Priya Verma,CSE,7,8.5,61.5,65
101958,Priya Patel,ECE,5,7.5,97.4,85
101959,Diya Joshi,EEE,5,8.0,13.17,95
101960,Sneha Gupta,EEE,1,6.0,79.98,50
101961,Aarav Singh,ECE,1,7.5,3.41,95
101962,Rohan Reddy,ME,1,8.5,48.38,50
101963,Priya Rao,CE,8,7.5,45.32,50
101964,Aditya Jha,CSE,5,9.0,51.45,95
101965,Sneha Gupta,ME,6,7.5,48.74,95
101966,Isha Verma,ME,5,8.0,36.54,75
101967,Aarav Joshi,ECE,2,8.5,45.74,50
101968,Ananya Joshi,ME,3,6.0,30.7,85
101969,Aditya Verma,EEE,3,6.0,94.12,50
101970,Priya Gupta,ECE,1,8.5,74.46,50
101971,Diya Gupta,EEE,1,9.0,36.27,95
101972,Aditya Gupta,ME,3,8.0,16.56,95
101973,Diya Singh,ECE,7,8.0,27.84,65
101974,Kabir Reddy,EEE,7,8.0,46.8,65
101975,Kabir Sharma,CSE,5,8.0,66.81,65
101976,Diya Rao,CSE,1,8.0,14.03,65
101977,Rohan Singh,CE,3,8.5,39.1,50
101978,Priya Kumar,CSE,4,9.0,27.62,75
101979,Ananya Rao,ECE,4,7.5,67.22,50
101980,Sneha Sharma,CSE,5,8.5,77.17,75
101981,Isha Singh,CE,5,9.0,54.13,95
101982,Isha Gupta,CSE,6,9.0,94.95,75
101983,Vikram Patel,CSE,8,8.0,16.85,75
101984,Isha Patel,ECE,2,6.0,73.18,95
101985,Sneha Singh,CE,7,6.0,63.81,95
101986,Kabir Patel,ME,6,9.0,83.63,75
101987,Ananya Sharma,CSE,8,9.0,49.5,95
101988,Vikram Patel,CSE,8,7.5,83.74,95
101989,Diya Joshi,CE,1,7.5,59.03,50
101990,Ananya Rao,CSE,2,8.0,23.86,75
101991,Diya Reddy,CE,1,9.0,78.81,85
101992,Diya Joshi,CSE,7,7.5,62.81,50
101993,Vikram Sharma,ECE,3,9.0,94.59,65
101994,Kabir Reddy,CSE,8,9.0,25.35,85
101995,Sneha Kumar,ECE,5,8.5,4.78,65
101996,Kabir Gupta,ECE,6,8.0,75.33,50
101997,Rohan Jha,CSE,6,9.0,53.82,95
101998,Sneha Patel,CSE,2,7.5,31.29,65
101999,Rohan Reddy,ECE,5,9.0,48.54,95
102000,Isha Kumar,ECE,3,8.0,11.15,65
102001,Kabir Joshi,EEE,5,8.0,53.83,95
102002,Diya Verma,ECE,2,6.0,59.8,50
102003,Vikram Patel,ECE,6,7.5,39.68,85
102004,Ananya Patel,EEE,2,7.5,22.48,95
102005,Priya Joshi,ECE,5,9.0,22.45,85
102006,Priya Singh,ECE,8,8.0,21.6,95
102007,Kabir Singh,CSE,8,7.5,41.45,75
102008,Diya Singh,CE,3,8.0,58.09,75
102009,Diya Reddy,ME,6,9.0,26.36,95
102010,Sneha Singh,ME,6,8.5,69.32,50
102011,Priya Joshi,EEE,3,8.5,91.75,75
102012,Isha Joshi,ME,2,8.0,60.41,75
102013,Sneha Joshi,ECE,8,8.0,83.66,65
102014,Diya Jha,CE,7,9.0,99.58,95
102015,Aditya Jha,EEE,1,7.5,47.66,65
102016,Rohan Verma,ME,2,7.5,27.61,75
102017,Aarav Rao,CE,7,6.0,94.27,95
102018,Priya Jha,ME,5,6.0,56.99,85
102019,Vikram Gupta,EEE,6,6.0,97.09,95
102020,Sneha Rao,CSE,2,9.0,52.98,75
102021,Rohan Singh,ECE,3,8.5,2.95,75
102022,Ananya Kumar,CSE,2,7.5,57.4,95
102023,Vikram Reddy,CE,8,7.5,34.33,85
102024,Kabir Kumar,ECE,7,8.5,49.97,95
102025,Kabir Reddy,ECE,4,7.5,64.72,95
102026,Sneha Jha,CSE,5,7.5,60.62,85
102027,Aarav Kumar,CSE,3,8.0,98.51,95
102028,Aarav Kumar,CE,5,9.0,90.51,85
102029,Sneha Verma,ECE,4,8.5,49.82,95
102030,Priya Kumar,CSE,3,6.0,57.4,85
102031,Rohan Joshi,ECE,8,9.0,3.88,95
102032,Ananya Patel,ME,2,6.0,18.04,50
102033,Rohan Verma,CE,4,8.0,99.73,50
102034,Isha Joshi,CE,8,7.5,66.87,50
102035,Sneha Singh,ME,3,8.0,81.76,85
102036,Vikram Sharma,ME,1,9.0,92.11,65
102037,Diya Verma,EEE,2,9.0,32.06,95
102038,Diya Rao,EEE,7,7.5,64.32,65
102039,Sneha Gupta,CE,4,9.0,62.63,85
102040,Vikram Reddy,CSE,8,7.5,10.43,75
102041,Isha Rao,CE,5,8.0,78.64,95
102042,Aarav Joshi,CSE,4,8.5,30.71,65
102043,Diya Joshi,ECE,6,7.5,53.43,85
102044,Kabir Reddy,ECE,6,7.5,5.24,85
102045,Vikram Joshi,EEE,3,7.5,68.11,95
102046,Priya Verma,CE,3,8.0,71.24,95
102047,Priya Jha,ECE,1,8.0,38.15,95
102048,Ananya Patel,CSE,4,9.0,91.52,50
102049,Rohan Reddy,ECE,6,6.0,40.2,75
102050,Rohan Rao,ECE,5,8.0,42.28,85
102051,Kabir Singh,ME,7,8.0,41.59,95
102052,Vikram Patel,ECE,8,8.5,1.04,65
102053,Vikram Sharma,CE,3,9.0,22.3,85
102054,Ananya Verma,ECE,8,9.0,53.69,95
102055,Kabir Reddy,ME,5,6.0,57.01,75
102056,Ananya Reddy,ECE,2,6.0,49.8,85
102057,Aditya Sharma,CE,8,8.0,22.86,75
102058,Rohan Verma,CSE,4,6.0,37.09,50
102059,Rohan Jha,EEE,1,8.0,50.36,65
102060,Priya Kumar,CSE,1,8.0,34.13,85
102061,Rohan Kumar,CE,4,6.0,5.64,95
102062,Rohan Patel,EEE,2,8.5,62.72,50
102063,Isha Sharma,CE,2,6.0,60.17,50
102064,Aditya Gupta,ECE,6,6.0,68.48,65
102065,Aditya Joshi,CSE,3,6.0,32.17,50
102066,Rohan Verma,ECE,1,7.5,56.27,75
102067,Diya Verma,ECE,1,7.5,7.39,85
102068,Isha Rao,CE,5,8.0,38.68,50
102069,Priya Jha,EEE,5,8.5,98.8,65
102070,Isha Gupta,CE,6,9.0,28.69,85
102071,Rohan Reddy,ME,3,7.5,2.09,65
102072,Rohan Sharma,CE,7,8.0,54.15,95
102073,Vikram Gupta,ME,4,8.0,42.11,95
102074,Isha Jha,CE,7,8.5,33.78,95
102075,Vikram Gupta,EEE,4,7.5,71.26,85
102076,Priya Rao,ME,8,6.0,76.4,50
102077,Sneha Patel,ECE,7,7.5,10.87,95
102078,Isha Patel,EEE,7,9.0,21.72,75
102079,Rohan Reddy,EEE,7,8.0,44.3,75
102080,Priya Reddy,EEE,3,9.0,74.6,65
102081,Rohan Reddy,EEE,4,9.0,31.65,50
102082,Rohan Jha,ME,1,8.0,78.7,85
102083,Aarav Sharma,CSE,6,6.0,31.33,85
102084,Priya Gupta,ECE,5,7.5,36.29,85
102085,Diya Jha,CE,6,6.0,28.97,50
102086,Aditya Gupta,ECE,3,9.0,53.23,95
102087,Vikram Gupta,EEE,8,6.0,28.12,65
102088,Ananya Gupta,CE,2,9.0,13.56,95
102089,Isha Reddy,CE,3,8.5,58.62,65
102090,Isha Rao,EEE,3,6.0,1.99,85
102091,Diya Kumar,ME,2,7.5,6.89,95
102092,Diya Patel,CE,3,7.5,93.5,85
102093,Priya Kumar,ME,2,6.0,98.36,85
102094,Aarav Rao,EEE,7,9.0,36.52,85
102095,Priya Joshi,ME,1,8.5,90.58,95
102096,Priya Patel,ME,8,9.0,33.75,75
102097,Isha Verma,ME,1,8.0,97.82,95
102098,Aarav Rao,CSE,5,8.5,90.45,95
102099,Vikram Sharma,ME,7,8.0,80.31,95
102100,Vikram Reddy,ME,3,7.5,71.91,50
102101,Priya Jha,ME,5,8.5,44.99,65
102102,Ananya Kumar,EEE,2,7.5,12.85,65
102103,Ananya Singh,CSE,3,7.5,15.4,50
102104,Ananya Verma,CSE,1,8.5,34.11,65
102105,Ananya Gupta,EEE,8,8.0,33.09,95
102106,Ananya Rao,CSE,1,6.0,19.95,85
102107,Ananya Gupta,CSE,2,7.5,79.16,85
102108,Priya Sharma,CSE,7,8.0,52.93,65
102109,Priya Jha,EEE,3,8.0,73.16,95
102110,Aarav Jha,ECE,1,8.0,97.42,85
102111,Rohan Joshi,EEE,4,9.0,70.29,65
102112,Priya Gupta,ME,4,7.5,63.53,95
102113,Kabir Rao,CE,5,8.5,25.09,75
102114,Priya Joshi,CSE,5,7.5,16.13,75
102115,Ananya Jha,ME,1,7.5,81.77,50
102116,Isha Sharma,CSE,6,8.0,91.63,50
102117,Diya Verma,EEE,5,7.5,31.91,75
102118,Isha Kumar,CE,5,6.0,31.35,95
102119,Priya Singh,EEE,3,6.0,35.29,75
102120,Isha Kumar,CE,8,6.0,46.44,95
102121,Rohan Reddy,CE,1,7.5,78.83,75
102122,Rohan Reddy,ME,1,8.0,81.74,50
102123,Rohan Rao,ECE,4,7.5,39.13,85
102124,Kabir Kumar,ECE,1,7.5,15.83,75
102125,Kabir Singh,ECE,8,6.0,49.91,95
102126,Rohan Jha,CSE,6,7.5,6.69,85
102127,Isha Rao,ME,3,9.0,94.33,65
102128,Vikram Jha,CSE,5,8.0,33.86,65
102129,Diya Reddy,EEE,2,8.5,52.96,50
102130,Sneha Gupta,ME,8,8.5,44.71,75
102131,Priya Singh,ME,4,6.0,90.26,75
102132,Isha Patel,EEE,6,8.0,33.11,50
102133,Rohan Kumar,EEE,4,9.0,60.94,95
102134,Isha Rao,CE,1,7.5,88.07,65
102135,Rohan Rao,ME,2,9.0,46.27,85
102136,Kabir Verma,CE,7,6.0,79.13,50
102137,Rohan Kumar,CSE,8,7.5,63.31,50
102138,Sneha Rao,CE,3,7.5,95.67,85
102139,Sneha Rao,EEE,4,6.0,64.58,65
102140,Diya Verma,ME,1,9.0,19.49,95
102141,Kabir Singh,CE,7,9.0,85.27,65
102142,Kabir Singh,ECE,5,7.5,65.16,65
102143,Vikram Verma,ME,8,7.5,99.3,95
102144,Vikram Joshi,ECE,8,9.0,10.77,85
102145,Isha Patel,ECE,8,8.0,58.65,75
102146,Aarav Verma,CSE,6,8.0,36.88,50
102147,Vikram Joshi,CSE,7,7.5,39.55,65
102148,Diya Sharma,ME,6,8.5,56.85,85
102149,Aarav Gupta,CE,2,6.0,13.99,85
102150,Aditya Gupta,ECE,2,9.0,97.23,85
102151,Ananya Reddy,ME,2,8.5,54.51,50
102152,Vikram Reddy,ECE,2,8.5,44.85,85
102153,Kabir Singh,ECE,1,8.0,55.77,75
102154,Priya Jha,CSE,1,7.5,23.27,50
102155,Rohan Joshi,ME,6,8.5,63.43,50
102156,Aarav Joshi,ME,8,8.5,71.47,85
102157,Aditya Verma,CSE,4,6.0,20.88,65
102158,Isha Sharma,ME,2,8.0,36.81,95
102159,Vikram Singh,ECE,1,9.0,74.43,65
102160,Kabir Joshi,ME,7,7.5,20.16,65
102161,Kabir Kumar,ECE,6,6.0,39.26,65
102162,Kabir Jha,CSE,8,9.0,65.14,95
102163,Vikram Singh,ECE,2,9.0,80.46,95
102164,Priya Singh,EEE,5,8.0,67.42,50
102165,Kabir Kumar,CE,1,6.0,22.98,95
102166,Priya Joshi,CSE,5,8.5,82.96,50
102167,Priya Jha,CE,6,8.0,39.08,75
102168,Rohan Jha,CE,5,7.5,66.7,65
102169,Ananya Rao,CSE,1,6.0,61.93,50
102170,Kabir Sharma,ME,8,7.5,56.81,85
102171,Ananya Sharma,ME,4,7.5,97.09,75
102172,Sneha Verma,ME,7,8.5,29.75,75
102173,Ananya Patel,ECE,5,9.0,93.22,95
102174,Ananya Sharma,CE,3,8.0,8.61,85
102175,Isha Rao,EEE,5,8.5,70.29,85
102176,Ananya Gupta,ECE,2,8.0,37.74,85
102177,Isha Reddy,CE,7,8.0,1.33,75
102178,Ananya Patel,ME,8,6.0,26.73,75
102179,Kabir Singh,ECE,8,8.5,99.58,75
102180,Diya Reddy,EEE,8,6.0,71.56,95
102181,Aarav Patel,ME,2,8.0,45.63,65
102182,Aditya Gupta,ME,6,8.0,54.08,65
102183,Sneha Reddy,ECE,7,8.0,98.35,75
102184,Kabir Gupta,CE,7,9.0,43.17,65
102185,Kabir Gupta,ME,6,8.0,45.08,50
102186,Rohan Sharma,ME,3,9.0,54.02,75
102187,Rohan Rao,ECE,4,6.0,39.64,50
102188,Ananya Joshi,EEE,1,8.0,57.55,75
102189,Aditya Gupta,ECE,6,9.0,32.55,75
102190,Aditya Reddy,EEE,7,8.5,35.11,75
102191,Ananya Singh,CE,3,6.0,89.52,75
102192,Aarav Joshi,CSE,8,8.5,7.22,75
102193,Priya Reddy,ME,4,7.5,9.66,75
102194,Aarav Sharma,CSE,5,7.5,18.57,75
102195,Ananya Verma,ME,8,8.0,42.19,65
102196,Vikram Sharma,EEE,5,7.5,37.49,95
102197,Vikram Rao,EEE,8,9.0,59.33,50
102198,Isha Sharma,CE,6,7.5,25.58,65
102199,Vikram Joshi,CSE,7,8.5,62.02,50
102200,Isha Sharma,CE,1,7.5,75.9,95
102201,Isha Patel,EEE,2,8.5,72.43,75
102202,Ananya Jha,CE,6,9.0,98.4,50
102203,Sneha Patel,EEE,8,8.0,41.06,85
102204,Rohan Rao,CSE,8,9.0,18.12,85
102205,Diya Reddy,EEE,1,9.0,11.77,85
102206,Isha Gupta,CE,5,7.5,3.98,65
102207,Sneha Reddy,CSE,3,8.0,7.68,65
102208,Isha Singh,CSE,7,6.0,80.68,50
102209,Vikram Sharma,ME,3,9.0,86.56,95
102210,Isha Singh,CE,2,9.0,13.92,85
102211,Diya Rao,CSE,8,8.5,79.43,50
102212,Aarav Joshi,ME,2,6.0,3.35,50
102213,Aditya Reddy,CSE,2,9.0,87.78,85
102214,Sneha Jha,CE,4,8.5,87.55,65
102215,Aarav Gupta,CSE,3,6.0,44.61,65
102216,Sneha Joshi,ME,8,9.0,79.0,85
102217,Diya Reddy,CSE,1,8.5,14.74,75
102218,Vikram Sharma,ME,1,7.5,1.22,75
102219,Kabir Rao,EEE,1,9.0,81.15,50
102220,Priya Jha,ECE,4,9.0,47.83,95
102221,Ananya Gupta,CE,2,9.0,12.7,75
102222,Rohan Verma,CE,2,8.5,24.71,95
102223,Vikram Kumar,ECE,5,6.0,75.24,85
102224,Sneha Reddy,CSE,4,7.5,93.08,50
102225,Isha Rao,ECE,3,8.0,94.94,95
102226,Vikram Gupta,ECE,5,8.5,7.51,95
102227,Aarav Reddy,CSE,2,9.0,77.7,65
102228,Aarav Kumar,ME,7,7.5,65.02,95
102229,Kabir Joshi,EEE,6,8.0,85.54,75
102230,Aditya Jha,CE,3,6.0,9.1,75
102231,Sneha Joshi,EEE,2,6.0,26.82,50
102232,Kabir Rao,EEE,4,9.0,90.58,65
102233,Diya Singh,ME,5,8.0,33.5,85
102234,Vikram Patel,ME,7,8.5,18.84,85
102235,Rohan Patel,ECE,6,7.5,55.29,50
102236,Isha Rao,EEE,3,9.0,72.27,95
102237,Priya Singh,EEE,6,6.0,64.75,75
102238,Sneha Singh,CE,8,9.0,93.25,50
102239,Aditya Kumar,ECE,5,9.0,25.25,50
102240,Aditya Reddy,CSE,2,7.5,93.41,85
102241,Isha Joshi,EEE,5,7.5,42.05,85
102242,Aarav Reddy,CE,2,8.0,38.69,85
102243,Rohan Gupta,CSE,6,6.0,99.42,50
102244,Ananya Patel,CSE,5,6.0,9.59,50
102245,Vikram Singh,CSE,1,6.0,33.76,75
102246,Kabir Patel,CE,4,8.5,61.83,85
102247,Kabir Joshi,ME,4,7.5,55.37,50
102248,Priya Gupta,CE,4,6.0,1.74,50
102249,Ananya Rao,EEE,5,9.0,12.46,75
102250,Vikram Singh,ECE,8,9.0,89.19,75
102251,Kabir Verma,CSE,4,8.0,43.52,85
102252,Vikram Jha,ECE,4,9.0,8.2,65
102253,Isha Jha,ECE,7,9.0,75.07,65
102254,Aditya Patel,ECE,8,9.0,87.51,50
102255,Sneha Sharma,CE,7,7.5,60.66,75
102256,Rohan Verma,EEE,7,6.0,40.4,50
102257,Sneha Kumar,CE,5,8.0,29.07,85
102258,Vikram Rao,CE,1,8.5,56.33,85
102259,Ananya Jha,CSE,7,9.0,35.95,85
102260,Isha Reddy,CE,7,8.0,25.49,95
102261,Kabir Kumar,ME,8,8.0,21.91,85
102262,Aditya Rao,EEE,4,6.0,97.92,75
102263,Aarav Singh,CSE,3,9.0,69.53,50
102264,Kabir Verma,EEE,5,6.0,29.32,50
102265,Kabir Gupta,ECE,7,8.0,52.05,75
102266,Ananya Rao,CSE,3,7.5,47.02,95
102267,Rohan Singh,CSE,4,8.5,7.7,50
102268,Ananya Patel,ECE,2,8.5,55.34,65
102269,Rohan Gupta,EEE,3,6.0,0.87,75
102270,Kabir Joshi,CSE,1,7.5,16.7,50
102271,Rohan Gupta,ECE,6,6.0,27.93,65
102272,Isha Gupta,CSE,4,9.0,60.6,85
102273,Ananya Reddy,ECE,1,8.0,52.89,50
102274,Vikram Joshi,EEE,7,9.0,46.66,65
102275,Aditya Kumar,EEE,7,6.0,52.35,50
102276,Rohan Joshi,CE,3,8.5,20.69,50
102277,Sneha Patel,CSE,7,8.5,29.95,65
102278,Sneha Jha,ECE,1,8.0,77.51,75
102279,Rohan Jha,EEE,3,9.0,30.2,95
102280,Rohan Sharma,ECE,8,8.5,39.92,50
102281,Isha Kumar,ECE,8,8.5,95.96,85
102282,Rohan Verma,ME,6,8.5,46.51,65
102283,Vikram Verma,EEE,5,6.0,51.26,85
102284,Aarav Jha,CSE,6,8.5,31.03,75
102285,Rohan Sharma,CSE,3,6.0,56.16,50
102286,Aarav Joshi,ECE,6,8.5,40.34,65
102287,Isha Kumar,EEE,6,8.0,5.09,95
102288,Diya Verma,CE,8,8.0,51.4,65
102289,Aditya Rao,EEE,2,8.0,15.33,75
102290,Sneha Jha,ME,3,8.0,91.5,85
102291,Diya Reddy,ME,7,9.0,4.4,85
102292,Rohan Singh,CE,4,7.5,82.59,95
102293,Vikram Joshi,EEE,5,6.0,21.06,95
102294,Rohan Sharma,ME,8,9.0,21.91,65
102295,Isha Verma,CSE,8,8.5,34.27,65
102296,Sneha Jha,ME,6,8.0,32.65,95
102297,Diya Joshi,ME,4,8.0,2.22,85
102298,Kabir Kumar,EEE,5,6.0,72.43,85
102299,Aarav Rao,ME,5,9.0,14.8,95
102300,Priya Singh,CE,3,9.0,69.74,65
102301,Sneha Reddy,CE,7,8.5,29.91,75
102302,Rohan Rao,CE,2,6.0,92.61,50
102303,Vikram Reddy,CE,3,8.0,97.84,95
102304,Sneha Verma,ME,4,6.0,99.78,50
102305,Diya Singh,CE,7,7.5,28.65,85
102306,Rohan Kumar,ECE,6,6.0,85.32,65
102307,Ananya Verma,CSE,3,8.5,49.26,75
102308,Rohan Sharma,CSE,8,8.5,13.35,75
102309,Sneha Rao,CSE,1,8.5,30.98,85
102310,Aarav Rao,CSE,1,6.0,82.14,50
102311,Rohan Reddy,CE,2,8.0,29.14,65
102312,Ananya Rao,ME,3,8.5,60.62,65
102313,Rohan Joshi,CSE,8,7.5,68.9,85
102314,Vikram Kumar,ECE,8,8.0,35.88,75
102315,Kabir Patel,CE,7,7.5,23.51,75
102316,Sneha Singh,ECE,8,8.0,15.52,85
102317,Aarav Rao,CSE,3,8.5,44.89,95
102318,Ananya Patel,ME,6,6.0,71.86,50
102319,Vikram Verma,EEE,5,8.0,20.98,65
102320,Aarav Kumar,ECE,7,8.5,6.61,50
102321,Kabir Reddy,ECE,8,8.5,96.66,75
102322,Sneha Jha,ECE,6,9.0,70.74,85
102323,Sneha Rao,ECE,1,9.0,16.42,95
102324,Vikram Verma,CE,6,7.5,88.42,75
102325,Aditya Rao,CE,5,9.0,72.08,95
102326,Aarav Sharma,ME,6,7.5,37.3,95
102327,Ananya Jha,EEE,4,8.5,33.25,95
102328,Aditya Patel,EEE,7,8.0,99.36,85
102329,Diya Singh,CE,1,9.0,71.91,50
102330,Kabir Joshi,CE,1,8.5,1.79,85
102331,Ananya Jha,CE,8,8.0,60.88,95
102332,Sneha Rao,ECE,8,6.0,89.15,75
102333,Priya Rao,ME,7,8.0,53.07,75
102334,Priya Jha,ECE,7,8.0,4.78,50
102335,Kabir Joshi,EEE,7,7.5,86.85,65
102336,Kabir Rao,CSE,8,7.5,21.34,50
102337,Aditya Patel,CSE,4,7.5,38.9,75
102338,Sneha Gupta,EEE,4,9.0,42.95,95
102339,Priya Jha,CSE,2,6.0,74.94,75
102340,Rohan Patel,ME,7,7.5,42.64,85
102341,Rohan Kumar,CSE,5,8.0,54.23,65
102342,Ananya Verma,ECE,2,8.0,0.33,95
102343,Ananya Patel,ECE,2,9.0,33.75,50
102344,Aditya Jha,EEE,2,8.0,61.44,95
102345,Ananya Kumar,CSE,6,8.5,80.66,75
102346,Kabir Sharma,EEE,2,8.0,16.23,75
102347,Rohan Joshi,EEE,4,9.0,92.47,65
102348,Sneha Sharma,ME,7,8.5,43.24,65
102349,Vikram Singh,ECE,4,8.5,48.34,65
102350,Ananya Singh,CE,8,6.0,64.25,75
102351,Aarav Sharma,CE,4,6.0,35.54,85
102352,Sneha Kumar,CE,1,9.0,86.2,95
102353,Rohan Verma,EEE,2,7.5,47.34,95
102354,Aditya Kumar,CSE,1,8.0,63.81,65
102355,Kabir Joshi,CE,5,8.0,10.66,50
102356,Rohan Patel,CE,3,9.0,84.97,75
102357,Aditya Kumar,CSE,8,6.0,29.98,75
102358,Aarav Patel,ME,3,9.0,86.95,95
102359,Diya Rao,CSE,6,6.0,97.46,50
102360,Sneha Kumar,CSE,3,8.5,58.22,50
102361,Priya Sharma,ME,5,8.5,55.02,85
102362,Ananya Joshi,EEE,5,6.0,65.79,95
102363,Vikram Sharma,ME,7,8.5,33.33,85
102364,Aarav Gupta,CSE,2,7.5,58.83,75
102365,Isha Sharma,CE,6,6.0,10.69,95
102366,Diya Joshi,ECE,2,7.5,18.51,95
102367,Ananya Sharma,CE,4,7.5,12.67,65
102368,Aditya Singh,CE,1,6.0,87.51,50
102369,Priya Jha,EEE,4,9.0,21.1,65
102370,Vikram Singh,EEE,5,8.5,40.45,65
102371,Vikram Rao,ME,5,7.5,85.61,95
102372,Vikram Patel,EEE,8,8.0,11.46,65
102373,Priya Patel,ECE,3,9.0,58.02,95
102374,Priya Gupta,CSE,4,7.5,74.49,75
102375,Ananya Reddy,ECE,4,8.5,11.26,50
102376,Priya Verma,CSE,7,7.5,20.63,85
102377,Rohan Verma,ME,6,8.5,37.87,65
102378,Kabir Jha,ECE,3,6.0,35.32,95
102379,Priya Jha,CE,5,7.5,25.21,75
102380,Isha Gupta,CSE,1,8.5,52.43,50
102381,Vikram Verma,ME,3,8.0,17.71,85
102382,Aarav Jha,EEE,2,8.5,34.78,65
102383,Priya Jha,ECE,5,6.0,96.35,85
102384,Rohan Jha,ECE,8,8.0,1.71,65
102385,Isha Reddy,ECE,3,8.5,72.12,65
102386,Kabir Verma,ME,5,9.0,2.03,85
102387,Ananya Singh,ME,5,9.0,75.77,85
102388,Aditya Rao,EEE,3,9.0,97.75,50
102389,Rohan Sharma,ME,7,7.5,0.15,85
102390,Rohan Verma,ME,7,6.0,80.46,95
102391,Priya Reddy,EEE,6,8.0,47.19,65
102392,Priya Kumar,CSE,6,9.0,75.89,85
102393,Sneha Jha,ECE,7,9.0,1.64,65
102394,Ananya Rao,ECE,4,7.5,4.39,95
102395,Vikram Joshi,CSE,2,9.0,97.59,65
102396,Rohan Singh,ECE,4,7.5,3.66,85
102397,Diya Reddy,CSE,5,9.0,88.98,50
102398,Ananya Kumar,ECE,2,9.0,25.03,75
102399,Aditya Singh,CSE,8,8.5,54.11,50
102400,Aarav Jha,ECE,7,8.5,10.01,95
102401,Diya Singh,EEE,5,7.5,69.64,50
102402,Isha Joshi,ECE,1,6.0,98.07,65
102403,Aarav Patel,ECE,3,6.0,23.42,75
102404,Rohan Singh,ECE,4,8.5,46.09,75
102405,Isha Singh,EEE,3,8.0,72.57,50
102406,Priya Kumar,ME,7,8.0,6.33,95
102407,Isha Reddy,CSE,3,9.0,53.3,85
102408,Vikram Verma,CSE,3,9.0,15.37,95
102409,Vikram Singh,ECE,5,8.5,71.37,75
102410,Aditya Rao,EEE,6,9.0,15.74,65
102411,Aditya Rao,ECE,8,9.0,61.09,85
102412,Kabir Kumar,ME,4,8.0,79.83,95
102413,Priya Reddy,ME,7,7.5,46.49,65
102414,Diya Verma,ECE,1,6.0,70.03,95
102415,Aditya Jha,CE,3,7.5,17.98,95
102416,Rohan Singh,CSE,2,6.0,55.23,65
102417,Aditya Joshi,CSE,5,6.0,54.89,75
102418,Aarav Reddy,CE,4,8.5,79.0,65
102419,Ananya Joshi,ECE,8,7.5,72.09,50
102420,Ananya Kumar,CE,3,9.0,99.28,65
102421,Aarav Sharma,CSE,1,8.5,69.09,50
102422,Aarav Verma,ME,3,8.5,80.8,65
102423,Ananya Verma,ECE,8,7.5,9.83,95
102424,Aditya Kumar,CSE,1,8.5,98.84,95
102425,Vikram Verma,EEE,5,8.0,26.08,85
102426,Aditya Gupta,EEE,8,7.5,52.22,50
102427,Ananya Gupta,ECE,5,6.0,78.83,50
102428,Vikram Jha,CSE,7,9.0,4.41,95
102429,Aarav Patel,ECE,7,7.5,34.15,50
102430,Aditya Patel,EEE,3,8.0,56.3,95
102431,Vikram Gupta,ME,4,6.0,36.96,85
102432,Sneha Patel,ECE,7,6.0,55.25,50
102433,Isha Sharma,CE,4,7.5,60.21,65
102434,Aditya Jha,EEE,6,8.5,1.7,65
102435,Aditya Gupta,ECE,2,9.0,80.2,95
102436,Vikram Patel,EEE,2,8.0,91.52,85
102437,Aarav Patel,ME,3,6.0,47.36,50
102438,Aditya Singh,CE,4,8.0,6.42,95
102439,Priya Gupta,CSE,3,9.0,61.91,85
102440,Rohan Joshi,EEE,5,8.5,15.86,50
102441,Vikram Gupta,ME,7,9.0,30.96,85
102442,Kabir Verma,CE,1,8.0,29.16,65
102443,Vikram Gupta,ME,6,8.5,86.63,65
102444,Rohan Reddy,ECE,6,6.0,68.32,65
102445,Priya Sharma,CSE,8,8.5,41.12,85
102446,Kabir Joshi,EEE,1,9.0,73.08,95
102447,Priya Joshi,EEE,3,6.0,27.54,65
102448,Rohan Jha,EEE,1,7.5,33.99,85
102449,Aarav Patel,ECE,4,7.5,20.89,95
102450,Sneha Singh,EEE,5,9.0,88.35,85
102451,Vikram Singh,ECE,2,8.5,71.13,85
102452,Aditya Jha,CSE,1,7.5,19.86,95
102453,Ananya Singh,CE,4,6.0,64.4,95
102454,Aarav Reddy,CSE,2,6.0,91.81,65
102455,Aditya Jha,ME,7,8.5,96.07,75
102456,Aditya Joshi,CSE,1,6.0,20.87,65
102457,Aarav Rao,CSE,6,9.0,11.2,65
102458,Diya Joshi,CSE,4,9.0,33.39,50
102459,Isha Patel,ME,2,8.5,90.79,75
102460,Diya Singh,CE,6,8.5,34.58,85
102461,Ananya Patel,EEE,2,7.5,87.08,75
102462,Diya Patel,CSE,5,6.0,39.7,95
102463,Sneha Sharma,EEE,3,7.5,40.73,65
102464,Rohan Singh,EEE,3,6.0,45.13,75
102465,Sneha Reddy,CSE,2,8.5,3.65,65
102466,Kabir Gupta,EEE,7,6.0,4.29,50
102467,Aarav Kumar,ECE,8,9.0,42.87,65
102468,Aarav Joshi,CSE,2,8.0,42.65,95
102469,Aarav Singh,CSE,4,6.0,39.78,85
102470,Ananya Sharma,CE,3,8.0,7.27,95
102471,Priya Verma,ECE,4,9.0,34.05,65
102472,Vikram Joshi,EEE,3,8.0,10.88,50
102473,Isha Reddy,EEE,3,9.0,98.39,65
102474,Kabir Sharma,CSE,4,7.5,55.45,75
102475,Isha Singh,ME,5,8.5,86.28,85
102476,Aditya Gupta,CE,1,7.5,64.51,50
102477,Ananya Sharma,CSE,6,8.5,69.4,50
102478,Aarav Joshi,ME,2,9.0,28.58,50
102479,Aarav Jha,ME,3,6.0,59.79,75
102480,Diya Reddy,EEE,7,8.5,65.68,65
102481,Diya Rao,CE,2,8.0,29.55,65
102482,Sneha Rao,CE,4,8.5,56.53,65
102483,Aarav Joshi,ME,4,7.5,89.05,50
102484,Rohan Singh,ME,3,9.0,42.99,95
102485,Aditya Sharma,CE,1,8.0,47.3,95
102486,Ananya Jha,CE,1,6.0,17.39,95
102487,Kabir Joshi,ECE,4,6.0,66.25,50
102488,Priya Joshi,ECE,1,8.0,98.09,50
102489,Sneha Reddy,CSE,3,8.5,56.63,75
102490,Sneha Sharma,EEE,3,9.0,76.31,95
102491,Rohan Reddy,ME,2,9.0,38.24,85
102492,Sneha Reddy,CSE,4,7.5,48.19,65
102493,Ananya Gupta,ECE,6,6.0,98.05,85
102494,Ananya Patel,ECE,5,9.0,14.9,85
102495,Kabir Joshi,ME,1,8.5,83.25,65
102496,Isha Singh,CSE,1,8.5,51.39,75
102497,Vikram Reddy,CSE,1,7.5,97.97,95
102498,Aditya Singh,CSE,2,9.0,81.43,75
102499,Aarav Sharma,CSE,7,6.0,61.21,75
102500,Ananya Patel,EEE,2,7.5,32.14,65
102501,Vikram Gupta,EEE,4,8.0,94.94,95
102502,Vikram Gupta,CSE,6,9.0,27.98,65
102503,Isha Jha,CE,5,6.0,5.82,65
102504,Rohan Reddy,CE,3,9.0,34.46,50
102505,Ananya Jha,CE,7,6.0,98.2,85
102506,Diya Verma,ME,1,8.5,52.4,75
102507,Kabir Verma,ECE,4,6.0,23.21,75
102508,Sneha Kumar,ECE,4,6.0,96.1,85
102509,Isha Joshi,CSE,8,8.0,84.95,85
102510,Ananya Verma,EEE,3,8.5,11.26,65
102511,Vikram Singh,EEE,6,7.5,49.57,75
102512,Sneha Reddy,CSE,4,7.5,7.43,85
102513,Aditya Patel,ME,5,8.5,72.6,85
102514,Diya Kumar,CSE,3,8.0,29.4,85
102515,Ananya Reddy,ME,5,9.0,23.65,95
102516,Kabir Verma,CE,8,8.0,92.77,85
102517,Isha Joshi,ECE,3,8.0,83.4,50
102518,Ananya Jha,EEE,3,7.5,19.34,65
102519,Vikram Gupta,EEE,6,8.0,49.13,50
102520,Diya Jha,ECE,7,8.0,23.16,85
102521,Priya Verma,EEE,3,9.0,99.59,50
102522,Aarav Kumar,ECE,8,6.0,2.29,75
102523,Diya Joshi,CE,7,7.5,99.45,85
102524,Isha Sharma,CE,8,8.5,40.51,75
102525,Rohan Sharma,ME,1,6.0,14.36,95
102526,Rohan Gupta,ECE,6,8.5,15.92,50
102527,Sneha Sharma,ME,8,7.5,68.67,50
102528,Diya Gupta,CSE,3,8.5,57.06,75
102529,Diya Reddy,CE,1,9.0,53.43,75
102530,Kabir Singh,CE,5,8.5,86.81,95
102531,Rohan Sharma,ME,1,7.5,69.18,95
102532,Aditya Reddy,EEE,5,8.5,29.19,65
102533,Kabir Rao,ME,2,7.5,28.36,65
102534,Aditya Joshi,CE,1,9.0,44.14,95
102535,Rohan Singh,EEE,7,6.0,47.76,95
102536,Rohan Sharma,EEE,8,8.0,78.02,75
102537,Ananya Jha,CE,8,8.5,14.99,85
102538,Diya Reddy,EEE,8,7.5,15.39,75
102539,Sneha Joshi,EEE,4,7.5,74.98,65
102540,Aditya Kumar,EEE,1,9.0,18.62,95
102541,Priya Kumar,CSE,5,8.5,66.36,50
102542,Vikram Reddy,EEE,6,7.5,56.92,65
102543,Ananya Gupta,ME,3,8.5,34.26,65
102544,Kabir Patel,ECE,7,6.0,39.41,85
102545,Sneha Rao,ME,3,6.0,63.39,95
102546,Aditya Rao,ME,7,7.5,22.22,85
102547,Aditya Rao,CSE,6,8.5,26.07,50
102548,Sneha Gupta,EEE,6,8.5,93.22,50
102549,Sneha Reddy,ECE,3,9.0,58.91,95
102550,Priya Kumar,EEE,6,8.5,86.05,95
102551,Ananya Joshi,CE,6,6.0,95.16,50
102552,Aditya Patel,CE,6,9.0,32.04,85
102553,Kabir Patel,ECE,1,6.0,62.81,85
102554,Aditya Rao,CSE,2,8.5,59.9,95
102555,Aarav Singh,EEE,6,9.0,26.91,65
102556,Ananya Kumar,ECE,7,8.0,32.52,50
102557,Ananya Kumar,ME,4,6.0,72.89,75
102558,Diya Singh,CE,8,8.0,95.06,85
102559,Priya Reddy,CE,6,8.5,95.98,65
102560,Rohan Verma,ME,2,8.0,35.39,65
102561,Vikram Rao,EEE,2,8.5,52.37,75
102562,Aarav Rao,ECE,8,7.5,36.1,50
102563,Aditya Joshi,EEE,6,8.5,89.02,95
102564,Aditya Reddy,CE,1,8.0,86.4,65
102565,Aditya Reddy,CE,8,8.5,86.26,50
102566,Isha Kumar,EEE,6,8.5,89.32,50
102567,Aditya Kumar,EEE,7,7.5,79.66,85
102568,Diya Patel,ECE,3,8.0,61.44,85
102569,Ananya Reddy,ME,1,8.0,85.1,95
102570,Aarav Gupta,ME,6,8.5,58.63,85
102571,Ananya Singh,ECE,2,6.0,86.85,75
102572,Priya Sharma,ME,6,7.5,52.18,85
102573,Vikram Joshi,ECE,2,8.0,28.44,95
102574,Aditya Rao,CE,7,9.0,99.51,65
102575,Rohan Jha,ECE,7,8.5,63.73,50
102576,Kabir Reddy,ECE,1,8.5,84.6,75
102577,Rohan Kumar,ME,4,9.0,6.96,50
102578,Rohan Joshi,CSE,3,9.0,6.29,95
102579,Diya Gupta,CSE,5,8.5,5.9,50
102580,Aarav Verma,EEE,4,6.0,48.95,65
102581,Aditya Jha,ME,1,8.0,76.69,50
102582,Aditya Verma,CE,3,9.0,89.99,95
102583,Isha Kumar,ME,6,7.5,26.56,95
102584,Vikram Gupta,EEE,1,6.0,61.86,85
102585,Isha Reddy,EEE,4,6.0,39.25,65
102586,Rohan Jha,CSE,8,8.0,45.72,65
102587,Priya Jha,ECE,3,7.5,92.61,75
102588,Rohan Gupta,ECE,4,8.0,88.16,50
102589,Vikram Kumar,EEE,2,6.0,23.63,50
102590,Rohan Singh,ECE,6,7.5,70.25,65
102591,Diya Joshi,ECE,6,6.0,30.81,50
102592,Ananya Jha,CE,8,7.5,80.82,95
102593,Priya Sharma,EEE,6,7.5,25.39,50
102594,Isha Rao,CSE,3,8.5,60.36,50
102595,Isha Sharma,ECE,3,9.0,16.21,65
102596,Priya Rao,CE,8,7.5,21.42,95
102597,Sneha Gupta,EEE,4,9.0,2.81,65
102598,Ananya Gupta,ME,7,8.5,72.61,50
102599,Aditya Singh,ECE,1,9.0,26.53,95
102600,Isha Rao,CE,8,8.5,21.06,65
102601,Sneha Joshi,ME,3,8.5,53.5,65
102602,Aarav Singh,CSE,5,7.5,23.63,65
102603,Ananya Rao,EEE,6,9.0,6.64,65
102604,Priya Rao,CSE,1,7.5,64.29,50
102605,Diya Kumar,CSE,2,6.0,47.8,65
102606,Aditya Singh,CSE,4,7.5,57.65,65
102607,Ananya Singh,EEE,8,9.0,96.74,75
102608,Vikram Sharma,ECE,3,7.5,15.74,50
102609,Isha Reddy,CE,3,7.5,60.58,75
102610,Ananya Verma,CSE,7,6.0,12.95,50
102611,Aarav Verma,EEE,1,8.5,72.3,65
102612,Aditya Jha,ECE,4,7.5,74.68,75
102613,Aarav Patel,EEE,4,6.0,33.73,85
102614,Aarav Gupta,CE,5,8.0,10.36,95
102615,Kabir Gupta,CSE,2,8.5,78.98,50
102616,Vikram Joshi,ECE,6,6.0,57.64,85
102617,Rohan Gupta,EEE,5,8.0,1.71,95
102618,Priya Kumar,ME,7,9.0,6.6,95
102619,Aarav Singh,EEE,6,7.5,69.46,75
102620,Aarav Verma,ECE,8,8.5,27.55,85
102621,Sneha Joshi,ME,6,9.0,76.26,50
102622,Priya Sharma,ME,2,7.5,77.85,95
102623,Rohan Jha,CSE,7,6.0,61.43,65
102624,Priya Joshi,CE,5,8.5,59.91,85
102625,Isha Verma,CE,7,9.0,2.24,95
102626,Rohan Gupta,ME,2,9.0,26.11,50
102627,Aarav Singh,ME,1,8.0,12.47,75
102628,Sneha Reddy,CE,8,6.0,89.3,95
102629,Diya Verma,ME,8,7.5,77.84,50
102630,Sneha Patel,CE,3,7.5,25.13,85
102631,Rohan Patel,CE,7,9.0,4.41,65
102632,Ananya Joshi,CSE,1,8.5,80.61,95
102633,Vikram Joshi,ECE,2,7.5,27.62,95
102634,Isha Gupta,CE,1,8.5,51.69,65
102635,Sneha Jha,CSE,3,8.0,86.84,65
102636,Sneha Sharma,CE,2,9.0,4.25,95
102637,Ananya Singh,CSE,8,7.5,33.21,85
102638,Kabir Kumar,EEE,5,8.0,19.95,75
102639,Rohan Verma,ECE,1,7.5,43.51,85
102640,Aditya Joshi,ME,8,8.0,42.95,50
102641,Isha Sharma,ECE,2,6.0,33.38,65
102642,Priya Rao,CE,3,8.5,91.95,95
102643,Kabir Reddy,CE,7,8.0,7.89,95
102644,Ananya Joshi,ECE,3,6.0,47.5,95
102645,Aarav Patel,CE,7,8.0,31.06,85
102646,Diya Sharma,CSE,2,8.0,58.85,65
102647,Isha Verma,ME,1,7.5,65.51,50
102648,Priya Joshi,EEE,2,8.5,56.29,75
102649,Kabir Rao,CSE,6,9.0,99.75,65
102650,Sneha Gupta,CSE,5,6.0,50.18,65
102651,Kabir Rao,CE,7,8.0,52.92,95
102652,Priya Verma,ECE,8,7.5,68.52,95
102653,Vikram Rao,EEE,5,7.5,90.81,85
102654,Rohan Singh,CE,5,9.0,48.5,50
102655,Kabir Singh,ECE,3,8.5,43.69,75
102656,Aditya Rao,EEE,5,8.0,91.2,75
102657,Isha Sharma,CSE,5,8.5,43.08,65
102658,Rohan Sharma,ECE,8,8.0,46.07,95
102659,Rohan Verma,CSE,7,8.0,15.84,75
102660,Aarav Patel,CSE,2,6.0,68.43,65
102661,Diya Rao,EEE,8,7.5,89.74,65
102662,Isha Sharma,EEE,5,8.5,50.82,85
102663,Aditya Reddy,ME,5,6.0,16.07,85
102664,Isha Kumar,EEE,4,7.5,44.04,75
102665,Sneha Jha,CSE,3,7.5,2.57,65
102666,Aarav Reddy,CE,6,6.0,9.37,95
102667,Priya Reddy,EEE,2,6.0,40.32,95
102668,Ananya Gupta,EEE,8,8.5,59.04,65
102669,Diya Reddy,EEE,3,7.5,75.22,75
102670,Isha Sharma,ME,1,9.0,22.93,75
102671,Kabir Verma,EEE,7,8.0,42.71,65
102672,Aditya Singh,ECE,8,6.0,89.38,75
102673,Aditya Joshi,ECE,6,8.0,35.4,65
102674,Isha Rao,CE,3,8.0,4.52,65
102675,Vikram Patel,EEE,7,6.0,24.87,75
102676,Diya Reddy,CSE,5,7.5,31.24,85
102677,Isha Sharma,ECE,6,8.5,14.23,65
102678,Diya Singh,CE,5,9.0,12.51,95
102679,Diya Singh,ME,7,9.0,50.18,50
102680,Aarav Reddy,ECE,5,8.5,15.13,85
102681,Aditya Jha,EEE,2,6.0,62.32,65
102682,Ananya Patel,CSE,4,6.0,11.29,95
102683,Priya Kumar,EEE,3,8.5,87.31,85
102684,Vikram Verma,ECE,4,7.5,40.76,95
102685,Sneha Gupta,ECE,1,8.0,32.12,75
102686,Ananya Reddy,ME,1,6.0,36.03,50
102687,Kabir Jha,ECE,5,7.5,9.74,65
102688,Aarav Singh,ME,5,6.0,56.72,65
102689,Ananya Jha,CE,2,8.5,12.68,85
102690,Diya Joshi,EEE,1,9.0,95.64,95
102691,Aarav Reddy,CE,3,8.5,7.96,95
102692,Vikram Joshi,CSE,4,8.0,62.25,50
102693,Vikram Patel,EEE,7,7.5,53.84,85
102694,Diya Reddy,EEE,8,6.0,50.67,75
102695,Kabir Verma,ME,6,8.5,97.89,50
102696,Aarav Verma,CSE,3,7.5,67.95,85
102697,Isha Kumar,ECE,7,7.5,4.45,50
102698,Ananya Jha,CSE,7,7.5,6.19,95
102699,Aditya Joshi,CE,4,7.5,24.86,50
102700,Rohan Verma,EEE,5,6.0,59.95,50
102701,Isha Sharma,CSE,1,6.0,65.13,65
102702,Rohan Patel,EEE,5,9.0,29.33,50
102703,Vikram Patel,EEE,7,6.0,41.05,50
102704,Vikram Patel,ECE,1,6.0,93.14,95
102705,Vikram Kumar,CE,8,6.0,89.25,50
102706,Isha Patel,ME,4,9.0,50.64,65
102707,Aarav Reddy,ECE,4,9.0,36.95,65
102708,Vikram Gupta,ECE,7,6.0,28.92,50
102709,Vikram Kumar,EEE,6,7.5,5.37,95
102710,Vikram Gupta,ECE,2,9.0,29.41,85
102711,Isha Reddy,CE,8,9.0,13.43,50
102712,Diya Verma,CE,1,8.0,17.69,50
102713,Ananya Verma,ME,5,8.0,51.71,50
102714,Aarav Sharma,EEE,1,8.5,58.88,95
102715,Isha Jha,EEE,3,9.0,7.91,65
102716,Diya Kumar,CE,1,8.5,27.32,75
102717,Vikram Patel,ECE,7,8.0,73.04,50
102718,Aarav Singh,EEE,5,6.0,75.97,85
102719,Sneha Singh,CE,6,7.5,72.95,75
102720,Aditya Sharma,CE,6,7.5,63.56,95
102721,Kabir Joshi,ECE,5,8.0,67.17,75
102722,Priya Joshi,ME,5,8.0,75.24,65
102723,Aarav Sharma,CE,5,9.0,36.74,85
102724,Isha Kumar,ECE,4,6.0,7.67,95
102725,Priya Gupta,CE,5,8.5,61.48,95
102726,Isha Rao,CSE,8,6.0,77.36,75
102727,Priya Singh,ME,3,8.0,3.07,65
102728,Aditya Reddy,ECE,2,7.5,35.36,50
102729,Aditya Sharma,CSE,7,8.0,82.67,95
102730,Sneha Singh,CSE,7,7.5,79.28,65
102731,Sneha Joshi,EEE,3,9.0,89.38,65
102732,Priya Patel,CSE,1,8.5,86.32,50
102733,Ananya Joshi,CSE,7,8.0,50.52,95
102734,Ananya Reddy,ME,3,8.5,25.44,75
102735,Sneha Patel,ME,7,8.0,53.17,75
102736,Sneha Verma,CE,4,9.0,78.43,85
102737,Aarav Kumar,ECE,2,7.5,45.65,65
102738,Aditya Patel,EEE,7,8.0,56.79,65
102739,Diya Joshi,EEE,3,8.0,76.43,85
102740,Aarav Patel,ME,8,8.5,13.28,50
102741,Ananya Patel,CE,3,8.0,23.26,85
102742,Diya Joshi,CE,5,7.5,13.22,95
102743,Aditya Singh,EEE,8,8.0,23.55,95
102744,Ananya Gupta,CSE,8,8.0,92.0,65
102745,Diya Singh,ECE,1,7.5,55.7,50
102746,Rohan Gupta,CSE,1,9.0,1.49,50
102747,Rohan Sharma,CSE,2,6.0,38.59,50
102748,Vikram Verma,CSE,1,8.0,63.14,65
102749,Aditya Jha,CE,2,6.0,8.36,50
102750,Priya Kumar,CE,2,6.0,91.73,85
102751,Aditya Patel,ME,4,6.0,8.51,95
102752,Aarav Jha,ME,7,8.5,76.64,50
102753,Rohan Singh,ME,5,8.5,98.24,85
102754,Ananya Sharma,CSE,4,6.0,99.46,75
102755,Vikram Gupta,CSE,6,7.5,27.89,50
102756,Diya Reddy,CE,2,7.5,90.29,75
102757,Vikram Reddy,CE,7,6.0,7.38,95
102758,Vikram Kumar,ME,2,7.5,70.41,75
102759,Kabir Sharma,CE,6,6.0,61.41,95
102760,Kabir Rao,CE,1,6.0,1.5,75
102761,Aditya Singh,CE,7,8.0,29.42,65
102762,Vikram Joshi,EEE,7,7.5,60.69,65
102763,Aarav Joshi,ECE,7,8.0,52.0,85
102764,Diya Verma,CE,8,8.0,7.26,50
102765,Sneha Rao,CE,3,8.0,84.39,50
102766,Isha Reddy,CSE,4,9.0,94.33,50
102767,Vikram Kumar,CE,3,7.5,30.27,75
102768,Aditya Sharma,EEE,6,7.5,94.07,95
102769,Isha Kumar,ME,6,9.0,11.78,50
102770,Isha Patel,CSE,3,8.0,38.51,50
102771,Ananya Verma,EEE,3,8.0,60.86,85
102772,Vikram Gupta,CE,5,7.5,14.09,95
102773,Sneha Joshi,EEE,2,9.0,81.12,50
102774,Sneha Patel,ECE,2,8.0,34.66,65
102775,Sneha Jha,CSE,6,8.5,50.58,95
102776,Diya Gupta,ECE,6,9.0,0.01,95
102777,Aarav Sharma,CSE,7,6.0,70.41,75
102778,Vikram Patel,CSE,8,8.0,82.73,85
102779,Isha Gupta,EEE,3,7.5,61.1,95
102780,Kabir Sharma,CSE,2,8.5,65.19,85
102781,Rohan Gupta,ME,8,9.0,13.62,75
102782,Ananya Reddy,EEE,6,6.0,6.59,95
102783,Sneha Joshi,CSE,2,6.0,37.18,85
102784,Diya Gupta,CE,2,7.5,65.69,95
102785,Rohan Reddy,CSE,1,7.5,22.74,85
102786,Aarav Rao,ECE,4,6.0,46.24,65
102787,Diya Kumar,CSE,1,8.5,25.64,65
102788,Ananya Joshi,EEE,5,8.0,32.72,65
102789,Priya Gupta,EEE,8,8.0,55.53,50
102790,Vikram Kumar,ECE,5,9.0,47.22,50
102791,Vikram Verma,EEE,3,8.5,20.22,65
102792,Aditya Verma,ECE,2,9.0,33.23,75
102793,Sneha Joshi,EEE,7,9.0,18.32,65
102794,Kabir Singh,ME,8,7.5,76.39,95
102795,Sneha Gupta,CE,1,8.0,27.3,75
102796,Vikram Sharma,CE,8,8.0,54.8,50
102797,Kabir Patel,EEE,4,8.0,96.77,75
102798,Priya Reddy,ME,7,8.0,54.02,85
102799,Sneha Sharma,CE,8,7.5,70.47,65
102800,Sneha Jha,EEE,6,6.0,36.42,95
102801,Rohan Singh,EEE,3,7.5,0.97,85
102802,Aditya Kumar,ME,2,6.0,62.89,50
102803,Aarav Rao,CSE,4,8.5,8.33,65
102804,Isha Joshi,CE,2,8.5,68.67,95
102805,Sneha Patel,CE,7,8.5,70.27,50
102806,Aarav Reddy,EEE,6,6.0,31.51,95
102807,Ananya Gupta,CSE,2,8.0,18.22,75
102808,Diya Kumar,CSE,1,8.5,41.77,85
102809,Aarav Verma,ME,2,6.0,86.28,85
102810,Sneha Rao,ME,8,8.5,61.76,95
102811,Isha Patel,CSE,8,9.0,44.29,95
102812,Rohan Jha,EEE,1,9.0,70.83,95
102813,Sneha Sharma,ECE,2,8.5,98.26,65
102814,Diya Singh,ME,1,9.0,89.73,85
102815,Aarav Patel,ME,3,8.5,87.83,75
102816,Aarav Joshi,EEE,5,7.5,54.28,65
102817,Diya Verma,ECE,6,7.5,61.66,95
102818,Aditya Kumar,ME,4,9.0,68.6,95
102819,Rohan Sharma,ME,7,9.0,5.93,75
102820,Diya Rao,CSE,1,7.5,42.85,75
102821,Aarav Verma,EEE,7,9.0,47.75,95
102822,Priya Jha,EEE,5,6.0,12.53,75
102823,Priya Rao,ME,5,9.0,96.32,85
102824,Priya Sharma,CSE,7,7.5,37.7,75
102825,Sneha Kumar,CSE,4,7.5,34.79,75
102826,Ananya Jha,ECE,7,8.0,13.0,95
102827,Rohan Patel,CSE,8,6.0,18.38,65
102828,Rohan Rao,ECE,4,6.0,30.77,75
102829,Ananya Sharma,CSE,1,7.5,89.23,95
102830,Aarav Kumar,ECE,1,8.0,95.91,65
102831,Vikram Joshi,ME,4,6.0,88.64,65
102832,Ananya Reddy,CE,8,6.0,13.61,65
102833,Kabir Kumar,CE,6,8.0,99.6,65
102834,Aditya Jha,ME,3,6.0,59.34,75
102835,Vikram Patel,ECE,7,9.0,95.33,75
102836,Vikram Gupta,CSE,3,8.5,35.37,75
102837,Ananya Patel,CE,8,6.0,69.49,85
102838,Aarav Jha,CSE,2,8.0,84.19,65
102839,Aditya Sharma,ECE,4,6.0,95.74,95
102840,Diya Gupta,CSE,6,7.5,52.44,85
102841,Aditya Rao,CE,1,7.5,56.55,50
102842,Ananya Verma,EEE,7,9.0,37.14,85
102843,Aditya Verma,EEE,6,7.5,46.38,50
102844,Rohan Verma,CE,1,8.0,75.04,75
102845,Sneha Singh,CE,4,8.5,97.91,65
102846,Rohan Joshi,EEE,8,8.5,80.37,75
102847,Sneha Patel,CSE,2,8.0,13.81,65
102848,Isha Gupta,CSE,1,8.0,21.38,95
102849,Aditya Gupta,ECE,3,8.5,15.55,85
102850,Ananya Patel,ME,8,6.0,65.48,50
102851,Rohan Joshi,CSE,2,9.0,95.35,75
102852,Diya Rao,ECE,1,8.5,73.57,50
102853,Aarav Gupta,CSE,4,6.0,27.7,85
102854,Rohan Singh,ECE,3,6.0,49.8,95
102855,Ananya Singh,ME,4,6.0,77.68,50
102856,Aditya Verma,CE,6,8.5,40.72,75
102857,Priya Sharma,CSE,6,8.0,59.49,65
102858,Isha Jha,ME,7,8.0,9.6,75
102859,Priya Gupta,CSE,1,9.0,99.07,85
102860,Vikram Verma,CE,5,6.0,60.81,75
102861,Diya Joshi,ECE,2,6.0,2.92,95
102862,Aditya Patel,CSE,7,8.0,15.08,75
102863,Priya Verma,CE,8,6.0,5.59,50
102864,Aditya Kumar,CE,7,6.0,75.31,95
102865,Vikram Singh,CE,3,6.0,51.21,65
102866,Sneha Kumar,CSE,5,6.0,77.88,85
102867,Kabir Patel,CSE,8,6.0,39.15,75
102868,Kabir Rao,ECE,4,8.0,34.38,85
102869,Diya Reddy,ECE,8,6.0,84.65,50
102870,Rohan Reddy,CSE,2,8.0,14.69,85
102871,Vikram Gupta,ME,6,9.0,15.13,85
102872,Aditya Joshi,CSE,8,6.0,59.41,65
102873,Diya Verma,EEE,7,8.5,24.01,50
102874,Ananya Rao,EEE,7,7.5,20.1,50
102875,Priya Gupta,ME,8,6.0,18.67,95
102876,Aarav Kumar,EEE,4,8.0,26.07,65
102877,Aarav Singh,CSE,2,8.5,36.58,50
102878,Aditya Jha,CE,1,6.0,71.88,50
102879,Isha Reddy,EEE,5,7.5,79.61,85
102880,Diya Patel,ME,4,8.5,23.99,85
102881,Diya Jha,ME,7,6.0,72.81,85
102882,Aditya Reddy,CSE,7,7.5,28.04,65
102883,Rohan Kumar,ME,6,9.0,69.77,85
102884,Diya Kumar,EEE,5,9.0,81.48,95
102885,Vikram Rao,ECE,6,9.0,37.12,50
102886,Vikram Patel,CE,3,8.0,92.26,95
102887,Isha Patel,ECE,4,8.0,71.74,75
102888,Kabir Gupta,CE,2,8.5,28.59,50
102889,Kabir Joshi,EEE,4,8.5,89.73,95
102890,Ananya Patel,ME,5,8.0,80.96,75
102891,Diya Reddy,ECE,8,9.0,96.11,95
102892,Aarav Sharma,EEE,2,6.0,53.08,75
102893,Rohan Gupta,CSE,2,7.5,54.9,75
102894,Aditya Patel,ME,3,7.5,81.56,85
102895,Kabir Gupta,CE,8,8.0,84.41,50
102896,Isha Sharma,CSE,8,9.0,96.49,50
102897,Aarav Joshi,CE,6,6.0,82.04,85
102898,Isha Jha,CE,3,6.0,40.03,75
102899,Vikram Singh,ECE,8,7.5,27.87,85
102900,Aarav Kumar,ECE,8,8.0,6.29,75
102901,Sneha Joshi,CSE,1,7.5,15.2,50
102902,Rohan Gupta,CSE,5,8.5,46.31,65
102903,Ananya Reddy,CSE,5,7.5,57.37,50
102904,Priya Reddy,EEE,2,6.0,16.45,65
102905,Priya Verma,ECE,7,6.0,35.11,50
102906,Aditya Reddy,ECE,1,8.0,18.65,75
102907,Isha Singh,ME,3,7.5,96.64,50
102908,Priya Singh,ECE,3,9.0,69.32,65
102909,Priya Rao,ECE,3,7.5,36.36,75
102910,Priya Kumar,ECE,3,6.0,42.68,95
102911,Sneha Sharma,CE,7,8.5,4.9,95
102912,Aarav Joshi,ECE,7,9.0,78.79,95
102913,Aditya Gupta,ECE,7,9.0,1.42,65
102914,Rohan Reddy,CSE,6,6.0,95.22,50
102915,Priya Joshi,EEE,3,8.0,96.37,95
102916,Vikram Patel,EEE,5,8.5,47.85,65
102917,Isha Patel,ECE,3,9.0,96.99,85
102918,Rohan Gupta,ECE,1,8.5,75.44,85
102919,Kabir Gupta,ME,3,9.0,66.5,75
102920,Rohan Gupta,ME,7,8.0,18.3,75
102921,Sneha Singh,ME,1,6.0,24.22,65
102922,Isha Singh,CSE,2,6.0,27.16,95
102923,Isha Patel,CSE,4,6.0,66.9,85
102924,Aditya Patel,CSE,6,6.0,88.85,85
102925,Priya Reddy,ECE,7,7.5,50.87,65
102926,Vikram Singh,EEE,8,6.0,38.61,85
102927,Kabir Jha,CSE,6,9.0,56.87,95
102928,Ananya Kumar,CSE,7,8.0,26.77,65
102929,Diya Kumar,ME,7,8.5,56.96,50
102930,Ananya Rao,CE,4,7.5,45.09,65
102931,Sneha Gupta,CSE,8,6.0,81.12,50
102932,Kabir Gupta,CE,3,7.5,7.11,95
102933,Isha Verma,ECE,2,6.0,7.33,65
102934,Diya Singh,CE,7,9.0,56.65,50
102935,Vikram Sharma,EEE,8,8.0,16.5,75
102936,Isha Singh,CSE,3,7.5,65.2,75
102937,Aarav Jha,ME,8,9.0,42.04,75
102938,Priya Rao,ME,4,7.5,9.17,95
102939,Vikram Kumar,ME,4,7.5,51.25,95
102940,Diya Kumar,ECE,4,9.0,4.57,50
102941,Diya Verma,ME,1,6.0,48.63,65
102942,Kabir Patel,EEE,8,6.0,28.41,50
102943,Aarav Sharma,ECE,7,8.0,46.43,95
102944,Kabir Joshi,CE,8,8.5,57.24,50
102945,Isha Patel,CSE,7,6.0,38.57,65
102946,Vikram Sharma,ME,6,8.0,40.67,75
102947,Sneha Singh,CE,4,7.5,73.91,65
102948,Diya Reddy,EEE,3,8.5,44.14,50
102949,Diya Kumar,ECE,7,7.5,20.59,75
102950,Sneha Rao,CE,1,8.5,34.98,85
102951,Aditya Gupta,CE,7,7.5,42.66,65
102952,Ananya Kumar,EEE,5,7.5,62.08,95
102953,Diya Kumar,EEE,7,6.0,28.17,85
102954,Vikram Singh,ME,6,6.0,87.47,65
102955,Priya Patel,ME,2,7.5,30.54,65
102956,Vikram Rao,EEE,4,6.0,24.25,95
102957,Kabir Patel,EEE,8,8.0,57.49,75
102958,Vikram Patel,CSE,3,8.0,4.77,50
102959,Aditya Reddy,ECE,8,9.0,21.85,65
102960,Aditya Joshi,EEE,5,8.0,15.77,65
102961,Diya Jha,ECE,1,8.5,11.51,95
102962,Aarav Jha,ME,5,9.0,51.86,85
102963,Kabir Reddy,ME,6,9.0,58.56,50
102964,Rohan Sharma,ECE,1,8.0,27.81,95
102965,Kabir Reddy,CSE,3,6.0,22.34,65
102966,Aarav Gupta,ME,2,6.0,11.48,85
102967,Isha Kumar,CE,6,8.5,59.49,75
102968,Sneha Rao,ME,8,8.5,55.54,95
102969,Ananya Rao,EEE,4,7.5,26.11,50
102970,Aditya Patel,ECE,5,6.0,39.65,95
102971,Ananya Verma,ECE,6,6.0,20.47,65
102972,Priya Reddy,ECE,3,9.0,24.87,85
102973,Isha Patel,ECE,5,8.0,65.6,75
102974,Kabir Singh,CE,7,8.5,69.31,85
102975,Vikram Joshi,CSE,1,8.5,90.16,50
102976,Sneha Gupta,EEE,5,7.5,58.26,75
102977,Rohan Verma,CE,8,7.5,6.44,95
102978,Priya Sharma,ME,4,7.5,5.84,65
102979,Aditya Kumar,CSE,3,7.5,55.91,75
102980,Vikram Reddy,ME,3,8.0,33.68,65
102981,Rohan Singh,ECE,3,6.0,15.33,75
102982,Aarav Gupta,CSE,3,8.5,57.36,50
102983,Priya Singh,CSE,4,8.0,19.73,65
102984,Isha Jha,CSE,2,8.5,42.78,65
102985,Sneha Sharma,CE,7,6.0,47.84,75
102986,Sneha Kumar,ECE,1,6.0,64.18,65
102987,Aarav Verma,ECE,4,9.0,55.61,75
102988,Isha Gupta,ECE,1,8.0,71.67,50
102989,Aarav Gupta,EEE,5,8.0,94.65,95
102990,Aarav Verma,CE,3,6.0,66.19,85
102991,Kabir Sharma,ME,1,6.0,87.87,50
102992,Kabir Joshi,CE,2,6.0,47.63,65
102993,Isha Kumar,ME,7,9.0,78.67,75
102994,Rohan Patel,CSE,7,7.5,54.16,75
102995,Isha Gupta,CE,3,8.5,87.22,50
102996,Rohan Gupta,ME,1,9.0,58.49,85
102997,Sneha Reddy,CE,5,7.5,91.49,65
102998,Rohan Singh,CE,4,7.5,45.14,85
102999,Ananya Gupta,CSE,3,9.0,97.93,85
103000,Aditya Jha,EEE,1,7.5,34.67,75
103001,Aditya Reddy,EEE,1,6.0,89.09,65
103002,Isha Sharma,CE,5,8.5,79.79,85
103003,Diya Gupta,ME,2,7.5,61.94,85
103004,Sneha Gupta,EEE,6,8.5,89.74,95
103005,Isha Verma,ECE,3,6.0,49.22,75
103006,Kabir Singh,ECE,8,8.0,2.15,75
103007,Rohan Gupta,CSE,7,9.0,67.91,50
103008,Kabir Rao,CE,4,9.0,74.0,75
103009,Aditya Singh,ECE,5,9.0,44.28,65
103010,Kabir Joshi,EEE,8,6.0,58.01,50
103011,Aarav Patel,CE,1,7.5,1.03,75
103012,Diya Reddy,EEE,6,8.0,76.61,85
103013,Priya Jha,CE,5,9.0,90.38,75
103014,Vikram Singh,ECE,6,7.5,26.8,50
103015,Isha Jha,ME,3,8.5,35.87,75
103016,Aarav Reddy,CSE,7,9.0,8.37,95
103017,Rohan Sharma,ME,3,7.5,28.58,50
103018,Sneha Reddy,ECE,1,9.0,31.77,85
103019,Diya Reddy,ECE,7,8.5,66.84,95
103020,Vikram Gupta,EEE,5,6.0,95.4,65
103021,Vikram Reddy,CSE,6,8.5,62.35,95
103022,Aditya Kumar,CSE,4,9.0,10.7,95
103023,Aditya Sharma,CSE,5,9.0,85.17,50
103024,Rohan Verma,CSE,3,6.0,9.44,65
103025,Ananya Kumar,ME,2,7.5,53.83,85
103026,Aditya Reddy,EEE,8,9.0,29.8,95
103027,Ananya Rao,CSE,6,8.0,53.72,50
103028,Kabir Patel,ECE,1,9.0,38.83,50
103029,Aditya Jha,CE,8,8.5,31.37,65
103030,Vikram Reddy,ME,7,9.0,77.51,75
103031,Diya Reddy,ECE,4,8.0,18.03,65
103032,Rohan Reddy,ECE,3,6.0,18.3,75
103033,Ananya Sharma,ME,3,7.5,53.19,50
103034,Kabir Jha,EEE,2,7.5,86.27,50
103035,Rohan Reddy,EEE,5,8.5,52.68,75
103036,Rohan Joshi,ECE,2,8.5,1.99,50
103037,Vikram Reddy,CE,1,7.5,74.51,95
103038,Aarav Sharma,CSE,6,8.5,74.8,75
103039,Sneha Singh,EEE,7,7.5,9.64,65
103040,Aarav Kumar,ECE,5,8.0,52.95,95
103041,Aditya Sharma,ME,3,6.0,84.25,95
103042,Rohan Rao,EEE,1,6.0,39.81,50
103043,Vikram Gupta,CE,7,7.5,85.78,85
103044,Aditya Singh,EEE,7,6.0,88.28,75
103045,Priya Jha,CE,2,9.0,63.5,75
103046,Aditya Reddy,ECE,7,8.5,24.78,75
103047,Kabir Verma,CSE,2,7.5,66.38,50
103048,Priya Singh,EEE,3,8.0,54.06,65
103049,Priya Kumar,ECE,8,8.0,72.83,75
103050,Aditya Jha,ME,1,9.0,89.57,65
103051,Vikram Verma,CSE,7,8.5,72.34,50
103052,Rohan Sharma,EEE,2,9.0,81.32,95
103053,Ananya Rao,ECE,8,9.0,95.65,50
103054,Isha Joshi,CSE,6,8.0,41.9,75
103055,Priya Joshi,ME,6,8.5,17.82,85
103056,Aarav Gupta,CE,7,9.0,95.33,65
103057,Aditya Reddy,ECE,6,7.5,9.42,95
103058,Isha Singh,ME,3,8.5,22.35,65
103059,Vikram Sharma,CE,5,8.0,57.93,95
103060,Aarav Jha,ME,8,8.0,61.73,85
103061,Diya Patel,CSE,8,6.0,39.64,85
103062,Aditya Sharma,EEE,8,7.5,67.97,50
103063,Aditya Kumar,EEE,5,8.5,7.53,85
103064,Priya Rao,EEE,5,9.0,46.2,95
103065,Isha Joshi,ME,4,9.0,58.15,75
103066,Ananya Reddy,ME,1,9.0,31.6,50
103067,Rohan Joshi,CE,1,8.0,17.09,65
103068,Rohan Reddy,ECE,8,6.0,40.02,75
103069,Diya Sharma,CSE,3,8.0,83.36,65
103070,Aditya Verma,ECE,1,6.0,53.96,95
103071,Priya Sharma,ME,8,8.5,81.48,75
103072,Priya Rao,EEE,8,6.0,85.46,85
103073,Aditya Kumar,CE,4,7.5,92.55,95
103074,Sneha Sharma,CSE,1,8.0,67.97,95
103075,Vikram Reddy,CSE,6,6.0,1.73,85
103076,Vikram Patel,CSE,5,6.0,19.16,50
103077,Aditya Patel,CE,8,9.0,50.27,85
103078,Aarav Verma,EEE,8,8.0,87.82,50
103079,Aarav Verma,ECE,7,8.5,68.79,65
103080,Priya Patel,ME,5,7.5,25.21,95
103081,Diya Sharma,CE,8,8.5,34.29,65
103082,Aditya Reddy,ME,3,8.0,3.86,50
103083,Rohan Verma,ME,6,6.0,43.62,95
103084,Rohan Kumar,CE,3,6.0,85.51,95
103085,Diya Sharma,ME,4,7.5,63.52,65
103086,Kabir Jha,CSE,5,6.0,48.04,95
103087,Kabir Joshi,ME,6,8.5,22.28,95
103088,Sneha Gupta,CSE,4,7.5,31.25,95
103089,Ananya Gupta,ME,6,9.0,21.82,75
103090,Diya Sharma,CSE,4,9.0,65.84,50
103091,Ananya Jha,ECE,3,8.0,46.33,85
103092,Vikram Patel,EEE,4,9.0,55.57,65
103093,Sneha Joshi,ME,3,8.5,66.86,85
103094,Sneha Gupta,ME,2,8.5,97.75,65
103095,Isha Kumar,EEE,2,9.0,5.47,50
103096,Aditya Sharma,ME,5,9.0,25.83,95
103097,Kabir Patel,CE,4,6.0,63.86,50
103098,Rohan Patel,CE,5,9.0,78.95,50
103099,Ananya Kumar,EEE,5,9.0,98.0,50
103100,Priya Patel,ME,4,8.5,23.14,65
103101,Aditya Sharma,ECE,4,7.5,21.78,50
103102,Ananya Singh,ECE,3,9.0,3.74,95
103103,Aditya Joshi,ECE,2,8.0,17.41,50
103104,Isha Singh,CSE,5,8.0,43.48,50
103105,Ananya Kumar,ECE,2,9.0,30.57,85
103106,Priya Kumar,ECE,8,7.5,78.42,75
103107,Ananya Joshi,EEE,2,9.0,68.56,85
103108,Kabir Patel,CE,8,6.0,47.92,85
103109,Vikram Gupta,EEE,7,6.0,6.53,85
103110,Priya Singh,CE,3,8.5,57.56,75
103111,Vikram Patel,ME,1,8.0,57.51,75
103112,Aarav Verma,CSE,6,6.0,57.74,85
103113,Priya Kumar,ECE,2,8.0,54.03,85
103114,Aditya Patel,ME,3,9.0,38.99,85
103115,Aditya Joshi,ME,8,9.0,43.8,50
103116,Sneha Jha,ME,6,8.0,12.64,85
103117,Ananya Rao,CSE,3,8.5,44.11,95
103118,Isha Joshi,EEE,2,6.0,29.92,50
103119,Priya Rao,CE,2,6.0,92.62,65
103120,Diya Joshi,ME,5,9.0,81.09,95
103121,Priya Reddy,CE,3,8.0,39.12,95
103122,Ananya Verma,ECE,4,8.5,20.99,95
103123,Sneha Reddy,EEE,2,8.5,57.81,50
103124,Isha Joshi,CSE,5,9.0,33.66,50
103125,Aarav Rao,EEE,3,7.5,44.53,95
103126,Aarav Kumar,ME,3,7.5,42.52,50
103127,Diya Singh,ECE,6,6.0,82.91,85
103128,Aditya Joshi,CSE,8,6.0,1.19,75
103129,Sneha Singh,ECE,7,9.0,74.44,75
103130,Diya Singh,EEE,2,8.5,95.85,85
103131,Rohan Rao,CE,5,9.0,86.61,85
103132,Ananya Singh,CE,1,6.0,69.01,75
103133,Aditya Verma,EEE,2,8.5,32.77,95
103134,Kabir Singh,CE,4,8.5,90.58,95
103135,Aditya Jha,ECE,7,7.5,13.99,95
103136,Ananya Singh,ME,7,9.0,20.9,65
103137,Diya Sharma,CSE,6,8.5,97.54,95
103138,Vikram Verma,ME,5,8.0,24.63,95
103139,Sneha Reddy,CE,4,6.0,56.81,65
103140,Sneha Verma,CSE,7,7.5,39.29,75
103141,Diya Sharma,ECE,4,7.5,18.17,95
103142,Rohan Joshi,EEE,7,8.0,65.02,75
103143,Aarav Kumar,ECE,5,6.0,8.22,50
103144,Kabir Verma,CE,2,8.0,10.48,75
103145,Isha Kumar,ECE,6,8.0,81.81,65
103146,Vikram Patel,CSE,6,6.0,3.75,75
103147,Aditya Joshi,CSE,3,7.5,21.4,50
103148,Rohan Jha,CE,4,8.0,93.36,65
103149,Ananya Patel,ME,5,6.0,52.89,85
103150,Priya Rao,ME,4,8.5,57.53,75
103151,Aarav Reddy,CE,7,6.0,75.62,95
103152,Diya Sharma,EEE,3,9.0,53.66,95
103153,Diya Joshi,CE,5,9.0,75.44,75
103154,Ananya Singh,ME,8,6.0,49.1,65
103155,Kabir Singh,CSE,7,8.5,95.99,75
103156,Ananya Reddy,ME,1,6.0,94.71,65
103157,Aditya Joshi,CSE,8,9.0,46.99,95
103158,Sneha Joshi,ECE,4,6.0,28.4,85
103159,Isha Sharma,ME,2,9.0,0.84,85
103160,Diya Verma,ME,4,9.0,63.69,65
103161,Aarav Gupta,EEE,3,7.5,34.87,65
103162,Rohan Sharma,ME,2,8.5,17.04,65
103163,Ananya Rao,CSE,6,6.0,13.4,50
103164,Kabir Verma,CSE,1,6.0,49.47,65
103165,Kabir Verma,EEE,4,9.0,37.12,75
103166,Priya Joshi,CSE,1,9.0,71.46,95
103167,Ananya Gupta,ECE,5,8.0,46.56,85
103168,Aditya Jha,ECE,7,7.5,86.56,95
103169,Vikram Singh,ECE,3,6.0,99.19,75
103170,Rohan Gupta,ME,1,8.0,89.01,50
103171,Priya Gupta,CE,2,8.0,82.84,65
103172,Aarav Singh,ME,7,6.0,9.92,95
103173,Priya Sharma,CE,1,9.0,39.94,65
103174,Rohan Sharma,ECE,1,8.5,33.52,65
103175,Vikram Reddy,ECE,2,7.5,19.66,50
103176,Diya Sharma,CSE,6,9.0,60.49,50
103177,Aarav Verma,CE,4,8.5,95.53,65
103178,Aarav Sharma,CE,4,8.5,8.95,50
103179,Aarav Jha,ECE,3,8.5,20.42,85
103180,Diya Sharma,EEE,8,6.0,65.51,65
103181,Rohan Gupta,CSE,1,8.0,25.39,65
103182,Kabir Reddy,CSE,8,6.0,16.72,75
103183,Isha Sharma,CE,5,8.0,40.71,50
103184,Priya Patel,ME,3,8.0,14.42,85
103185,Vikram Sharma,ECE,6,9.0,91.14,65
103186,Ananya Gupta,CSE,5,6.0,82.33,85
103187,Rohan Reddy,EEE,1,7.5,18.26,85
103188,Sneha Kumar,CSE,4,9.0,47.03,95
103189,Isha Rao,ME,1,9.0,67.71,95
103190,Sneha Kumar,EEE,6,8.0,3.71,95
103191,Ananya Rao,CSE,6,9.0,53.7,75
103192,Rohan Reddy,EEE,7,6.0,70.31,50
103193,Diya Joshi,CE,5,9.0,42.8,95
103194,Vikram Gupta,ECE,8,9.0,5.88,95
103195,Aditya Joshi,ME,5,7.5,2.36,85
103196,Priya Jha,EEE,2,8.5,10.95,65
103197,Isha Patel,EEE,3,9.0,30.08,65
103198,Vikram Rao,EEE,4,8.5,96.19,85
103199,Rohan Singh,ME,4,8.0,26.9,50
103200,Kabir Jha,CSE,3,9.0,57.41,85
103201,Vikram Kumar,ME,7,8.0,71.44,85
103202,Rohan Verma,ECE,4,6.0,49.17,50
103203,Rohan Sharma,ME,6,7.5,20.81,65
103204,Aarav Sharma,CSE,1,9.0,37.69,75
103205,Vikram Jha,ECE,2,8.5,0.34,50
103206,Diya Rao,CSE,2,7.5,40.62,75
103207,Aarav Rao,CSE,7,9.0,74.14,65
103208,Priya Gupta,CE,4,8.0,74.22,75
103209,Aditya Rao,CE,1,7.5,54.18,75
103210,Sneha Patel,EEE,2,6.0,86.66,85
103211,Vikram Jha,ME,7,8.5,5.07,50
103212,Diya Joshi,ME,4,8.5,11.87,95
103213,Priya Jha,CSE,2,9.0,8.52,85
103214,Diya Joshi,ME,5,8.5,14.15,85
103215,Kabir Gupta,CSE,4,9.0,80.49,95
103216,Aarav Verma,ME,4,7.5,23.92,85
103217,Vikram Sharma,CE,6,9.0,57.48,95
103218,Kabir Patel,EEE,5,6.0,43.19,95
103219,Aarav Verma,CSE,3,8.0,64.4,65
103220,Rohan Joshi,CSE,3,6.0,65.26,95
103221,Isha Rao,ME,1,9.0,89.07,75
103222,Aarav Joshi,ME,2,8.5,68.88,65
103223,Isha Singh,ME,4,8.0,15.98,85
103224,Sneha Jha,CSE,1,8.5,15.95,85
103225,Aditya Gupta,EEE,6,8.0,11.62,50
103226,Ananya Gupta,ME,6,8.0,28.69,75
103227,Ananya Sharma,CSE,8,8.5,21.91,65
103228,Vikram Reddy,CSE,1,7.5,56.16,75
103229,Rohan Jha,CSE,1,8.0,87.9,50
103230,Priya Gupta,EEE,7,9.0,8.96,50
103231,Kabir Joshi,ME,1,6.0,42.94,65
103232,Sneha Singh,ME,5,9.0,4.6,50
103233,Rohan Gupta,CE,7,7.5,85.21,95
103234,Vikram Sharma,CSE,2,6.0,0.68,75
103235,Priya Patel,CE,3,7.5,34.97,95
103236,Ananya Jha,CE,3,8.0,31.79,65
103237,Rohan Jha,ECE,7,6.0,0.38,85
103238,Vikram Reddy,ME,7,8.0,85.59,95
103239,Ananya Rao,CE,7,6.0,44.2,50
103240,Diya Patel,CE,8,8.0,66.24,75
103241,Aarav Singh,ME,1,9.0,97.5,85
103242,Aditya Patel,EEE,8,7.5,97.36,50
103243,Priya Kumar,ME,4,8.0,30.72,85
103244,Vikram Joshi,ECE,2,8.0,33.63,65
103245,Vikram Patel,EEE,6,7.5,25.68,85
103246,Rohan Sharma,CE,5,6.0,64.28,95
103247,Ananya Verma,EEE,8,7.5,54.67,85
103248,Aditya Gupta,CE,4,9.0,66.87,50
103249,Kabir Singh,ME,5,8.5,86.4,75
103250,Ananya Joshi,EEE,5,6.0,41.98,50
103251,Vikram Reddy,ME,1,9.0,9.83,85
103252,Aarav Gupta,CSE,3,8.5,37.11,50
103253,Kabir Verma,ECE,4,9.0,11.85,65
103254,Aarav Patel,EEE,7,7.5,94.6,95
103255,Rohan Verma,EEE,7,9.0,5.85,95
103256,Aarav Singh,CSE,8,6.0,59.22,85
103257,Aarav Verma,CSE,5,9.0,1.32,85
103258,Isha Verma,ECE,2,7.5,49.64,65
103259,Diya Jha,EEE,7,9.0,74.92,65
103260,Vikram Gupta,ME,1,9.0,25.84,85
103261,Kabir Jha,EEE,6,9.0,92.13,95
103262,Ananya Verma,ECE,8,9.0,33.77,50
103263,Ananya Sharma,CE,3,8.5,67.6,65
103264,Aditya Sharma,CE,3,7.5,59.87,75
103265,Priya Jha,CSE,7,7.5,2.75,95
103266,Aditya Verma,EEE,8,9.0,15.46,50
103267,Diya Rao,CE,5,8.0,77.49,50
103268,Priya Jha,ME,4,7.5,87.83,85
103269,Ananya Sharma,ECE,5,9.0,67.37,95
103270,Aditya Kumar,ME,8,7.5,50.05,95
103271,Rohan Patel,ME,4,8.5,13.5,50
103272,Rohan Gupta,CSE,7,6.0,78.93,50
103273,Diya Reddy,EEE,6,7.5,25.96,65
103274,Isha Sharma,CE,8,9.0,35.65,85
103275,Diya Verma,ECE,6,8.5,93.96,50
103276,Ananya Kumar,CSE,2,8.0,89.46,65
103277,Vikram Verma,CSE,8,6.0,21.76,65
103278,Aarav Joshi,ME,3,8.0,21.19,75
103279,Ananya Rao,EEE,4,8.0,28.86,50
103280,Aditya Verma,ECE,1,8.5,91.29,65
103281,Vikram Rao,CSE,1,9.0,22.86,95
103282,Ananya Kumar,CSE,7,9.0,36.47,65
103283,Aditya Reddy,ME,7,7.5,24.51,95
103284,Diya Kumar,ECE,5,9.0,9.35,95
103285,Aarav Verma,ME,8,8.5,76.87,50
103286,Isha Joshi,EEE,7,6.0,12.23,75
103287,Priya Joshi,ME,6,8.5,91.44,75
103288,Rohan Joshi,CSE,8,8.0,32.95,95
103289,Rohan Singh,EEE,6,9.0,49.78,50
103290,Sneha Kumar,ME,3,6.0,93.89,50
103291,Diya Jha,ECE,4,9.0,1.89,50
103292,Kabir Reddy,ME,5,9.0,46.26,95
103293,Aarav Kumar,CSE,8,6.0,46.07,85
103294,Aditya Jha,CSE,6,8.5,26.36,50
103295,Isha Joshi,ECE,8,9.0,6.12,95
103296,Isha Kumar,ME,4,9.0,77.63,95
103297,Kabir Verma,ME,6,6.0,67.17,50
103298,Aarav Gupta,EEE,3,7.5,77.06,95
103299,Aditya Reddy,ECE,8,6.0,51.62,75
103300,Aarav Jha,CE,7,8.5,1.03,50
103301,Vikram Singh,ECE,8,8.0,85.97,65
103302,Priya Kumar,ECE,7,9.0,69.16,75
103303,Diya Gupta,ECE,7,6.0,83.59,50
103304,Aarav Reddy,CSE,5,6.0,93.61,75
103305,Diya Singh,ECE,1,8.0,78.02,50
103306,Priya Patel,CSE,6,7.5,68.73,65
103307,Rohan Jha,ECE,7,8.0,95.7,95
103308,Diya Jha,CE,5,8.5,31.43,95
103309,Sneha Reddy,CE,1,6.0,50.02,50
103310,Isha Kumar,ME,5,8.5,85.05,50
103311,Aarav Singh,EEE,5,8.0,18.09,75
103312,Vikram Gupta,CE,4,7.5,70.62,50
103313,Rohan Jha,CSE,2,9.0,83.59,85
103314,Isha Reddy,EEE,2,7.5,10.66,85
103315,Aarav Patel,ECE,6,8.5,26.82,50
103316,Vikram Rao,EEE,4,9.0,17.57,85
103317,Vikram Rao,CSE,4,9.0,80.65,95
103318,Aarav Gupta,CE,1,8.5,97.93,95
103319,Rohan Reddy,ME,8,7.5,6.06,50
103320,Aarav Verma,CE,8,6.0,75.95,85
103321,Ananya Reddy,ECE,8,8.5,3.93,85
103322,Aarav Sharma,ME,4,7.5,41.33,85
103323,Rohan Patel,ME,7,6.0,85.28,95
103324,Rohan Rao,ME,8,8.0,24.17,95
103325,Aarav Joshi,ECE,1,7.5,75.62,85
103326,Kabir Sharma,ECE,6,8.0,61.27,75
103327,Sneha Verma,EEE,4,7.5,22.49,85
103328,Rohan Jha,ECE,2,9.0,57.26,75
103329,Priya Kumar,CSE,5,8.5,56.32,95
103330,Aarav Gupta,CE,7,8.5,64.59,95
103331,Isha Gupta,EEE,5,7.5,20.54,85
103332,Kabir Rao,EEE,6,6.0,72.28,85
103333,Aditya Reddy,ME,1,9.0,49.52,65
103334,Vikram Sharma,ECE,1,9.0,66.51,50
103335,Diya Gupta,EEE,1,8.0,77.16,50
103336,Kabir Singh,EEE,1,8.5,54.22,95
103337,Diya Singh,ECE,3,8.0,19.24,95
103338,Rohan Sharma,ECE,4,9.0,4.07,65
103339,Sneha Kumar,CSE,2,6.0,72.94,65
103340,Kabir Kumar,CSE,4,7.5,58.09,75
103341,Aditya Patel,ECE,4,6.0,24.56,50
103342,Kabir Singh,CE,3,7.5,13.23,85
103343,Aarav Kumar,EEE,4,8.5,83.17,85
103344,Kabir Patel,CSE,3,6.0,5.75,50
103345,Sneha Rao,CE,6,7.5,61.17,95
103346,Rohan Sharma,CSE,3,8.0,49.64,75
103347,Ananya Jha,CE,5,6.0,27.79,65
103348,Aarav Reddy,ECE,5,9.0,56.64,75
103349,Sneha Rao,CSE,3,8.5,44.63,50
103350,Priya Verma,CE,6,6.0,40.08,85
103351,Kabir Jha,ME,3,9.0,50.87,95
103352,Kabir Reddy,CSE,3,8.5,89.04,65
103353,Ananya Jha,ECE,1,6.0,59.31,85
103354,Aditya Patel,ME,3,7.5,19.11,85
103355,Ananya Verma,ME,4,8.5,35.46,65
103356,Ananya Patel,ECE,3,7.5,63.98,50
103357,Priya Sharma,EEE,8,6.0,59.13,50
103358,Rohan Patel,CE,3,6.0,74.12,95
103359,Rohan Verma,EEE,4,8.0,25.44,75
103360,Sneha Joshi,CSE,3,9.0,96.91,85
103361,Aditya Jha,CE,1,8.0,63.4,50
103362,Priya Singh,ECE,3,7.5,98.62,50
103363,Sneha Verma,ME,1,6.0,46.73,65
103364,Kabir Reddy,ME,1,6.0,33.35,85
103365,Sneha Joshi,EEE,4,7.5,54.15,50
103366,Sneha Reddy,CE,3,9.0,17.19,50
103367,Aditya Patel,CE,8,8.5,58.45,65
103368,Sneha Patel,ECE,6,8.0,8.02,95
103369,Vikram Gupta,EEE,3,6.0,86.96,50
103370,Ananya Joshi,ECE,6,6.0,66.37,75
103371,Vikram Gupta,ME,8,6.0,41.12,65
103372,Kabir Gupta,CSE,2,8.5,16.95,65
103373,Priya Patel,CSE,5,8.0,17.5,85
103374,Aarav Rao,CE,7,8.5,69.36,65
103375,Rohan Reddy,CE,1,8.5,83.1,50
103376,Aarav Rao,ME,7,9.0,6.68,75
103377,Aarav Sharma,ECE,2,9.0,76.03,75
103378,Priya Singh,ME,4,7.5,17.76,85
103379,Kabir Jha,CSE,2,6.0,22.22,65
103380,Aarav Reddy,CSE,3,8.5,65.91,65
103381,Vikram Patel,CE,2,8.0,74.84,95
103382,Isha Reddy,ECE,7,8.0,70.87,95
103383,Sneha Sharma,CSE,6,7.5,17.35,75
103384,Vikram Verma,CE,7,7.5,85.74,75
103385,Ananya Singh,ECE,7,9.0,64.29,65
103386,Kabir Patel,CSE,7,7.5,93.87,95
103387,Ananya Reddy,ME,5,6.0,28.77,95
103388,Priya Jha,ECE,8,8.0,89.48,85
103389,Sneha Jha,CE,1,8.5,69.25,65
103390,Diya Patel,ECE,1,7.5,88.0,85
103391,Isha Kumar,ME,2,7.5,44.14,65
103392,Isha Rao,EEE,4,9.0,69.73,50
103393,Rohan Patel,EEE,4,8.5,26.66,50
103394,Ananya Jha,ECE,4,7.5,42.84,75
103395,Priya Joshi,CE,5,6.0,76.09,65
103396,Rohan Kumar,ME,6,8.0,37.85,95
103397,Rohan Reddy,EEE,1,8.0,46.76,75
103398,Aditya Reddy,ME,2,7.5,97.93,75
103399,Diya Kumar,ECE,6,8.5,31.3,95
103400,Kabir Gupta,CSE,7,8.5,23.45,50
103401,Diya Rao,CSE,1,9.0,22.04,95
103402,Ananya Patel,CE,1,6.0,84.64,85
103403,Vikram Verma,ME,4,7.5,95.62,75
103404,Kabir Patel,ECE,8,8.5,72.77,65
103405,Aditya Jha,ME,7,9.0,41.41,95
103406,Rohan Reddy,ECE,7,9.0,80.91,95
103407,Ananya Kumar,ME,2,7.5,81.65,50
103408,Diya Rao,CSE,1,8.0,47.54,75
103409,Rohan Rao,CSE,1,6.0,30.81,65
103410,Isha Joshi,CE,1,8.5,23.62,65
103411,Vikram Sharma,ME,1,9.0,24.8,65
103412,Vikram Rao,EEE,4,9.0,39.64,50
103413,Isha Singh,CSE,7,7.5,79.15,85
103414,Aditya Gupta,ECE,3,6.0,88.79,85
103415,Diya Patel,CSE,1,8.0,45.21,65
103416,Aditya Reddy,ME,4,6.0,32.95,85
103417,Aarav Reddy,CE,4,9.0,20.44,75
103418,Rohan Joshi,EEE,8,9.0,2.41,50
103419,Sneha Sharma,ME,3,6.0,11.79,85
103420,Aarav Patel,EEE,7,9.0,76.48,75
103421,Vikram Jha,CSE,7,6.0,18.68,50
103422,Ananya Reddy,ECE,1,8.5,94.35,50
103423,Diya Gupta,EEE,2,7.5,56.67,50
103424,Rohan Jha,CSE,3,6.0,32.29,65
103425,Priya Singh,CE,2,7.5,91.44,50
103426,Aditya Reddy,ME,5,7.5,58.73,75
103427,Aarav Singh,EEE,4,9.0,8.71,75
103428,Priya Kumar,ME,1,8.5,35.88,65
103429,Diya Reddy,CE,1,7.5,59.88,95
103430,Diya Kumar,EEE,8,8.5,36.79,75
103431,Aditya Gupta,ME,4,9.0,51.26,75
103432,Kabir Singh,CSE,3,9.0,69.37,95
103433,Ananya Jha,EEE,2,7.5,50.2,85
103434,Vikram Reddy,ME,4,9.0,34.37,95
103435,Aditya Rao,CSE,2,6.0,85.09,65
103436,Diya Gupta,EEE,2,7.5,19.97,75
103437,Aarav Verma,CE,1,6.0,97.73,95
103438,Kabir Sharma,CE,1,6.0,51.32,65
103439,Aarav Joshi,CSE,8,8.0,15.02,85
103440,Diya Reddy,EEE,3,9.0,77.04,50
103441,Aditya Kumar,CSE,1,7.5,51.63,85
103442,Diya Kumar,EEE,3,8.0,46.69,65
103443,Ananya Verma,CE,1,6.0,59.23,75
103444,Diya Reddy,CSE,3,6.0,40.61,75
103445,Aarav Joshi,CSE,3,8.5,24.01,50
103446,Isha Sharma,ECE,7,9.0,90.14,95
103447,Kabir Patel,ECE,6,8.0,38.15,65
103448,Rohan Patel,ME,8,6.0,8.12,50
103449,Kabir Gupta,ME,3,8.0,37.39,85
103450,Diya Sharma,EEE,2,6.0,15.62,75
103451,Isha Kumar,ECE,1,9.0,90.95,95
103452,Isha Reddy,CSE,4,9.0,64.9,95
103453,Aarav Gupta,ME,4,7.5,13.3,85
103454,Kabir Sharma,ME,6,6.0,76.41,50
103455,Aditya Verma,EEE,8,6.0,77.89,75
103456,Aarav Singh,CE,5,8.0,89.89,85
103457,Rohan Verma,ME,8,8.5,24.88,50
103458,Kabir Reddy,CE,3,8.0,96.07,95
103459,Vikram Sharma,CE,7,8.0,60.43,65
103460,Aditya Reddy,ME,2,8.0,58.15,50
103461,Isha Gupta,ECE,1,8.0,18.6,50
103462,Vikram Gupta,ECE,7,6.0,12.88,65
103463,Vikram Reddy,CSE,8,8.5,56.92,95
103464,Rohan Singh,ME,7,6.0,59.0,95
103465,Rohan Rao,EEE,4,8.0,75.15,75
103466,Isha Reddy,EEE,8,8.5,45.09,75
103467,Sneha Reddy,CSE,5,8.0,25.48,75
103468,Aarav Joshi,ME,4,7.5,20.01,65
103469,Priya Rao,CSE,3,8.0,40.25,75
103470,Aarav Verma,ME,5,9.0,97.89,95
103471,Isha Reddy,ECE,2,8.5,30.5,65
103472,Priya Sharma,ME,2,9.0,11.82,75
103473,Aditya Rao,CE,6,8.0,63.56,50
103474,Isha Gupta,CSE,7,8.0,83.28,75
103475,Kabir Gupta,ECE,5,7.5,32.95,75
103476,Rohan Sharma,EEE,3,6.0,83.17,50
103477,Diya Jha,CE,7,6.0,80.04,95
103478,Kabir Joshi,EEE,7,8.5,93.77,50
103479,Aditya Sharma,ME,7,8.0,87.93,75
103480,Isha Kumar,ECE,1,6.0,40.85,95
103481,Aditya Reddy,EEE,6,9.0,15.29,65
103482,Kabir Sharma,ME,4,7.5,30.74,95
103483,Ananya Gupta,ME,4,7.5,65.66,75
103484,Diya Kumar,CE,2,8.5,49.62,85
103485,Priya Gupta,CSE,8,7.5,34.96,95
103486,Vikram Verma,EEE,3,8.5,14.66,65
103487,Diya Rao,EEE,2,8.0,51.56,75
103488,Priya Jha,CSE,4,9.0,18.38,65
103489,Kabir Patel,CE,5,8.0,0.01,75
103490,Isha Reddy,CSE,8,8.0,53.45,95
103491,Priya Kumar,CSE,1,9.0,47.04,75
103492,Ananya Rao,CSE,8,8.5,97.75,65
103493,Aditya Kumar,CSE,8,8.5,96.1,65
103494,Aditya Rao,ME,2,8.0,38.35,95
103495,Aarav Rao,CSE,6,8.0,34.43,75
103496,Ananya Verma,ME,8,6.0,71.83,50
103497,Vikram Kumar,ECE,2,7.5,4.69,65
103498,Isha Sharma,CSE,5,6.0,24.58,95
103499,Kabir Kumar,ME,2,8.5,98.47,65
103500,Priya Rao,EEE,3,9.0,80.43,85
103501,Priya Rao,CE,7,8.5,76.72,95
103502,Aarav Singh,EEE,6,7.5,54.4,95
103503,Kabir Sharma,CE,1,8.5,32.17,85
103504,Sneha Verma,CE,5,6.0,70.93,95
103505,Priya Singh,ME,7,9.0,5.55,65
103506,Diya Jha,ME,5,9.0,50.31,75
103507,Aarav Reddy,CE,1,9.0,96.5,50
103508,Isha Sharma,EEE,3,8.0,67.95,50
103509,Diya Rao,CSE,5,8.5,7.89,65
103510,Rohan Reddy,CE,2,6.0,53.71,95
103511,Sneha Joshi,CSE,6,8.0,39.93,65
103512,Ananya Verma,EEE,7,8.0,99.42,50
103513,Rohan Gupta,CSE,6,6.0,90.5,65
103514,Aarav Jha,CE,5,7.5,27.85,50
103515,Aarav Joshi,ECE,4,6.0,75.07,65
103516,Vikram Verma,EEE,6,6.0,57.66,50
103517,Isha Reddy,CE,3,6.0,17.98,65
103518,Diya Reddy,CSE,6,7.5,1.36,85
103519,Vikram Verma,EEE,5,7.5,37.4,65
103520,Isha Sharma,ECE,7,9.0,4.84,95
103521,Vikram Singh,CSE,7,9.0,43.4,85
103522,Sneha Sharma,ECE,2,9.0,42.89,75
103523,Diya Joshi,EEE,2,9.0,21.64,85
103524,Diya Verma,ECE,1,8.5,23.73,85
103525,Rohan Kumar,ECE,1,9.0,33.9,85
103526,Priya Jha,ME,8,8.5,36.67,65
103527,Diya Gupta,CE,1,8.0,71.66,95
103528,Aarav Gupta,CE,6,6.0,94.75,75
103529,Sneha Patel,ME,3,7.5,28.58,95
103530,Diya Patel,ME,6,6.0,9.06,65
103531,Aarav Joshi,CSE,7,7.5,35.04,50
103532,Kabir Patel,ME,7,9.0,15.69,50
103533,Diya Kumar,ECE,2,8.0,49.5,65
103534,Vikram Reddy,CSE,4,8.5,40.84,50
103535,Rohan Patel,EEE,7,8.0,1.05,85
103536,Rohan Reddy,CE,1,9.0,35.33,50
103537,Sneha Joshi,ME,1,8.0,95.49,65
103538,Aarav Verma,CE,4,8.5,63.48,75
103539,Vikram Jha,CSE,6,8.0,34.69,75
103540,Diya Sharma,ME,3,8.5,30.22,95
103541,Priya Rao,ME,5,8.0,26.53,75
103542,Vikram Patel,ME,4,7.5,81.17,50
103543,Isha Rao,CSE,6,6.0,12.31,50
103544,Ananya Joshi,EEE,7,8.5,74.36,85
103545,Vikram Rao,ECE,7,6.0,88.52,95
103546,Priya Singh,ME,8,9.0,67.06,50
103547,Vikram Joshi,CSE,6,8.0,4.92,65
103548,Priya Jha,CE,2,6.0,24.44,65
103549,Ananya Rao,ECE,3,7.5,35.99,85
103550,Priya Singh,ECE,3,6.0,60.37,75
103551,Priya Gupta,ECE,7,6.0,3.99,95
103552,Rohan Kumar,ECE,3,8.5,93.48,50
103553,Vikram Rao,EEE,3,6.0,43.93,75
103554,Diya Gupta,ECE,6,6.0,4.67,75
103555,Rohan Sharma,EEE,2,8.0,99.16,85
103556,Vikram Rao,ECE,4,8.0,17.52,85
103557,Kabir Gupta,ECE,5,7.5,7.06,95
103558,Aditya Gupta,EEE,1,9.0,48.33,95
103559,Ananya Kumar,ME,6,9.0,38.9,65
103560,Sneha Reddy,EEE,2,7.5,95.94,95
103561,Aarav Sharma,CE,5,8.0,21.34,50
103562,Rohan Reddy,ECE,3,6.0,46.74,75
103563,Priya Verma,CE,1,8.0,40.18,95
103564,Isha Sharma,CE,1,8.5,36.15,95
103565,Vikram Sharma,ME,6,6.0,50.34,75
103566,Rohan Patel,CSE,1,8.5,79.11,65
103567,Aarav Gupta,CE,5,8.0,64.8,95
103568,Isha Kumar,EEE,3,6.0,42.02,75
103569,Diya Sharma,CE,3,8.0,4.0,50
103570,Vikram Singh,EEE,6,8.5,79.39,65
103571,Kabir Reddy,CSE,5,6.0,26.73,95
103572,Isha Rao,ECE,2,9.0,21.76,65
103573,Diya Jha,EEE,5,8.5,59.82,75
103574,Kabir Rao,EEE,7,6.0,74.01,50
103575,Sneha Sharma,ME,4,8.5,41.69,95
103576,Kabir Singh,ECE,3,7.5,97.54,50
103577,Vikram Verma,ECE,2,8.0,54.81,65
103578,Aditya Verma,CSE,6,9.0,56.24,50
103579,Priya Patel,CSE,1,6.0,18.25,75
103580,Vikram Gupta,ECE,4,6.0,97.22,85
103581,Kabir Jha,ME,3,8.5,92.91,75
103582,Sneha Reddy,CE,8,9.0,51.34,50
103583,Aditya Gupta,ECE,4,8.5,64.3,95
103584,Isha Sharma,ME,5,9.0,52.22,95
103585,Ananya Singh,ME,6,6.0,46.75,65
103586,Diya Joshi,ME,7,7.5,67.94,50
103587,Vikram Jha,EEE,5,7.5,79.68,95
103588,Aditya Singh,CSE,8,7.5,39.5,85
103589,Aarav Joshi,CSE,3,8.0,38.42,95
103590,Aarav Verma,CE,6,6.0,31.87,65
103591,Aditya Reddy,ME,6,6.0,92.68,50
103592,Sneha Kumar,ME,8,7.5,99.12,50
103593,Kabir Jha,CE,5,8.5,5.23,50
103594,Isha Kumar,EEE,7,9.0,85.58,95
103595,Aarav Kumar,CSE,7,8.0,25.54,75
103596,Rohan Gupta,ME,5,9.0,76.98,75
103597,Diya Jha,ME,1,8.5,84.8,50
103598,Priya Joshi,CE,7,9.0,77.55,50
103599,Isha Sharma,CSE,8,7.5,24.52,75
103600,Aarav Rao,ME,5,6.0,21.22,50
103601,Vikram Sharma,ECE,1,7.5,33.28,95
103602,Aditya Rao,EEE,4,6.0,60.87,85
103603,Ananya Singh,ME,1,6.0,43.33,85
103604,Diya Jha,EEE,8,9.0,91.93,50
103605,Isha Gupta,ME,6,9.0,55.52,75
103606,Priya Kumar,CE,5,7.5,29.88,85
103607,Isha Singh,ME,7,6.0,49.21,50
103608,Aarav Rao,ME,8,8.5,95.33,85
103609,Kabir Sharma,ME,1,6.0,98.26,85
103610,Rohan Rao,ME,5,8.5,87.19,95
103611,Priya Verma,ME,3,8.5,28.04,85
103612,Isha Singh,ME,3,6.0,9.64,65
103613,Isha Jha,CE,5,8.0,46.03,95
103614,Sneha Verma,ME,2,9.0,42.54,50
103615,Aditya Gupta,ECE,1,7.5,75.46,85
103616,Diya Kumar,EEE,7,6.0,80.6,85
103617,Ananya Rao,CE,3,8.5,76.65,65
103618,Vikram Sharma,ME,7,7.5,75.67,85
103619,Isha Reddy,CE,5,9.0,20.98,75
103620,Priya Sharma,CE,7,8.5,59.04,95
103621,Ananya Kumar,CSE,2,6.0,50.07,50
103622,Rohan Reddy,ME,6,8.0,41.43,65
103623,Diya Sharma,CE,3,9.0,46.02,95
103624,Priya Jha,CSE,8,8.0,94.58,50
103625,Rohan Gupta,ECE,8,8.5,57.32,95
103626,Vikram Kumar,ME,8,8.5,88.86,65
103627,Isha Jha,EEE,6,6.0,7.06,95
103628,Vikram Jha,ME,6,8.0,52.48,75
103629,Aditya Rao,CSE,8,7.5,46.28,75
103630,Sneha Rao,CSE,6,8.5,5.81,85
103631,Kabir Kumar,EEE,7,8.5,82.68,85
103632,Aditya Patel,EEE,8,9.0,52.51,85
103633,Aarav Jha,CE,2,9.0,59.37,50
103634,Ananya Gupta,CSE,1,8.0,33.37,75
103635,Aditya Joshi,CSE,3,6.0,64.7,50
103636,Aditya Reddy,CSE,3,8.5,2.66,85
103637,Aarav Reddy,CE,1,9.0,4.71,50
103638,Rohan Singh,CE,3,6.0,14.4,75
103639,Diya Singh,ECE,5,7.5,51.14,75
103640,Kabir Rao,CE,1,6.0,31.62,75
103641,Isha Kumar,CE,7,7.5,78.29,75
103642,Priya Kumar,ME,8,7.5,48.68,85
103643,Ananya Gupta,ECE,2,9.0,34.03,95
103644,Sneha Jha,CSE,6,8.5,9.36,95
103645,Diya Rao,ECE,5,8.5,28.02,95
103646,Kabir Kumar,EEE,4,8.5,7.63,85
103647,Kabir Jha,CSE,2,9.0,93.62,85
103648,Sneha Sharma,ECE,7,9.0,44.4,95
103649,Vikram Joshi,EEE,2,6.0,58.28,50
103650,Isha Rao,CE,1,8.5,14.21,95
103651,Kabir Patel,ME,7,7.5,26.34,95
103652,Diya Patel,CSE,4,6.0,42.33,85
103653,Kabir Sharma,CSE,7,6.0,13.47,75
103654,Isha Singh,CE,4,6.0,35.51,65
103655,Sneha Jha,ECE,3,8.5,23.35,95
103656,Vikram Joshi,ECE,1,8.5,82.99,75
103657,Aditya Kumar,ME,3,6.0,22.68,75
103658,Kabir Verma,CE,6,9.0,34.7,85
103659,Kabir Joshi,ECE,7,6.0,2.4,65
103660,Priya Patel,ME,7,9.0,70.9,65
103661,Rohan Verma,ME,6,8.0,65.03,50
103662,Isha Patel,EEE,2,6.0,44.2,65
103663,Aarav Gupta,ECE,2,6.0,9.4,50
103664,Aditya Verma,ME,2,6.0,76.32,75
103665,Isha Reddy,CSE,5,8.0,20.34,85
103666,Isha Patel,CSE,3,8.5,71.9,50
103667,Aditya Reddy,ME,4,6.0,77.07,95
103668,Rohan Reddy,ME,1,7.5,64.58,50
103669,Rohan Verma,EEE,4,8.5,45.24,95
103670,Diya Reddy,CE,7,8.0,7.8,95
103671,Sneha Reddy,ECE,5,6.0,95.01,95
103672,Rohan Gupta,ECE,4,7.5,58.84,75
103673,Ananya Singh,CE,7,8.0,89.11,85
103674,Sneha Rao,CSE,2,6.0,45.23,95
103675,Sneha Gupta,ME,5,8.0,12.03,65
103676,Aarav Rao,ECE,4,7.5,85.83,50
103677,Isha Patel,CE,6,6.0,30.72,65
103678,Aarav Verma,EEE,7,6.0,75.16,65
103679,Priya Verma,EEE,6,7.5,64.28,65
103680,Sneha Kumar,EEE,3,9.0,48.6,65
103681,Vikram Patel,CSE,5,8.0,2.63,75
103682,Sneha Sharma,ECE,6,6.0,72.86,65
103683,Kabir Patel,ME,7,8.0,18.06,85
103684,Priya Rao,CSE,5,6.0,24.12,65
103685,Ananya Patel,ME,5,7.5,73.89,95
103686,Sneha Jha,ME,4,8.0,9.28,75
103687,Diya Jha,EEE,8,8.5,31.68,65
103688,Rohan Sharma,ME,1,8.5,28.54,95
103689,Isha Reddy,CE,2,6.0,5.18,65
103690,Sneha Joshi,CSE,1,6.0,69.67,95
103691,Priya Verma,ME,4,8.5,32.46,75
103692,Kabir Singh,CE,8,8.5,17.08,65
103693,Aarav Jha,EEE,2,8.0,9.73,50
103694,Vikram Joshi,ME,7,8.0,33.07,75
103695,Aarav Reddy,EEE,1,9.0,42.78,85
103696,Priya Singh,CSE,6,6.0,17.92,85
103697,Priya Sharma,CE,1,8.5,19.52,50
103698,Aditya Reddy,ME,6,8.5,1.89,85
103699,Rohan Gupta,ME,2,8.5,78.83,75
103700,Vikram Reddy,CE,1,8.5,7.54,50
103701,Diya Rao,ECE,1,7.5,85.99,75
103702,Priya Singh,EEE,3,7.5,85.29,75
103703,Aarav Sharma,ME,4,8.5,58.71,95
103704,Rohan Sharma,ME,7,7.5,2.75,75
103705,Diya Sharma,CSE,2,9.0,25.6,75
103706,Priya Singh,EEE,2,8.0,64.17,95
103707,Rohan Joshi,CE,2,8.5,15.83,75
103708,Diya Patel,ME,7,6.0,33.33,75
103709,Kabir Gupta,EEE,7,8.5,80.42,95
103710,Isha Reddy,CSE,3,9.0,51.2,50
103711,Priya Patel,ECE,1,6.0,58.33,75
103712,Priya Reddy,CE,8,9.0,86.7,65
103713,Kabir Rao,EEE,6,7.5,47.19,85
103714,Sneha Reddy,CSE,6,9.0,99.73,85
103715,Sneha Kumar,EEE,2,7.5,76.4,85
103716,Rohan Kumar,ECE,1,6.0,41.66,85
103717,Ananya Patel,CE,6,7.5,40.43,50
103718,Sneha Gupta,ME,8,6.0,94.9,85
103719,Vikram Reddy,ME,4,9.0,56.12,95
103720,Vikram Gupta,EEE,6,7.5,15.41,50
103721,Vikram Jha,EEE,3,6.0,33.88,95
103722,Rohan Jha,CE,4,8.0,54.71,95
103723,Sneha Patel,ECE,5,7.5,32.85,85
103724,Vikram Singh,EEE,1,9.0,10.13,65
103725,Aditya Gupta,ME,8,7.5,23.64,65
103726,Aditya Verma,CE,2,9.0,22.46,75
103727,Ananya Verma,CE,4,9.0,8.84,85
103728,Aarav Jha,ECE,8,9.0,5.89,65
103729,Rohan Sharma,CSE,5,8.0,42.36,75
103730,Aditya Sharma,EEE,3,6.0,27.51,50
103731,Ananya Gupta,CSE,5,8.5,19.65,50
103732,Kabir Jha,CE,3,6.0,27.8,85
103733,Diya Gupta,CE,5,8.0,40.55,50
103734,Diya Verma,CE,3,8.0,58.51,50
103735,Kabir Sharma,ECE,7,7.5,26.23,95
103736,Ananya Verma,ECE,7,7.5,38.33,65
103737,Diya Jha,CSE,7,7.5,67.22,85
103738,Aditya Singh,ECE,6,7.5,11.09,95
103739,Vikram Verma,ECE,6,7.5,57.12,85
103740,Vikram Singh,EEE,5,8.0,3.39,95
103741,Ananya Singh,ECE,4,9.0,27.19,65
103742,Vikram Jha,ECE,5,8.0,10.04,95
103743,Diya Joshi,ME,2,9.0,95.5,85
103744,Isha Rao,ECE,1,6.0,25.1,75
103745,Ananya Verma,CE,1,7.5,57.83,50
103746,Diya Verma,CSE,1,8.0,65.62,95
103747,Aarav Gupta,EEE,7,9.0,92.58,65
103748,Aditya Sharma,CSE,1,8.0,14.44,65
103749,Priya Patel,EEE,6,8.5,26.11,85
103750,Aarav Singh,ME,4,9.0,6.14,50
103751,Diya Verma,CE,2,7.5,54.35,95
103752,Ananya Kumar,CE,2,9.0,88.38,75
103753,Ananya Singh,ECE,2,6.0,30.94,75
103754,Rohan Patel,CE,1,9.0,93.29,85
103755,Ananya Patel,CSE,2,9.0,53.36,75
103756,Kabir Kumar,ECE,8,6.0,7.51,95
103757,Priya Reddy,CE,6,8.0,29.46,95
103758,Priya Rao,CSE,4,8.5,96.4,50
103759,Isha Patel,EEE,2,9.0,37.9,95
103760,Diya Patel,ECE,4,7.5,11.9,95
103761,Aarav Verma,ECE,2,9.0,21.78,50
103762,Vikram Rao,CE,3,8.5,40.65,95
103763,Sneha Kumar,ECE,6,6.0,65.6,85
103764,Kabir Verma,CSE,3,8.5,28.3,85
103765,Ananya Jha,EEE,5,6.0,91.49,75
103766,Vikram Reddy,EEE,5,8.0,98.2,75
103767,Priya Sharma,CSE,6,9.0,99.04,50
103768,Sneha Reddy,CE,6,8.5,91.7,50
103769,Sneha Kumar,EEE,5,9.0,85.17,85
103770,Isha Verma,CE,3,6.0,13.33,50
103771,Sneha Reddy,ME,1,6.0,87.4,65
103772,Aarav Sharma,CSE,5,8.5,65.39,75
103773,Ananya Singh,CSE,7,6.0,95.57,65
103774,Rohan Patel,CSE,8,7.5,10.26,50
103775,Aarav Reddy,CE,1,6.0,98.83,85
103776,Ananya Jha,ECE,3,7.5,40.76,75
103777,Aditya Verma,CSE,6,8.5,65.96,85
103778,Priya Gupta,EEE,3,9.0,55.61,50
103779,Aarav Joshi,ME,8,7.5,15.55,85
103780,Sneha Rao,EEE,5,8.0,27.29,85
103781,Aditya Patel,CE,2,7.5,88.99,75
103782,Ananya Singh,ME,1,9.0,94.57,95
103783,Priya Kumar,CE,3,8.0,64.31,85
103784,Rohan Sharma,CE,5,9.0,70.02,75
103785,Sneha Jha,EEE,1,7.5,46.44,50
103786,Aarav Gupta,EEE,1,7.5,2.37,65
103787,Ananya Rao,ME,6,9.0,7.72,95
103788,Rohan Joshi,CSE,5,9.0,55.57,75
103789,Kabir Gupta,EEE,1,7.5,64.16,75
103790,Aditya Rao,ECE,1,8.0,75.6,50
103791,Aditya Sharma,ECE,8,8.0,77.31,65
103792,Rohan Verma,ECE,8,6.0,91.77,50
103793,Vikram Rao,EEE,1,9.0,33.19,75
103794,Sneha Jha,ME,5,7.5,2.09,85
103795,Kabir Gupta,EEE,1,8.5,60.27,65
103796,Diya Sharma,ME,6,8.5,51.98,65
103797,Vikram Sharma,CE,2,7.5,38.85,75
103798,Isha Singh,ECE,8,6.0,37.13,75
103799,Ananya Reddy,ME,3,7.5,9.32,50
103800,Vikram Joshi,CSE,5,6.0,55.18,75
103801,Sneha Singh,CSE,5,7.5,72.29,50
103802,Diya Gupta,EEE,7,9.0,30.13,50
103803,Isha Gupta,ME,1,8.0,67.53,75
103804,Rohan Patel,ECE,4,7.5,0.48,50
103805,Kabir Verma,CE,3,6.0,72.01,50
103806,Priya Reddy,EEE,2,7.5,33.8,75
103807,Kabir Rao,CSE,7,9.0,49.9,50
103808,Aarav Gupta,ME,3,8.0,6.14,85
103809,Priya Singh,ECE,6,8.0,29.11,75
103810,Priya Verma,ME,3,8.5,22.64,85
103811,Aarav Gupta,EEE,7,9.0,90.48,50
103812,Diya Rao,CSE,8,8.5,48.54,50
103813,Diya Gupta,ECE,1,7.5,40.73,75
103814,Rohan Verma,ME,4,9.0,89.98,75
103815,Diya Singh,CE,1,6.0,98.62,95
103816,Aarav Singh,CSE,4,8.0,50.01,85
103817,Aditya Kumar,CSE,3,9.0,41.8,50
103818,Diya Sharma,CSE,4,8.5,21.16,65
103819,Priya Jha,EEE,8,9.0,6.18,75
103820,Aarav Gupta,EEE,6,8.5,37.68,50
103821,Sneha Reddy,ME,8,7.5,74.0,85
103822,Diya Patel,CSE,8,6.0,62.16,95
103823,Priya Sharma,ME,6,9.0,97.74,65
103824,Priya Verma,CE,8,8.5,78.18,65
103825,Ananya Patel,ME,7,8.0,73.39,50
103826,Isha Sharma,CSE,5,9.0,35.27,95
103827,Diya Verma,CSE,8,8.5,42.79,95
103828,Vikram Kumar,CSE,6,7.5,47.09,65
103829,Vikram Verma,ECE,1,7.5,16.01,65
103830,Sneha Jha,EEE,1,6.0,7.42,85
103831,Diya Sharma,ECE,3,8.0,67.52,75
103832,Isha Joshi,CE,1,9.0,82.59,85
103833,Vikram Singh,ME,4,8.5,19.84,50
103834,Ananya Joshi,ME,3,7.5,13.81,75
103835,Aditya Patel,EEE,6,8.0,91.16,65
103836,Ananya Patel,ECE,5,7.5,4.0,50
103837,Priya Jha,ME,4,7.5,53.79,65
103838,Rohan Singh,CSE,4,8.5,43.74,95
103839,Aditya Reddy,CE,4,8.5,47.87,50
103840,Kabir Verma,CE,4,8.5,49.69,85
103841,Diya Verma,ME,4,6.0,13.95,50
103842,Ananya Patel,CSE,7,6.0,16.37,65
103843,Vikram Patel,ECE,7,9.0,79.3,50
103844,Sneha Verma,ECE,8,9.0,27.96,75
103845,Priya Singh,CE,6,8.0,31.4,50
103846,Vikram Rao,CE,7,8.5,44.13,65
103847,Diya Reddy,ECE,3,9.0,80.22,75
103848,Sneha Verma,CSE,5,9.0,13.81,95
103849,Vikram Rao,ECE,7,9.0,53.38,95
103850,Ananya Gupta,CSE,7,7.5,75.07,65
103851,Isha Gupta,EEE,4,6.0,70.22,50
103852,Isha Rao,ECE,5,9.0,26.93,95
103853,Ananya Gupta,EEE,2,9.0,86.87,85
103854,Sneha Sharma,ECE,3,9.0,29.27,65
103855,Isha Joshi,CSE,5,8.0,97.25,75
103856,Diya Jha,ECE,6,6.0,51.98,75
103857,Aarav Jha,CSE,4,7.5,61.1,75
103858,Ananya Patel,CE,3,8.5,19.31,75
103859,Rohan Sharma,EEE,5,6.0,71.78,85
103860,Isha Reddy,CE,1,6.0,40.7,75
103861,Rohan Joshi,CE,4,8.5,6.74,75
103862,Rohan Sharma,CSE,5,7.5,26.84,65
103863,Kabir Joshi,ECE,4,9.0,21.25,50
103864,Diya Reddy,CSE,3,6.0,69.13,95
103865,Vikram Jha,CSE,4,9.0,85.18,95
103866,Kabir Rao,ME,7,8.0,59.94,50
103867,Aditya Kumar,CE,5,9.0,83.39,50
103868,Priya Gupta,ME,6,8.0,9.36,85
103869,Priya Kumar,CSE,1,7.5,89.89,85
103870,Vikram Verma,CE,6,8.0,53.06,50
103871,Aarav Joshi,CSE,4,8.5,73.37,65
103872,Aarav Patel,ME,2,8.5,6.14,65
103873,Ananya Kumar,CE,7,7.5,33.99,95
103874,Priya Kumar,ECE,2,9.0,64.57,65
103875,Kabir Jha,ME,6,7.5,19.71,75
103876,Aarav Verma,CE,6,6.0,44.74,75
103877,Isha Joshi,ME,1,7.5,92.71,95
103878,Rohan Jha,CSE,7,8.5,52.71,75
103879,Priya Jha,CSE,7,7.5,36.58,50
103880,Vikram Joshi,CE,2,7.5,57.13,65
103881,Isha Kumar,EEE,4,8.0,15.98,95
103882,Isha Sharma,ME,1,8.0,97.9,95
103883,Sneha Singh,ME,6,8.0,6.7,65
103884,Vikram Kumar,CE,3,6.0,24.69,95
103885,Priya Rao,EEE,3,8.0,38.79,50
103886,Rohan Verma,CE,8,9.0,4.33,75
103887,Sneha Joshi,ME,7,8.0,48.49,75
103888,Aarav Singh,CSE,3,8.5,34.1,65
103889,Isha Gupta,CE,7,6.0,56.02,75
103890,Priya Patel,ME,2,7.5,81.1,75
103891,Aarav Gupta,ME,3,8.0,37.06,85
103892,Vikram Verma,ECE,1,9.0,46.71,85
103893,Aarav Joshi,EEE,8,7.5,72.21,85
103894,Isha Singh,EEE,3,7.5,79.34,50
103895,Isha Verma,CSE,5,7.5,12.83,95
103896,Isha Joshi,CE,4,7.5,60.25,50
103897,Isha Verma,ECE,2,6.0,14.16,95
103898,Rohan Singh,ME,5,6.0,88.84,95
103899,Sneha Jha,CE,8,7.5,61.9,95
103900,Vikram Verma,EEE,8,7.5,36.48,95
103901,Vikram Kumar,CE,7,6.0,40.67,85
103902,Diya Rao,CE,4,8.0,77.9,65
103903,Aarav Rao,ME,3,9.0,82.41,75
103904,Rohan Reddy,ME,4,8.5,62.41,65
103905,Rohan Gupta,CSE,2,9.0,24.39,50
103906,Aarav Jha,CSE,6,7.5,47.82,65
103907,Vikram Sharma,CSE,6,6.0,64.05,85
103908,Ananya Kumar,CSE,2,8.0,39.7,50
103909,Vikram Sharma,CSE,1,8.0,34.86,75
103910,Priya Patel,CE,6,8.5,86.35,85
103911,Priya Kumar,ME,4,7.5,89.44,65
103912,Rohan Verma,ME,7,8.5,9.13,85
103913,Vikram Singh,EEE,7,6.0,38.73,50
103914,Priya Gupta,CSE,4,8.5,99.49,65
103915,Rohan Reddy,CE,6,8.5,51.84,85
103916,Vikram Joshi,ME,5,9.0,59.22,85
103917,Isha Gupta,ME,1,8.5,3.44,75
103918,Rohan Sharma,EEE,7,9.0,8.64,85
103919,Vikram Sharma,ME,2,7.5,55.95,65
103920,Kabir Singh,ECE,8,8.0,40.06,85
103921,Priya Sharma,ECE,4,6.0,42.08,75
103922,Priya Reddy,EEE,4,8.5,8.94,50
103923,Aarav Sharma,EEE,1,8.0,59.52,50
103924,Ananya Joshi,CE,2,7.5,80.95,50
103925,Aditya Sharma,ECE,4,6.0,95.18,95
103926,Sneha Joshi,EEE,3,7.5,5.06,75
103927,Priya Sharma,ME,4,6.0,41.72,75
103928,Priya Reddy,CE,3,9.0,64.27,65
103929,Ananya Gupta,ECE,7,8.5,34.88,95
103930,Diya Patel,CE,5,7.5,84.68,75
103931,Priya Verma,CSE,1,6.0,68.09,85
103932,Priya Sharma,EEE,7,6.0,20.28,65
103933,Diya Joshi,ME,3,8.0,58.45,75
103934,Kabir Gupta,CE,4,8.0,40.82,65
103935,Aarav Verma,CE,8,8.5,69.01,85
103936,Aditya Jha,CE,7,8.0,12.53,85
103937,Aditya Singh,CE,4,9.0,52.6,65
103938,Sneha Sharma,CSE,7,8.0,78.23,75
103939,Isha Reddy,ECE,3,7.5,43.23,65
103940,Aditya Joshi,CSE,4,7.5,39.71,65
103941,Sneha Gupta,ECE,1,9.0,58.08,65
103942,Sneha Rao,EEE,2,8.5,34.14,65
103943,Isha Jha,ECE,7,6.0,60.33,65
103944,Vikram Patel,CSE,4,6.0,36.94,65
103945,Aditya Sharma,ME,1,8.5,91.85,65
103946,Ananya Jha,CSE,7,7.5,55.14,65
103947,Diya Verma,ECE,6,6.0,35.09,75
103948,Aditya Joshi,CE,2,8.0,84.15,95
103949,Aditya Reddy,CSE,1,8.0,36.11,50
103950,Aarav Rao,ECE,5,6.0,70.4,50
103951,Aditya Jha,EEE,8,8.0,46.31,75
103952,Priya Sharma,ECE,4,7.5,10.17,75
103953,Sneha Sharma,CSE,7,8.0,3.61,75
103954,Rohan Rao,CSE,7,8.5,60.07,65
103955,Rohan Gupta,ECE,4,7.5,21.08,85
103956,Aditya Sharma,CE,3,9.0,1.36,65
103957,Priya Sharma,ECE,5,9.0,90.47,50
103958,Vikram Gupta,ME,8,8.5,46.96,65
103959,Kabir Sharma,ME,8,8.5,69.04,65
103960,Kabir Patel,CE,6,8.0,67.83,65
103961,Kabir Sharma,CE,8,7.5,36.19,75
103962,Kabir Kumar,ECE,5,8.5,6.56,85
103963,Vikram Joshi,EEE,7,7.5,87.4,50
103964,Kabir Joshi,ECE,5,8.0,85.61,95
103965,Sneha Joshi,CE,3,8.0,83.21,75
103966,Vikram Reddy,ME,6,7.5,2.93,85
103967,Isha Jha,ME,8,8.5,50.79,65
103968,Kabir Singh,ECE,7,9.0,61.01,65
103969,Kabir Patel,ECE,7,8.0,69.05,75
103970,Aarav Kumar,CSE,5,9.0,5.96,95
103971,Aarav Rao,ECE,5,8.0,16.52,95
103972,Aarav Jha,ECE,5,8.0,98.58,95
103973,Priya Rao,CSE,8,7.5,91.47,85
103974,Rohan Rao,ME,5,8.0,92.21,95
103975,Aarav Singh,EEE,1,8.5,13.77,75
103976,Sneha Verma,ME,1,8.0,68.91,95
103977,Aarav Patel,ME,1,9.0,95.94,85
103978,Kabir Singh,ME,4,8.5,13.93,95
103979,Diya Patel,ECE,4,8.0,62.04,50
103980,Sneha Singh,CSE,2,7.5,23.9,50
103981,Diya Sharma,ME,3,6.0,18.47,95
103982,Kabir Gupta,EEE,7,8.5,38.03,50
103983,Sneha Verma,CSE,6,6.0,52.85,85
103984,Sneha Kumar,ME,6,7.5,25.95,65
103985,Vikram Sharma,EEE,2,8.0,32.42,95
103986,Isha Patel,ME,6,6.0,68.43,85
103987,Isha Sharma,CE,3,9.0,54.38,65
103988,Vikram Jha,ECE,4,6.0,38.53,95
103989,Ananya Kumar,CE,6,7.5,71.91,75
103990,Rohan Reddy,ME,2,8.0,42.43,85
103991,Kabir Joshi,CSE,8,8.0,1.41,95
103992,Aarav Reddy,EEE,4,8.0,83.23,85
103993,Aarav Singh,EEE,6,8.5,43.58,75
103994,Aarav Patel,ME,1,8.5,72.11,85
103995,Aditya Gupta,ECE,7,6.0,67.67,65
103996,Rohan Singh,ME,4,6.0,53.1,85
103997,Aditya Sharma,ME,6,8.5,9.05,65
103998,Rohan Sharma,ECE,6,8.0,24.23,75
103999,Sneha Sharma,ECE,3,6.0,23.75,65
104000,Kabir Gupta,CE,6,6.0,44.16,95
104001,Rohan Rao,EEE,2,8.5,33.12,50
104002,Aarav Patel,ME,4,7.5,52.13,85
104003,Priya Patel,ECE,7,7.5,37.25,75
104004,Aarav Gupta,EEE,8,9.0,67.82,75
104005,Sneha Sharma,CE,3,8.5,11.47,95
104006,Isha Rao,ECE,7,8.0,95.99,95
104007,Isha Singh,ECE,2,8.0,14.13,50
104008,Ananya Sharma,EEE,8,9.0,61.86,75
104009,Ananya Rao,EEE,4,8.0,89.99,65
104010,Sneha Jha,ECE,8,8.5,48.4,75
104011,Aarav Kumar,ECE,8,8.0,44.21,95
104012,Sneha Rao,EEE,2,8.0,19.65,65
104013,Kabir Kumar,CSE,1,8.5,17.76,50
104014,Vikram Joshi,ECE,8,8.0,3.42,85
104015,Kabir Kumar,CSE,3,8.0,50.3,75
104016,Vikram Sharma,ECE,1,9.0,60.46,75
104017,Priya Patel,CE,8,6.0,29.76,75
104018,Aditya Gupta,ECE,7,9.0,9.63,85
104019,Priya Joshi,ECE,8,8.0,4.85,75
104020,Sneha Verma,ECE,4,9.0,6.01,50
104021,Kabir Gupta,ECE,1,8.0,53.54,50
104022,Rohan Kumar,ECE,3,7.5,55.02,65
104023,Ananya Reddy,EEE,2,7.5,63.72,95
104024,Vikram Sharma,ECE,2,8.0,70.14,50
104025,Vikram Rao,CSE,8,9.0,59.25,75
104026,Isha Reddy,CE,3,9.0,2.31,95
104027,Ananya Patel,CSE,1,8.5,91.33,85
104028,Ananya Reddy,ECE,5,9.0,87.14,50
104029,Aditya Rao,ME,2,6.0,45.88,85
104030,Sneha Verma,CSE,2,8.0,79.85,75
104031,Sneha Patel,ME,7,6.0,14.18,95
104032,Sneha Kumar,CE,2,9.0,45.35,50
104033,Ananya Singh,CE,8,8.0,81.09,95
104034,Aditya Joshi,CE,3,6.0,24.05,95
104035,Vikram Verma,ECE,7,8.5,38.17,85
104036,Isha Joshi,ECE,1,9.0,49.44,95
104037,Ananya Singh,EEE,8,6.0,82.32,75
104038,Rohan Gupta,ECE,5,8.5,96.14,75
104039,Kabir Reddy,CE,3,9.0,20.48,50
104040,Aarav Patel,CSE,2,6.0,41.61,75
104041,Kabir Gupta,CSE,6,9.0,51.14,85
104042,Diya Reddy,EEE,7,9.0,92.31,50
104043,Isha Sharma,ME,7,9.0,53.86,50
104044,Vikram Rao,EEE,8,7.5,21.65,85
104045,Aditya Singh,CSE,1,8.5,21.99,95
104046,Diya Singh,CE,4,7.5,7.88,65
104047,Diya Gupta,ECE,2,8.0,16.77,95
104048,Vikram Kumar,EEE,4,6.0,4.37,95
104049,Aarav Reddy,ECE,2,7.5,45.17,75
104050,Aditya Gupta,ME,8,7.5,19.26,85
104051,Aditya Verma,CE,7,8.0,84.8,95
104052,Sneha Jha,EEE,5,8.5,47.71,95
104053,Diya Rao,CE,1,8.0,92.99,85
104054,Ananya Jha,CSE,2,8.0,85.37,65
104055,Vikram Kumar,EEE,2,7.5,53.45,95
104056,Aarav Reddy,CSE,8,6.0,80.08,75
104057,Sneha Reddy,ECE,2,8.0,20.01,50
104058,Rohan Rao,CE,6,8.0,44.86,85
104059,Vikram Verma,CE,5,7.5,21.79,75
104060,Aditya Verma,CSE,4,9.0,68.97,95
104061,Diya Rao,CSE,7,7.5,94.78,85
104062,Aarav Verma,ECE,1,7.5,42.6,95
104063,Sneha Singh,ECE,2,9.0,80.25,75
104064,Priya Reddy,CSE,4,7.5,61.39,50
104065,Sneha Patel,EEE,1,8.0,4.54,65
104066,Diya Sharma,ECE,8,6.0,60.14,50
104067,Kabir Kumar,EEE,6,8.5,34.17,50
104068,Priya Rao,EEE,2,8.0,85.06,65
104069,Priya Rao,ECE,3,8.5,77.72,65
104070,Ananya Jha,ME,2,8.5,70.06,75
104071,Sneha Joshi,CSE,5,9.0,86.76,95
104072,Ananya Gupta,ECE,7,8.5,12.15,65
104073,Vikram Singh,EEE,5,9.0,9.77,95
104074,Aditya Patel,ME,4,8.0,38.96,85
104075,Aarav Rao,ECE,1,9.0,80.1,75
104076,Vikram Joshi,ME,1,9.0,42.86,75
104077,Kabir Kumar,EEE,8,8.5,27.76,85
104078,Aarav Joshi,EEE,3,6.0,46.09,75
104079,Priya Kumar,CSE,7,6.0,6.44,75
104080,Priya Rao,CE,4,8.5,45.28,75
104081,Rohan Verma,CE,4,9.0,97.46,95
104082,Rohan Patel,ECE,3,8.5,73.5,75
104083,Ananya Rao,EEE,4,7.5,6.13,95
104084,Priya Gupta,ECE,7,7.5,90.18,95
104085,Aditya Verma,ME,5,6.0,29.65,95
104086,Kabir Gupta,CSE,3,9.0,24.47,50
104087,Sneha Sharma,EEE,5,9.0,35.1,75
104088,Ananya Joshi,CE,2,6.0,41.65,75
104089,Aarav Rao,EEE,5,8.0,49.5,95
104090,Diya Joshi,EEE,2,8.0,46.75,85
104091,Kabir Gupta,ME,6,8.0,68.44,65
104092,Aarav Joshi,ECE,7,9.0,66.74,50
104093,Ananya Sharma,ECE,6,9.0,61.65,95
104094,Diya Rao,ECE,1,7.5,17.45,75
104095,Vikram Reddy,CE,7,9.0,77.54,50
104096,Sneha Singh,ECE,7,8.0,25.0,95
104097,Aditya Singh,EEE,1,7.5,79.3,50
104098,Kabir Gupta,ME,3,8.5,37.85,85
104099,Rohan Joshi,ECE,5,9.0,20.16,65
104100,Aditya Joshi,EEE,4,6.0,25.74,75
104101,Sneha Verma,EEE,7,8.0,61.23,65
104102,Aarav Joshi,CE,6,8.5,17.57,50
104103,Aditya Gupta,CE,3,7.5,34.35,75
104104,Kabir Singh,ME,1,8.0,34.74,65
104105,Aditya Joshi,EEE,6,6.0,87.91,50
104106,Aarav Singh,EEE,7,8.5,60.5,65
104107,Kabir Kumar,ECE,6,9.0,83.95,75
104108,Vikram Kumar,CSE,5,9.0,80.26,85
104109,Priya Sharma,CSE,6,7.5,55.05,85
104110,Priya Patel,ME,7,8.0,51.63,65
104111,Vikram Jha,EEE,5,8.5,40.86,95
104112,Isha Sharma,CE,1,8.0,26.09,95
104113,Ananya Verma,CSE,4,8.0,26.07,50
104114,Isha Verma,ME,7,8.5,35.85,50
104115,Sneha Sharma,ME,2,6.0,50.52,65
104116,Ananya Reddy,CE,5,8.0,88.68,65
104117,Rohan Singh,ME,4,7.5,36.79,65
104118,Vikram Rao,EEE,6,8.0,97.64,75
104119,Sneha Sharma,ME,7,6.0,70.74,75
104120,Isha Kumar,ME,1,8.0,71.19,50
104121,Rohan Joshi,CE,2,8.0,70.3,85
104122,Rohan Kumar,CE,2,6.0,3.33,50
104123,Sneha Sharma,ECE,6,8.5,99.9,65
104124,Rohan Reddy,ME,2,6.0,76.06,95
104125,Aditya Patel,EEE,4,6.0,40.72,65
104126,Aarav Reddy,ECE,6,6.0,22.07,50
104127,Ananya Sharma,CSE,3,6.0,57.81,50
104128,Sneha Verma,EEE,4,8.0,29.39,50
104129,Sneha Gupta,CE,8,7.5,37.6,75
104130,Aarav Singh,CE,6,9.0,5.16,95
104131,Vikram Singh,ME,5,8.5,21.13,50
104132,Kabir Reddy,EEE,7,8.0,71.87,95
104133,Ananya Joshi,CSE,3,8.5,37.08,50
104134,Vikram Verma,CE,1,7.5,21.98,65
104135,Isha Patel,ME,6,8.0,88.61,50
104136,Vikram Gupta,CE,4,9.0,44.45,65
104137,Aarav Joshi,EEE,8,6.0,26.5,50
104138,Sneha Rao,ME,5,6.0,94.09,95
104139,Sneha Gupta,EEE,6,9.0,44.61,95
104140,Kabir Sharma,ECE,8,8.0,41.99,75
104141,Kabir Sharma,ME,3,7.5,86.66,85
104142,Isha Kumar,CSE,5,6.0,35.07,85
104143,Ananya Verma,ME,8,7.5,65.17,95
104144,Aarav Rao,EEE,1,7.5,64.33,85
104145,Diya Patel,CSE,7,6.0,35.71,65
104146,Rohan Singh,ME,5,8.5,52.53,50
104147,Vikram Kumar,ECE,6,7.5,91.38,75
104148,Rohan Reddy,CE,1,9.0,91.54,65
104149,Aarav Sharma,ME,8,8.5,99.95,95
104150,Ananya Verma,CSE,4,8.5,58.49,85
104151,Sneha Reddy,CSE,2,6.0,76.54,75
104152,Diya Rao,CE,6,6.0,8.68,65
104153,Sneha Joshi,ECE,8,8.5,27.67,50
104154,Ananya Patel,ME,8,9.0,92.33,65
104155,Vikram Joshi,CE,1,6.0,46.16,50
104156,Vikram Reddy,CE,3,6.0,1.58,50
104157,Rohan Kumar,CE,6,9.0,58.62,75
104158,Aditya Rao,CSE,5,9.0,70.14,75
104159,Priya Sharma,ECE,3,7.5,90.83,75
104160,Sneha Patel,CE,4,8.0,42.23,50
104161,Ananya Patel,CSE,6,6.0,87.57,65
104162,Vikram Reddy,CSE,5,8.0,45.11,50
104163,Priya Joshi,EEE,2,9.0,73.32,95
104164,Sneha Gupta,ME,8,9.0,30.24,65
104165,Aarav Singh,ME,5,8.0,1.67,75
104166,Rohan Singh,EEE,8,8.5,83.83,85
104167,Aditya Reddy,CE,5,8.0,86.45,95
104168,Kabir Verma,ECE,2,8.0,91.87,85
104169,Aditya Singh,CSE,3,9.0,37.39,95
104170,Vikram Kumar,EEE,2,8.5,95.09,95
104171,Aditya Kumar,ECE,2,7.5,60.23,85
104172,Diya Rao,CSE,5,9.0,67.74,50
104173,Rohan Joshi,CE,6,6.0,51.88,85
104174,Vikram Jha,ME,3,6.0,20.55,85
104175,Diya Singh,ME,2,8.0,71.65,85
104176,Aarav Singh,EEE,2,8.5,86.61,85
104177,Kabir Gupta,EEE,3,7.5,15.7,65
104178,Diya Kumar,EEE,8,8.5,24.22,85
104179,Aarav Rao,CSE,3,7.5,31.44,50
104180,Priya Patel,CSE,2,9.0,40.16,95
104181,Priya Verma,ME,6,7.5,84.9,95
104182,Sneha Singh,CSE,4,8.5,30.73,95
104183,Isha Jha,EEE,2,8.5,9.98,85
104184,Diya Reddy,ME,5,9.0,31.29,65
104185,Vikram Reddy,ECE,5,8.0,88.63,75
104186,Aditya Gupta,EEE,2,9.0,93.88,75
104187,Kabir Kumar,ECE,1,9.0,68.44,75
104188,Ananya Sharma,CE,2,6.0,74.82,85
104189,Vikram Rao,CSE,1,8.5,75.38,65
104190,Aditya Gupta,ECE,5,8.5,74.01,65
104191,Aditya Gupta,CE,3,8.0,8.37,85
104192,Sneha Reddy,ECE,7,8.0,56.85,75
104193,Rohan Sharma,EEE,4,9.0,49.66,75
104194,Ananya Sharma,CSE,6,8.0,13.92,65
104195,Sneha Jha,ECE,3,8.0,45.59,50
104196,Priya Gupta,ECE,1,8.0,64.54,75
104197,Kabir Joshi,ME,8,6.0,25.41,85
104198,Aditya Jha,CSE,3,9.0,8.84,65
104199,Rohan Sharma,ME,1,7.5,14.74,50
104200,Aditya Reddy,CSE,7,8.0,55.24,65
104201,Rohan Patel,CSE,7,6.0,84.72,75
104202,Kabir Jha,CE,6,8.5,57.96,65
104203,Ananya Joshi,EEE,6,7.5,96.29,95
104204,Priya Sharma,CSE,7,6.0,84.1,65
104205,Rohan Singh,EEE,8,7.5,92.67,85
104206,Vikram Kumar,CE,4,6.0,38.94,75
104207,Vikram Gupta,ECE,1,8.0,99.23,75
104208,Priya Joshi,CE,1,8.0,48.2,50
104209,Kabir Jha,CSE,1,7.5,1.67,85
104210,Ananya Patel,EEE,6,8.0,56.01,50
104211,Diya Patel,ME,2,7.5,75.35,75
104212,Isha Rao,CSE,6,7.5,44.05,65
104213,Priya Rao,ME,2,6.0,40.88,75
104214,Aarav Rao,ME,4,9.0,73.02,95
104215,Aarav Joshi,ME,7,7.5,52.87,50
104216,Vikram Kumar,CE,3,8.5,16.68,95
104217,Aditya Gupta,ECE,3,6.0,90.11,75
104218,Ananya Joshi,ECE,3,7.5,20.97,85
104219,Aditya Joshi,ME,7,8.5,29.8,50
104220,Isha Reddy,CE,1,7.5,39.92,85
104221,Aditya Singh,CE,5,8.5,57.45,85
104222,Isha Kumar,ECE,2,7.5,63.62,75
104223,Isha Kumar,ME,6,9.0,15.86,75
104224,Diya Jha,ME,8,7.5,8.7,95
104225,Ananya Patel,EEE,7,8.0,98.28,65
104226,Vikram Jha,ME,2,9.0,65.19,75
104227,Diya Jha,CE,5,9.0,26.82,50
104228,Sneha Kumar,CSE,6,7.5,43.58,50
104229,Diya Reddy,CE,7,7.5,72.26,50
104230,Diya Singh,ME,3,6.0,11.03,65
104231,Priya Sharma,CSE,6,7.5,65.22,85
104232,Rohan Patel,ECE,3,9.0,75.93,85
104233,Priya Patel,EEE,3,9.0,41.02,75
104234,Diya Joshi,ME,7,8.0,4.93,95
104235,Aditya Sharma,ME,1,8.5,19.65,75
104236,Aditya Sharma,CSE,6,7.5,43.86,50
104237,Sneha Joshi,CE,7,6.0,48.6,85
104238,Sneha Patel,ME,7,8.5,34.51,95
104239,Rohan Reddy,CSE,7,6.0,26.73,50
104240,Vikram Gupta,CE,3,7.5,33.28,95
104241,Vikram Patel,EEE,2,6.0,69.09,50
104242,Aditya Kumar,CE,8,8.0,92.55,95
104243,Aditya Kumar,CSE,3,7.5,87.95,95
104244,Sneha Singh,EEE,4,6.0,67.36,65
104245,Sneha Kumar,EEE,3,6.0,15.87,85
104246,Vikram Patel,ECE,6,8.0,64.13,50
104247,Kabir Reddy,CSE,8,8.5,77.68,85
104248,Isha Kumar,CSE,2,6.0,6.47,65
104249,Sneha Kumar,CSE,3,6.0,68.8,75
104250,Ananya Patel,EEE,3,9.0,67.22,65
104251,Kabir Rao,EEE,3,9.0,67.3,50
104252,Aditya Kumar,EEE,8,8.5,44.49,95
104253,Vikram Kumar,EEE,1,7.5,36.16,75
104254,Diya Patel,ECE,5,6.0,76.58,50
104255,Isha Jha,CSE,6,6.0,80.07,85
104256,Rohan Sharma,EEE,5,8.5,85.86,65
104257,Isha Reddy,ECE,5,8.0,34.58,50
104258,Diya Jha,CE,2,7.5,66.4,50
104259,Ananya Kumar,ME,8,6.0,22.87,95
104260,Diya Patel,ECE,2,9.0,65.93,75
104261,Aditya Jha,ECE,3,9.0,36.53,65
104262,Sneha Reddy,ME,2,6.0,27.04,85
104263,Isha Patel,CSE,7,6.0,87.55,95
104264,Isha Singh,EEE,6,8.0,86.07,65
104265,Sneha Kumar,ME,1,9.0,67.42,65
104266,Sneha Jha,EEE,5,9.0,36.21,50
104267,Ananya Reddy,CE,1,7.5,89.79,75
104268,Kabir Verma,ECE,7,7.5,21.34,95
104269,Kabir Jha,CSE,5,8.0,10.18,50
104270,Diya Jha,CSE,5,6.0,49.27,95
104271,Isha Singh,ME,2,8.5,71.36,65
104272,Sneha Sharma,EEE,4,8.5,28.34,75
104273,Vikram Sharma,CSE,8,7.5,60.85,95
104274,Ananya Sharma,CSE,8,7.5,67.78,65
104275,Aarav Verma,CE,1,6.0,46.0,85
104276,Kabir Rao,CSE,8,8.0,70.07,85
104277,Aditya Kumar,ME,2,6.0,70.36,65
104278,Sneha Rao,ECE,7,8.5,67.69,65
104279,Priya Reddy,CE,4,6.0,67.38,50
104280,Aditya Rao,CE,1,8.0,45.45,95
104281,Aditya Joshi,ECE,5,8.5,96.7,95
104282,Sneha Verma,ECE,1,8.0,18.96,75
104283,Isha Patel,ECE,8,8.0,97.56,95
104284,Vikram Reddy,ECE,6,6.0,77.19,85
104285,Vikram Jha,CSE,5,9.0,2.23,50
104286,Aarav Sharma,CE,4,9.0,77.42,95
104287,Sneha Joshi,ECE,7,8.0,51.37,75
104288,Rohan Reddy,ECE,8,8.5,94.6,85
104289,Ananya Gupta,EEE,7,7.5,58.33,75
104290,Rohan Gupta,ECE,3,6.0,62.66,85
104291,Sneha Gupta,CE,2,7.5,58.56,75
104292,Aditya Rao,ECE,6,7.5,86.51,50
104293,Sneha Jha,ME,5,8.5,37.23,75
104294,Rohan Kumar,ME,5,6.0,7.64,65
104295,Ananya Joshi,ME,2,7.5,92.14,85
104296,Aditya Sharma,ME,3,7.5,55.26,95
104297,Aditya Verma,EEE,4,7.5,95.12,50
104298,Aditya Patel,CSE,5,8.0,93.91,75
104299,Vikram Gupta,ECE,1,8.5,26.1,75
104300,Priya Singh,ECE,6,6.0,5.97,65
104301,Ananya Gupta,CE,3,9.0,91.14,95
104302,Priya Sharma,EEE,8,8.5,39.49,50
104303,Isha Jha,CSE,1,7.5,66.14,85
104304,Vikram Verma,EEE,4,8.5,37.72,95
104305,Diya Kumar,CSE,8,6.0,48.28,75
104306,Vikram Gupta,CSE,8,8.0,28.19,65
104307,Aditya Reddy,EEE,1,8.0,10.3,65
104308,Diya Singh,CSE,4,6.0,67.13,85
104309,Kabir Kumar,CE,5,6.0,46.73,65
104310,Diya Rao,CSE,7,8.5,71.79,85
104311,Priya Rao,CSE,7,8.5,25.02,65
104312,Aarav Rao,CE,1,6.0,13.07,85
104313,Ananya Rao,CE,1,9.0,6.92,95
104314,Aditya Rao,CSE,4,8.5,54.48,65
104315,Vikram Jha,CSE,8,9.0,11.79,85
104316,Priya Verma,EEE,4,9.0,39.8,65
104317,Sneha Gupta,CE,1,8.5,11.31,75
104318,Aarav Joshi,EEE,8,6.0,27.63,50
104319,Rohan Rao,ECE,4,7.5,36.81,50
104320,Aditya Patel,ECE,2,7.5,36.21,65
104321,Sneha Verma,CE,5,8.0,25.37,75
104322,Priya Kumar,CSE,1,9.0,73.44,65
104323,Aarav Verma,ECE,4,8.5,57.14,85
104324,Aditya Rao,CE,1,7.5,33.89,75
104325,Diya Jha,CSE,8,7.5,8.14,95
104326,Aarav Singh,CSE,6,8.5,45.19,85
104327,Diya Patel,CSE,3,6.0,93.29,95
104328,Aarav Kumar,CSE,7,7.5,80.92,65
104329,Aditya Rao,ME,4,7.5,38.52,95
104330,Ananya Joshi,CE,7,8.0,86.57,65
104331,Aarav Sharma,CE,5,6.0,32.46,65
104332,Diya Jha,ECE,2,6.0,47.24,75
104333,Aarav Singh,ECE,3,8.0,79.12,95
104334,Isha Kumar,CE,5,8.0,34.03,65
104335,Aarav Patel,EEE,5,7.5,85.88,65
104336,Kabir Jha,ECE,2,9.0,99.08,65
104337,Aarav Kumar,ME,3,6.0,45.5,75
104338,Diya Kumar,EEE,5,9.0,41.36,50
104339,Ananya Verma,CSE,8,6.0,57.61,75
104340,Kabir Jha,ME,5,6.0,35.11,95
104341,Isha Gupta,EEE,8,8.0,38.74,50
104342,Priya Patel,EEE,6,8.5,98.9,95
104343,Priya Rao,CSE,5,8.5,38.02,65
104344,Vikram Sharma,CE,7,7.5,72.89,95
104345,Vikram Verma,ECE,3,6.0,78.18,50
104346,Aarav Rao,CE,8,9.0,43.9,95
104347,Isha Sharma,ECE,7,6.0,22.28,95
104348,Diya Gupta,CE,2,9.0,8.54,85
104349,Priya Kumar,CSE,3,6.0,41.94,95
104350,Aarav Reddy,EEE,3,9.0,16.4,95
104351,Priya Sharma,ECE,4,8.0,92.91,50
104352,Kabir Reddy,CSE,7,6.0,88.96,50
104353,Diya Patel,ECE,1,7.5,34.38,95
104354,Priya Kumar,CE,7,9.0,14.06,95
104355,Ananya Gupta,EEE,6,6.0,71.54,50
104356,Aarav Reddy,ME,5,7.5,82.8,65
104357,Kabir Joshi,CE,6,6.0,11.64,65
104358,Aditya Sharma,ME,3,8.5,96.31,50
104359,Aditya Sharma,ME,4,9.0,41.02,85
104360,Rohan Kumar,ME,1,6.0,85.96,65
104361,Aditya Joshi,CE,7,7.5,18.04,85
104362,Diya Gupta,ECE,2,8.0,7.52,95
104363,Aarav Verma,EEE,6,8.5,96.45,50
104364,Diya Rao,ECE,8,7.5,77.67,85
104365,Aditya Jha,ECE,2,9.0,15.75,50
104366,Diya Kumar,CE,3,8.5,11.31,65
104367,Diya Reddy,ME,5,9.0,0.83,50
104368,Rohan Joshi,EEE,1,8.5,1.94,95
104369,Aarav Gupta,EEE,8,7.5,68.48,75
104370,Aarav Gupta,ECE,1,8.0,88.74,85
104371,Kabir Kumar,ME,2,9.0,52.98,85
104372,Rohan Verma,CSE,5,9.0,13.16,50
104373,Sneha Sharma,CSE,6,9.0,68.09,50
104374,Isha Patel,ME,3,6.0,22.98,65
104375,Vikram Sharma,CE,6,7.5,54.29,50
104376,Priya Sharma,EEE,6,9.0,49.34,65
104377,Aditya Singh,CE,1,8.5,79.56,95
104378,Sneha Jha,EEE,3,9.0,40.13,50
104379,Kabir Joshi,ME,2,8.0,46.03,75
104380,Sneha Sharma,CSE,7,8.5,98.12,50
104381,Rohan Sharma,EEE,3,6.0,57.15,85
104382,Ananya Joshi,ECE,6,9.0,22.68,50
104383,Diya Jha,CSE,5,9.0,85.1,75
104384,Isha Rao,ME,3,9.0,10.31,65
104385,Sneha Kumar,CSE,2,7.5,21.1,75
104386,Isha Verma,ME,3,9.0,90.4,65
104387,Sneha Jha,ME,2,6.0,96.32,65
104388,Kabir Joshi,CE,4,8.5,15.85,65
104389,Sneha Rao,CSE,4,6.0,17.78,75
104390,Diya Jha,CE,4,9.0,64.58,95
104391,Isha Jha,ECE,5,8.5,63.54,95
104392,Sneha Patel,EEE,8,6.0,16.48,75
104393,Sneha Jha,CSE,6,8.0,75.27,50
104394,Priya Joshi,CSE,3,6.0,57.14,75
104395,Priya Patel,EEE,1,8.0,12.54,65
104396,Diya Reddy,CSE,1,6.0,56.76,50
104397,Diya Verma,CE,6,6.0,47.79,50
104398,Kabir Gupta,CE,7,8.5,96.9,85
104399,Rohan Kumar,ME,3,6.0,22.08,75
104400,Diya Singh,CSE,2,6.0,26.84,65
104401,Aarav Verma,ME,3,6.0,10.87,50
104402,Ananya Jha,ECE,3,8.5,91.14,75
104403,Isha Kumar,CE,1,7.5,63.41,75
104404,Kabir Gupta,EEE,4,7.5,33.0,75
104405,Kabir Jha,ME,3,8.0,53.87,65
104406,Sneha Rao,CE,7,7.5,48.13,85
104407,Ananya Kumar,ECE,1,8.0,16.62,65
104408,Rohan Patel,CE,4,8.5,1.06,75
104409,Priya Gupta,EEE,1,8.0,70.32,95
104410,Aarav Reddy,ME,8,8.0,86.47,95
104411,Kabir Patel,ECE,8,6.0,24.94,65
104412,Sneha Kumar,ME,1,9.0,28.41,65
104413,Priya Verma,CE,8,8.5,72.41,75
104414,Aarav Reddy,CE,6,7.5,26.76,75
104415,Priya Rao,ECE,5,9.0,68.39,50
104416,Diya Sharma,ME,6,8.0,73.93,95
104417,Diya Gupta,ME,3,8.0,55.79,95
104418,Sneha Jha,ECE,4,8.5,82.6,50
104419,Priya Singh,CSE,8,9.0,34.04,95
104420,Priya Sharma,ECE,4,8.0,10.15,85
104421,Rohan Patel,CE,5,8.0,57.01,95
104422,Priya Jha,ECE,1,8.0,34.68,75
104423,Ananya Reddy,CSE,3,8.5,13.21,65
104424,Aarav Jha,CSE,6,9.0,32.43,95
104425,Aarav Rao,ME,1,9.0,15.23,65
104426,Kabir Kumar,CE,5,6.0,59.37,50
104427,Sneha Kumar,CSE,3,8.5,51.07,50
104428,Isha Joshi,CSE,2,7.5,82.23,85
104429,Sneha Sharma,ME,4,9.0,31.01,65
104430,Ananya Rao,CE,2,8.0,49.72,65
104431,Sneha Kumar,CE,2,8.5,39.23,65
104432,Rohan Joshi,ECE,5,9.0,1.74,50
104433,Vikram Verma,CE,3,6.0,7.44,75
104434,Aditya Kumar,CE,4,6.0,0.93,85
104435,Aarav Jha,CE,2,6.0,28.92,85
104436,Sneha Rao,EEE,7,9.0,35.85,95
104437,Vikram Rao,CE,8,7.5,30.61,65
104438,Priya Reddy,CSE,1,7.5,59.29,50
104439,Aarav Verma,ME,7,8.5,84.96,50
104440,Priya Rao,ECE,8,6.0,52.44,75
104441,Ananya Joshi,EEE,4,8.5,79.92,85
104442,Ananya Reddy,ECE,2,8.0,50.83,65
104443,Aditya Kumar,CSE,6,6.0,93.1,50
104444,Sneha Sharma,EEE,7,8.0,40.03,85
104445,Aditya Gupta,CE,8,6.0,3.43,75
104446,Rohan Jha,ECE,1,8.0,98.35,85
104447,Kabir Jha,ECE,4,6.0,35.17,50
104448,Aarav Jha,EEE,4,8.0,71.19,65
104449,Aditya Singh,CSE,7,6.0,95.23,65
104450,Diya Rao,EEE,6,8.5,25.53,85
104451,Diya Joshi,ECE,7,8.5,7.94,95
104452,Isha Patel,EEE,1,9.0,37.89,50
104453,Vikram Jha,ME,2,9.0,33.76,65
104454,Ananya Verma,CE,5,8.0,4.54,75
104455,Diya Kumar,CE,4,6.0,24.89,75
104456,Ananya Joshi,CSE,8,7.5,93.2,95
104457,Aarav Gupta,ME,6,7.5,75.84,65
104458,Priya Jha,CE,8,8.0,1.84,65
104459,Ananya Reddy,CE,8,6.0,78.28,50
104460,Ananya Kumar,ME,8,9.0,1.26,75
104461,Rohan Patel,CSE,3,8.0,95.53,50
104462,Sneha Kumar,CSE,1,6.0,29.58,95
104463,Aditya Sharma,EEE,4,8.0,49.6,65
104464,Isha Singh,EEE,8,9.0,37.75,85
104465,Priya Sharma,ECE,5,9.0,21.98,85
104466,Aarav Sharma,CSE,2,8.5,31.29,85
104467,Kabir Rao,ECE,1,8.0,97.37,65
104468,Ananya Jha,EEE,7,8.5,27.15,65
104469,Vikram Gupta,EEE,8,7.5,35.92,65
104470,Diya Reddy,ECE,3,6.0,45.23,65
104471,Vikram Sharma,CSE,3,7.5,3.74,75
104472,Kabir Sharma,ME,7,8.5,45.16,65
104473,Rohan Kumar,CSE,6,6.0,73.66,65
104474,Ananya Joshi,ECE,1,8.5,41.28,75
104475,Aarav Joshi,CSE,3,6.0,12.71,75
104476,Aditya Patel,ME,8,6.0,3.36,75
104477,Vikram Singh,CE,2,8.0,47.36,50
104478,Sneha Joshi,ME,5,8.5,1.48,65
104479,Kabir Joshi,ECE,5,9.0,83.64,85
104480,Ananya Singh,CE,4,8.5,30.02,65
104481,Priya Verma,CSE,1,9.0,38.03,50
104482,Diya Verma,ME,2,8.5,24.85,50
104483,Vikram Sharma,CE,2,8.5,45.42,95
104484,Ananya Joshi,EEE,2,7.5,81.46,75
104485,Rohan Kumar,CE,3,9.0,72.63,85
104486,Aditya Joshi,ECE,5,6.0,4.53,85
104487,Ananya Patel,CSE,4,8.0,51.57,85
104488,Aditya Verma,ME,1,8.0,34.18,95
104489,Priya Gupta,ME,2,8.5,58.72,95
104490,Kabir Patel,CE,1,7.5,41.41,50
104491,Kabir Sharma,CE,8,8.5,66.06,95
104492,Isha Joshi,ECE,2,8.0,10.46,65
104493,Vikram Patel,ME,8,6.0,76.46,85
104494,Sneha Jha,EEE,5,8.0,45.5,85
104495,Aarav Singh,ECE,8,6.0,61.82,75
104496,Diya Joshi,CE,1,8.5,22.97,75
104497,Ananya Singh,CE,5,9.0,81.58,65
104498,Kabir Verma,CSE,7,8.5,16.78,50
104499,Isha Kumar,ECE,2,8.0,55.65,65
104500,Isha Reddy,ECE,2,6.0,3.62,65
104501,Aditya Rao,CE,6,8.5,78.68,85
104502,Sneha Singh,CE,1,7.5,28.86,50
104503,Kabir Jha,ME,7,8.5,30.03,75
104504,Vikram Rao,EEE,5,9.0,51.68,50
104505,Aarav Singh,CE,2,8.5,5.36,85
104506,Isha Sharma,CSE,8,8.0,95.58,65
104507,Isha Kumar,EEE,5,6.0,80.89,65
104508,Isha Joshi,CSE,2,6.0,7.39,95
104509,Diya Reddy,CSE,1,7.5,2.36,85
104510,Kabir Patel,ME,2,7.5,81.02,75
104511,Diya Reddy,CE,5,9.0,23.33,85
104512,Aditya Patel,EEE,7,8.5,92.56,65
104513,Rohan Singh,EEE,2,8.0,67.97,85
104514,Priya Kumar,ECE,1,8.0,75.71,65
104515,Diya Rao,EEE,3,6.0,40.42,85
104516,Priya Reddy,CSE,8,9.0,45.64,75
104517,Isha Singh,EEE,5,6.0,69.45,85
104518,Kabir Joshi,CE,3,8.0,19.61,85
104519,Aditya Kumar,EEE,7,8.0,96.97,85
104520,Diya Gupta,CE,7,6.0,66.38,95
104521,Ananya Singh,ME,4,6.0,89.45,75
104522,Diya Reddy,CE,1,8.5,36.53,75
104523,Ananya Jha,ECE,6,8.0,12.53,50
104524,Ananya Reddy,ECE,6,8.0,69.75,85
104525,Aditya Rao,ECE,6,9.0,39.31,85
104526,Priya Rao,EEE,8,6.0,93.87,75
104527,Sneha Kumar,CE,1,7.5,23.08,95
104528,Priya Patel,ECE,8,7.5,98.22,65
104529,Aditya Reddy,CE,3,8.0,12.61,65
104530,Aarav Kumar,CSE,3,9.0,5.36,65
104531,Ananya Verma,CSE,2,6.0,42.41,95
104532,Ananya Rao,CE,4,8.5,78.78,95
104533,Diya Joshi,CSE,3,9.0,85.54,85
104534,Aarav Joshi,EEE,3,7.5,19.32,65
104535,Vikram Rao,EEE,1,7.5,68.66,75
104536,Aditya Reddy,CE,3,7.5,93.22,75
104537,Aarav Patel,ME,2,7.5,88.9,65
104538,Priya Reddy,ME,6,6.0,7.02,65
104539,Rohan Verma,EEE,3,7.5,2.1,95
104540,Ananya Joshi,CE,5,8.5,38.44,95
104541,Priya Sharma,ECE,4,8.5,76.46,95
104542,Vikram Rao,ECE,7,8.5,31.69,65
104543,Diya Rao,CSE,7,7.5,43.45,75
104544,Priya Gupta,ECE,2,9.0,73.42,95
104545,Rohan Kumar,ECE,3,9.0,63.51,85
104546,Isha Verma,ECE,7,6.0,24.04,95
104547,Kabir Rao,EEE,6,9.0,16.54,65
104548,Sneha Gupta,EEE,7,9.0,25.81,75
104549,Aditya Patel,ECE,7,8.5,72.96,75
104550,Aditya Verma,CSE,2,9.0,97.11,75
104551,Aarav Reddy,ME,1,9.0,51.97,95
104552,Aditya Jha,CE,2,9.0,31.73,65
104553,Diya Sharma,CE,3,8.0,53.06,75
104554,Aarav Gupta,ME,2,7.5,1.58,65
104555,Kabir Reddy,ECE,8,9.0,41.25,50
104556,Vikram Reddy,CSE,4,6.0,32.4,95
104557,Ananya Joshi,CSE,3,8.0,34.47,50
104558,Diya Rao,CE,8,9.0,72.15,75
104559,Priya Rao,ME,8,8.0,31.58,50
104560,Ananya Rao,ECE,5,8.5,26.94,85
104561,Ananya Verma,CE,4,9.0,96.32,50
104562,Aarav Singh,EEE,7,6.0,35.51,85
104563,Isha Reddy,CSE,2,6.0,94.81,75
104564,Rohan Singh,ECE,1,8.0,54.3,95
104565,Vikram Singh,CSE,3,9.0,16.61,75
104566,Aditya Gupta,EEE,8,9.0,90.91,75
104567,Ananya Sharma,CE,4,6.0,63.67,75
104568,Vikram Kumar,ME,6,7.5,0.27,85
104569,Aarav Verma,EEE,8,7.5,55.04,65
104570,Aditya Jha,ME,2,8.5,71.65,50
104571,Diya Reddy,ECE,7,8.5,15.7,85
104572,Sneha Kumar,ME,2,9.0,1.95,65
104573,Ananya Sharma,EEE,2,8.5,68.86,65
104574,Kabir Gupta,ECE,7,8.5,20.8,75
104575,Aarav Singh,CE,1,6.0,13.46,85
104576,Sneha Sharma,ECE,4,9.0,90.44,75
104577,Kabir Gupta,ME,4,9.0,33.09,85
104578,Diya Verma,CE,3,8.0,56.03,85
104579,Ananya Reddy,CE,4,8.0,84.02,65
104580,Vikram Rao,CE,8,6.0,30.55,75
104581,Priya Sharma,ME,6,8.5,25.27,65
104582,Vikram Verma,CE,7,8.0,46.43,95
104583,Aditya Patel,ME,6,9.0,9.99,75
104584,Ananya Jha,CE,5,8.5,94.54,85
104585,Rohan Joshi,CSE,3,8.0,11.9,75
104586,Sneha Sharma,EEE,7,8.5,97.82,75
104587,Ananya Singh,CSE,6,7.5,70.83,95
104588,Rohan Singh,ECE,3,9.0,97.96,95
104589,Sneha Joshi,EEE,4,9.0,64.79,85
104590,Kabir Singh,ME,5,9.0,95.46,65
104591,Kabir Jha,CE,3,6.0,74.62,85
104592,Priya Rao,ME,1,6.0,8.69,50
104593,Rohan Kumar,ME,7,8.0,46.3,85
104594,Aditya Joshi,EEE,3,8.5,22.1,85
104595,Kabir Joshi,EEE,1,6.0,1.99,75
104596,Aditya Joshi,CSE,8,7.5,54.36,65
104597,Kabir Gupta,ECE,4,8.5,70.25,50
104598,Kabir Kumar,EEE,3,7.5,73.65,75
104599,Diya Reddy,CE,6,8.5,59.96,50
104600,Ananya Singh,CE,4,7.5,30.55,50
104601,Isha Reddy,ECE,8,8.0,32.51,65
104602,Ananya Verma,CE,1,6.0,97.89,85
104603,Aditya Rao,CE,1,8.0,10.9,50
104604,Rohan Gupta,CSE,4,9.0,70.93,50
104605,Vikram Sharma,CSE,4,9.0,43.26,50
104606,Ananya Gupta,EEE,4,8.5,98.84,50
104607,Kabir Reddy,CSE,2,8.5,73.05,85
104608,Diya Jha,EEE,3,9.0,63.34,65
104609,Vikram Sharma,ECE,4,8.0,48.58,75
104610,Aditya Kumar,ECE,6,9.0,96.32,95
104611,Diya Joshi,CE,2,6.0,76.7,50
104612,Priya Rao,CE,7,7.5,5.11,50
104613,Aarav Sharma,CE,4,6.0,28.46,75
104614,Diya Patel,ME,6,6.0,90.07,95
104615,Kabir Patel,ME,2,6.0,4.32,75
104616,Diya Gupta,CE,3,8.0,77.12,95
104617,Kabir Singh,ME,8,6.0,99.35,85
104618,Vikram Sharma,ME,4,8.5,65.23,65
104619,Priya Rao,EEE,6,9.0,63.68,65
104620,Aarav Jha,EEE,7,7.5,85.51,95
104621,Aditya Singh,CE,6,9.0,98.62,85
104622,Ananya Reddy,CE,5,6.0,21.81,75
104623,Aarav Jha,ECE,1,9.0,65.22,95
104624,Isha Jha,CE,2,7.5,68.61,75
104625,Sneha Sharma,CSE,8,8.5,21.79,65
104626,Rohan Gupta,ECE,4,7.5,50.1,85
104627,Aarav Singh,ECE,7,8.5,60.4,50
104628,Aditya Kumar,CSE,3,7.5,76.5,85
104629,Vikram Kumar,ECE,3,6.0,31.36,95
104630,Sneha Verma,ME,8,7.5,59.42,65
104631,Priya Gupta,ECE,4,9.0,48.73,95
104632,Vikram Rao,ME,1,8.5,71.04,75
104633,Sneha Kumar,CE,1,7.5,14.88,75
104634,Vikram Verma,CE,5,8.5,41.81,85
104635,Kabir Kumar,EEE,5,9.0,79.92,85
104636,Rohan Verma,EEE,4,8.0,59.71,65
104637,Rohan Jha,CSE,7,8.5,43.76,75
104638,Ananya Gupta,ECE,3,7.5,54.1,85
104639,Aarav Kumar,CE,5,9.0,55.75,85
104640,Priya Sharma,ME,6,9.0,81.13,85
104641,Diya Kumar,CSE,3,8.0,21.22,65
104642,Vikram Sharma,CE,8,8.0,53.89,75
104643,Kabir Singh,ECE,3,7.5,85.78,50
104644,Diya Rao,CSE,5,8.5,41.11,50
104645,Aditya Gupta,ECE,7,9.0,72.09,50
104646,Vikram Rao,CSE,3,8.5,18.38,95
104647,Diya Jha,ME,6,8.0,40.04,95
104648,Diya Sharma,CE,8,8.0,72.13,95
104649,Ananya Gupta,CSE,1,9.0,84.83,65
104650,Kabir Rao,CSE,8,8.5,47.56,65
104651,Ananya Reddy,ECE,2,8.0,19.36,95
104652,Priya Rao,CSE,3,8.0,37.79,75
104653,Diya Gupta,CSE,1,9.0,22.43,50
104654,Ananya Gupta,ECE,7,8.0,5.57,65
104655,Rohan Gupta,EEE,4,8.5,44.45,75
104656,Rohan Jha,CSE,6,8.0,55.97,95
104657,Aditya Joshi,CE,3,9.0,93.35,50
104658,Vikram Singh,ECE,3,8.0,51.86,95
104659,Aarav Verma,ECE,7,8.0,55.34,50
104660,Kabir Reddy,CE,6,6.0,32.4,75
104661,Kabir Jha,CE,1,6.0,41.7,50
104662,Aarav Reddy,ME,8,6.0,62.76,50
104663,Rohan Kumar,CE,4,9.0,46.58,95
104664,Isha Jha,EEE,5,9.0,0.36,85
104665,Diya Patel,CE,6,7.5,45.81,85
104666,Vikram Verma,ECE,8,9.0,15.32,50
104667,Rohan Reddy,EEE,1,8.0,13.63,95
104668,Vikram Verma,CE,5,8.0,2.68,85
104669,Priya Jha,CSE,7,6.0,38.72,65
104670,Vikram Joshi,EEE,1,8.5,7.43,65
104671,Vikram Reddy,ME,8,9.0,57.72,65
104672,Ananya Gupta,CE,4,8.5,88.01,85
104673,Kabir Gupta,EEE,6,8.5,37.31,95
104674,Kabir Verma,CE,1,8.0,60.39,95
104675,Aditya Patel,EEE,1,9.0,0.28,50
104676,Ananya Jha,CSE,7,9.0,89.84,65
104677,Rohan Sharma,CE,8,8.5,72.45,50
104678,Isha Patel,CSE,5,7.5,42.46,95
104679,Diya Kumar,CE,7,8.0,15.17,85
104680,Vikram Verma,CSE,6,7.5,9.16,50
104681,Aarav Sharma,CE,1,7.5,49.64,75
104682,Sneha Sharma,ECE,1,8.0,14.86,95
104683,Kabir Rao,CE,3,8.5,93.03,50
104684,Diya Gupta,CSE,2,8.5,67.46,75
104685,Isha Kumar,EEE,8,6.0,46.07,75
104686,Sneha Singh,EEE,7,9.0,86.71,85
104687,Kabir Patel,ECE,6,8.5,66.31,85
104688,Diya Patel,ECE,1,8.0,40.45,50
104689,Sneha Singh,CE,5,6.0,79.33,65
104690,Sneha Verma,ECE,4,9.0,78.1,85
104691,Priya Jha,CE,7,8.5,77.14,75
104692,Diya Jha,CE,2,6.0,90.05,85
104693,Aarav Joshi,ME,6,6.0,8.84,85
104694,Kabir Rao,CSE,6,7.5,61.54,50
104695,Aditya Joshi,CSE,5,9.0,61.23,95
104696,Aarav Singh,ME,7,8.0,73.45,50
104697,Sneha Jha,ME,5,8.0,56.49,85
104698,Aditya Reddy,ECE,3,9.0,76.49,95
104699,Rohan Jha,EEE,2,7.5,11.66,75
104700,Aarav Joshi,ME,2,8.0,25.03,85
104701,Vikram Joshi,EEE,6,8.5,81.85,50
104702,Priya Kumar,EEE,7,7.5,66.6,95
104703,Isha Singh,ME,1,7.5,3.99,75
104704,Rohan Reddy,ME,3,6.0,96.78,95
104705,Rohan Sharma,ME,6,7.5,82.62,95
104706,Aditya Jha,EEE,2,8.5,14.09,65
104707,Kabir Jha,ME,5,8.5,38.66,75
104708,Rohan Rao,ECE,8,6.0,48.18,85
104709,Kabir Jha,ECE,2,8.0,7.85,85
104710,Isha Kumar,EEE,1,6.0,34.41,95
104711,Diya Gupta,CE,8,9.0,83.89,85
104712,Aditya Joshi,EEE,8,6.0,54.18,75
104713,Isha Kumar,ME,5,8.0,25.8,95
104714,Kabir Verma,ECE,5,6.0,91.81,85
104715,Diya Singh,CE,1,6.0,96.26,85
104716,Rohan Jha,ME,2,7.5,58.14,50
104717,Vikram Singh,EEE,1,7.5,84.03,85
104718,Kabir Patel,CE,4,8.0,78.83,95
104719,Vikram Verma,CSE,6,8.5,80.33,95
104720,Rohan Singh,CSE,8,8.0,41.89,65
104721,Kabir Joshi,CSE,6,7.5,10.21,50
104722,Rohan Gupta,CE,5,8.0,5.29,50
104723,Rohan Jha,CSE,7,6.0,16.2,50
104724,Isha Kumar,CE,4,9.0,79.98,75
104725,Rohan Verma,ECE,1,7.5,84.74,85
104726,Isha Joshi,CSE,7,8.0,31.89,95
104727,Sneha Rao,EEE,6,8.5,37.67,50
104728,Vikram Kumar,ME,2,8.5,2.87,75
104729,Aditya Joshi,ECE,6,8.0,93.81,75
104730,Aditya Joshi,CE,7,8.0,91.13,65
104731,Diya Patel,CE,5,7.5,50.15,65
104732,Aditya Patel,CE,1,7.5,4.45,85
104733,Priya Gupta,EEE,8,6.0,73.36,85
104734,Priya Gupta,CSE,4,9.0,94.46,75
104735,Vikram Patel,ECE,8,7.5,74.9,75
104736,Vikram Gupta,CE,6,8.5,14.4,65
104737,Vikram Sharma,ECE,3,9.0,99.39,85
104738,Isha Joshi,ECE,5,9.0,8.0,65
104739,Aarav Reddy,ECE,4,7.5,26.6,50
104740,Sneha Kumar,CE,4,8.0,42.53,65
104741,Rohan Jha,CE,1,9.0,33.06,95
104742,Aditya Kumar,EEE,8,8.0,94.15,95
104743,Isha Singh,ECE,3,8.5,81.58,50
104744,Aarav Patel,ECE,5,8.5,72.68,50
104745,Sneha Kumar,ME,5,9.0,52.12,95
104746,Priya Rao,CE,8,8.0,29.32,75
104747,Vikram Jha,EEE,2,9.0,58.38,50
104748,Kabir Reddy,CE,4,9.0,84.14,95
104749,Vikram Rao,CSE,5,7.5,27.85,85
104750,Kabir Reddy,CE,4,8.0,71.17,95
104751,Ananya Gupta,ME,6,6.0,46.52,95
104752,Isha Sharma,CSE,7,8.0,23.92,50
104753,Kabir Kumar,EEE,5,7.5,42.17,75
104754,Isha Reddy,CSE,6,8.0,8.51,85
104755,Aarav Singh,ECE,1,7.5,24.13,75
104756,Isha Verma,CE,3,8.5,24.78,65
104757,Aditya Rao,CSE,6,7.5,54.81,50
104758,Aarav Joshi,CSE,2,7.5,21.85,75
104759,Kabir Singh,ME,7,8.0,12.93,95
104760,Isha Jha,ECE,8,8.0,31.88,50
104761,Sneha Rao,CE,6,9.0,91.65,75
104762,Kabir Kumar,CE,6,7.5,61.16,50
104763,Sneha Sharma,ME,6,9.0,24.0,95
104764,Vikram Gupta,EEE,2,8.0,30.04,65
104765,Kabir Verma,EEE,4,8.5,94.21,85
104766,Sneha Gupta,ME,3,8.5,6.17,75
104767,Aditya Joshi,ECE,2,8.5,31.33,50
104768,Diya Gupta,CSE,5,8.0,37.43,75
104769,Kabir Kumar,ECE,1,8.5,4.04,50
104770,Rohan Jha,CE,5,9.0,2.57,95
104771,Aditya Gupta,ME,1,8.5,72.88,50
104772,Priya Gupta,CSE,3,7.5,28.45,50
104773,Aarav Gupta,EEE,4,8.5,43.65,95
104774,Aarav Rao,ME,2,8.0,71.65,85
104775,Aarav Kumar,ECE,6,6.0,31.7,85
104776,Aarav Sharma,ME,8,6.0,25.29,65
104777,Priya Gupta,ME,5,6.0,8.63,95
104778,Ananya Verma,ECE,5,6.0,72.99,65
104779,Kabir Joshi,ME,8,9.0,21.43,85
104780,Diya Reddy,ECE,8,9.0,41.6,75
104781,Isha Singh,ME,3,7.5,11.65,85
104782,Rohan Rao,CSE,4,7.5,99.39,75
104783,Ananya Patel,EEE,5,8.0,16.28,50
104784,Diya Sharma,EEE,2,8.5,67.74,95
104785,Sneha Gupta,ECE,2,8.0,10.77,65
104786,Diya Sharma,EEE,3,8.0,21.7,50
104787,Vikram Joshi,ECE,2,8.5,15.16,50
104788,Vikram Reddy,CE,1,8.5,97.38,50
104789,Ananya Jha,CSE,1,6.0,21.77,95
104790,Diya Verma,EEE,2,9.0,79.32,65
104791,Kabir Sharma,ME,1,7.5,72.22,50
104792,Rohan Sharma,ECE,5,7.5,26.35,50
104793,Vikram Sharma,CE,2,8.5,51.92,65
104794,Vikram Kumar,CSE,8,7.5,75.11,85
104795,Sneha Jha,ECE,4,6.0,37.73,65
104796,Priya Verma,CE,1,7.5,66.21,95
104797,Aditya Verma,CSE,1,6.0,88.88,50
104798,Isha Sharma,ECE,7,6.0,20.58,50
104799,Vikram Jha,CSE,1,9.0,60.75,75
104800,Diya Reddy,CE,4,9.0,13.69,75
104801,Priya Singh,CE,1,6.0,10.81,95
104802,Sneha Joshi,CSE,1,8.5,86.66,75
104803,Kabir Sharma,EEE,7,9.0,18.26,75
104804,Priya Sharma,CE,6,6.0,77.83,65
104805,Kabir Joshi,EEE,4,7.5,65.11,75
104806,Isha Kumar,EEE,1,8.5,49.29,85
104807,Aditya Kumar,EEE,3,6.0,55.04,75
104808,Kabir Kumar,ME,2,8.5,76.93,85
104809,Vikram Sharma,ECE,5,7.5,16.51,85
104810,Priya Reddy,CE,4,8.0,48.9,50
104811,Diya Singh,ECE,4,8.0,3.25,50
104812,Priya Reddy,ME,8,7.5,31.12,65
104813,Kabir Joshi,CE,8,8.5,26.57,95
104814,Priya Jha,CSE,3,8.0,22.8,85
104815,Sneha Kumar,ECE,8,7.5,3.73,50
104816,Sneha Joshi,ME,1,9.0,11.09,75
104817,Kabir Patel,CSE,6,9.0,54.41,75
104818,Kabir Singh,CE,2,8.5,53.9,50
104819,Ananya Patel,CE,1,9.0,87.75,50
104820,Ananya Joshi,EEE,3,7.5,74.83,95
104821,Sneha Kumar,ME,5,9.0,35.06,65
104822,Rohan Reddy,EEE,4,7.5,75.31,95
104823,Priya Jha,CE,2,9.0,80.7,95
104824,Kabir Patel,ME,5,8.0,84.76,65
104825,Vikram Reddy,CSE,1,8.5,0.69,85
104826,Ananya Rao,CE,3,7.5,77.54,50
104827,Aditya Reddy,EEE,8,6.0,68.7,95
104828,Ananya Jha,ECE,7,7.5,23.18,50
104829,Aarav Rao,ME,8,9.0,79.0,75
104830,Kabir Sharma,EEE,2,6.0,91.87,85
104831,Aarav Joshi,CSE,2,8.0,80.35,65
104832,Aarav Singh,ME,5,6.0,18.88,95
104833,Isha Jha,CSE,1,8.5,17.27,65
104834,Diya Kumar,EEE,6,6.0,12.41,75
104835,Diya Kumar,ME,5,9.0,38.72,85
104836,Sneha Patel,ECE,2,9.0,75.16,50
104837,Sneha Reddy,ECE,8,9.0,50.05,65
104838,Ananya Reddy,CSE,8,6.0,30.6,75
104839,Kabir Kumar,EEE,3,6.0,67.42,65
104840,Priya Joshi,ECE,3,9.0,90.94,65
104841,Diya Jha,CSE,1,8.0,44.5,50
104842,Aditya Verma,ECE,5,8.5,33.78,95
104843,Ananya Singh,CSE,5,9.0,77.82,65
104844,Kabir Joshi,ME,2,7.5,85.32,50
104845,Priya Kumar,ME,3,8.0,88.7,75
104846,Priya Singh,CE,3,8.0,80.97,85
104847,Sneha Reddy,CE,2,9.0,4.83,85
104848,Vikram Kumar,CE,5,7.5,95.06,50
104849,Ananya Verma,ME,3,8.0,72.89,85
104850,Aditya Jha,CSE,5,9.0,72.15,85
104851,Isha Rao,CSE,2,6.0,11.93,75
104852,Vikram Patel,ME,7,6.0,8.17,50
104853,Diya Joshi,ECE,1,8.0,45.75,50
104854,Rohan Patel,CE,4,8.5,81.33,85
104855,Aditya Joshi,ME,3,9.0,100.0,75
104856,Isha Patel,EEE,8,8.0,5.65,65
104857,Aditya Verma,ECE,6,9.0,33.43,65
104858,Rohan Verma,EEE,1,6.0,16.34,95
104859,Vikram Jha,EEE,1,6.0,66.58,50
104860,Aarav Gupta,EEE,7,7.5,71.89,75
104861,Aditya Singh,EEE,6,8.5,40.99,75
104862,Aditya Gupta,CSE,1,9.0,18.89,95
104863,Isha Sharma,EEE,1,6.0,81.07,85
104864,Aditya Sharma,EEE,7,9.0,70.5,95
104865,Diya Singh,ECE,1,9.0,84.07,95
104866,Aarav Rao,EEE,4,6.0,27.13,85
104867,Vikram Jha,ME,8,6.0,93.39,85
104868,Diya Reddy,ME,1,8.5,79.84,65
104869,Kabir Kumar,CE,6,6.0,42.71,95
104870,Sneha Patel,CSE,3,9.0,44.67,65
104871,Kabir Jha,CE,6,9.0,91.94,65
104872,Priya Patel,ME,3,7.5,6.1,65
104873,Rohan Reddy,EEE,4,9.0,12.5,65
104874,Vikram Patel,ME,3,6.0,37.12,50
104875,Priya Singh,CSE,1,7.5,46.14,50
104876,Kabir Sharma,CE,4,8.0,43.27,65
104877,Rohan Gupta,ME,8,7.5,47.86,75
104878,Rohan Kumar,EEE,4,9.0,63.29,75
104879,Aarav Sharma,ME,4,6.0,92.41,85
104880,Diya Singh,ECE,3,6.0,23.05,95
104881,Rohan Gupta,EEE,6,7.5,15.93,65
104882,Aditya Singh,CE,3,7.5,83.29,75
104883,Isha Gupta,ECE,6,8.5,20.79,50
104884,Priya Singh,CE,1,8.5,69.29,85
104885,Rohan Singh,ME,1,9.0,44.58,50
104886,Priya Singh,ECE,4,9.0,63.23,75
104887,Aditya Singh,EEE,5,6.0,63.46,85
104888,Rohan Kumar,CE,1,8.0,21.91,50
104889,Diya Joshi,ME,2,9.0,42.1,85
104890,Vikram Joshi,CSE,7,8.5,84.42,65
104891,Kabir Patel,ECE,2,7.5,66.57,50
104892,Priya Jha,EEE,3,7.5,3.01,85
104893,Rohan Jha,ECE,7,6.0,36.27,85
104894,Kabir Gupta,EEE,4,6.0,57.22,75
104895,Diya Jha,EEE,8,9.0,67.69,95
104896,Priya Singh,CSE,6,8.5,16.5,50
104897,Aditya Kumar,EEE,7,7.5,79.79,85
104898,Ananya Sharma,ECE,6,9.0,43.59,75
104899,Aditya Reddy,CSE,7,8.0,22.32,75
104900,Isha Reddy,CE,2,8.5,82.88,85
104901,Aditya Reddy,ECE,3,8.5,35.84,85
104902,Ananya Sharma,ECE,6,7.5,14.66,50
104903,Vikram Gupta,ECE,2,8.0,56.6,50
104904,Priya Jha,ME,4,7.5,98.58,50
104905,Diya Rao,ME,6,9.0,28.9,65
104906,Aditya Rao,ME,6,9.0,28.6,95
104907,Vikram Kumar,ECE,2,7.5,51.35,65
104908,Aarav Sharma,ECE,2,7.5,14.65,65
104909,Priya Reddy,CE,4,9.0,97.3,75
104910,Vikram Jha,ECE,3,8.5,72.97,95
104911,Aditya Jha,ME,4,6.0,6.53,50
104912,Vikram Sharma,CSE,2,6.0,1.04,75
104913,Aditya Reddy,CE,1,6.0,20.79,85
104914,Rohan Reddy,ME,5,8.5,44.73,50
104915,Aditya Rao,ECE,8,8.0,61.4,85
104916,Kabir Verma,CE,7,8.5,78.69,65
104917,Aarav Rao,ECE,8,8.5,41.48,95
104918,Sneha Joshi,CSE,1,8.0,75.12,85
104919,Kabir Reddy,CE,5,9.0,49.38,95
104920,Priya Joshi,CE,1,6.0,78.64,50
104921,Sneha Gupta,EEE,1,6.0,38.9,95
104922,Ananya Joshi,ECE,8,9.0,89.39,95
104923,Isha Jha,CSE,4,8.5,27.34,65
104924,Sneha Sharma,EEE,7,8.0,61.9,95
104925,Aarav Reddy,ECE,6,7.5,23.97,95
104926,Diya Rao,CE,5,6.0,60.83,75
104927,Rohan Patel,ECE,5,8.0,23.22,50
104928,Aditya Reddy,EEE,6,8.0,11.21,85
104929,Sneha Reddy,CSE,4,7.5,6.35,65
104930,Aditya Sharma,ECE,6,8.5,41.96,85
104931,Vikram Reddy,CSE,5,7.5,5.86,50
104932,Vikram Patel,CE,5,8.0,73.47,85
104933,Ananya Verma,CE,2,7.5,11.58,75
104934,Aarav Singh,EEE,7,9.0,97.9,85
104935,Vikram Joshi,CSE,1,7.5,82.85,65
104936,Sneha Joshi,EEE,4,7.5,37.28,85
104937,Vikram Reddy,CSE,2,6.0,51.56,95
104938,Aarav Sharma,ECE,6,6.0,48.19,75
104939,Aarav Verma,CSE,2,8.0,29.43,65
104940,Isha Verma,EEE,2,9.0,55.89,95
104941,Ananya Rao,ME,2,8.0,40.12,75
104942,Sneha Sharma,ME,6,9.0,9.49,65
104943,Diya Singh,EEE,7,6.0,8.15,85
104944,Isha Verma,CE,1,6.0,64.2,75
104945,Rohan Rao,ECE,3,9.0,94.77,85
104946,Sneha Sharma,CE,2,6.0,8.37,95
104947,Priya Singh,ECE,2,6.0,27.94,65
104948,Rohan Gupta,CSE,5,7.5,5.22,50
104949,Isha Verma,CE,8,8.5,55.57,85
104950,Rohan Jha,ME,1,7.5,10.62,85
104951,Rohan Reddy,ECE,1,7.5,91.69,95
104952,Diya Kumar,CSE,7,7.5,67.38,95
104953,Ananya Verma,EEE,7,8.5,64.32,75
104954,Ananya Verma,ECE,4,6.0,61.46,75
104955,Priya Singh,CSE,3,8.0,58.37,65
104956,Aditya Jha,EEE,3,7.5,78.8,95
104957,Ananya Patel,ME,7,7.5,68.75,75
104958,Diya Verma,CSE,7,9.0,57.07,75
104959,Aditya Sharma,ME,6,9.0,16.33,50
104960,Rohan Sharma,ECE,7,7.5,12.24,75
104961,Kabir Verma,EEE,1,8.5,74.72,85
104962,Aarav Joshi,CSE,8,9.0,25.67,95
104963,Aditya Singh,ME,7,9.0,26.36,75
104964,Sneha Sharma,CE,1,9.0,81.16,95
104965,Sneha Joshi,CSE,7,7.5,69.23,95
104966,Kabir Kumar,CE,7,8.5,22.04,65
104967,Aditya Kumar,EEE,1,8.0,14.17,50
104968,Ananya Patel,ECE,1,6.0,35.91,95
104969,Isha Reddy,ECE,6,9.0,67.45,85
104970,Aditya Patel,CE,7,8.5,60.48,75
104971,Sneha Singh,CSE,2,6.0,85.67,85
104972,Isha Gupta,EEE,7,7.5,98.92,95
104973,Vikram Joshi,ME,1,9.0,78.23,75
104974,Vikram Gupta,EEE,8,8.0,8.48,50
104975,Vikram Reddy,ECE,7,9.0,76.8,95
104976,Diya Joshi,ECE,5,8.0,40.0,75
104977,Diya Reddy,CE,1,7.5,36.96,95
104978,Isha Jha,ME,1,8.0,89.68,75
104979,Rohan Singh,CSE,3,7.5,27.35,75
104980,Sneha Gupta,ME,7,8.0,0.07,65
104981,Aditya Rao,ME,7,7.5,45.26,95
104982,Sneha Sharma,ME,3,8.0,36.0,65
104983,Priya Kumar,ECE,2,6.0,11.9,75
104984,Sneha Reddy,CSE,6,8.5,82.93,50
104985,Kabir Gupta,ECE,3,6.0,71.78,50
104986,Aarav Rao,CSE,3,6.0,57.87,75
104987,Priya Verma,ME,2,8.0,3.1,95
104988,Isha Joshi,ECE,5,8.5,80.04,95
104989,Isha Jha,EEE,3,8.0,30.37,65
104990,Rohan Verma,CSE,7,7.5,14.73,65
104991,Priya Jha,EEE,2,8.0,65.31,50
104992,Diya Reddy,ECE,5,7.5,40.84,65
104993,Aditya Rao,CE,4,8.0,36.16,65
104994,Isha Patel,ME,3,8.5,76.72,65
104995,Aditya Joshi,EEE,3,9.0,75.72,95
104996,Rohan Kumar,ME,5,9.0,12.83,95
104997,Priya Kumar,CSE,2,7.5,97.0,85
104998,Aditya Gupta,EEE,1,8.0,98.49,50
104999,Sneha Kumar,ECE,3,9.0,47.17,75
105000,Kabir Jha,CE,8,8.5,91.51,75
105001,Aarav Joshi,ECE,8,8.0,70.68,75
105002,Isha Verma,ECE,1,8.5,31.34,50
105003,Priya Reddy,EEE,6,7.5,10.27,75
105004,Rohan Reddy,ECE,2,8.5,3.45,85
105005,Ananya Patel,ME,4,6.0,81.9,95
105006,Vikram Verma,ME,5,8.5,59.09,65
105007,Vikram Patel,ME,8,9.0,93.16,95
105008,Ananya Rao,EEE,8,8.5,12.25,75
105009,Priya Singh,ECE,5,6.0,93.28,85
105010,Diya Reddy,EEE,8,8.5,2.52,75
105011,Priya Patel,ECE,5,8.5,59.97,50
105012,Aditya Kumar,EEE,7,8.5,73.37,85
105013,Aditya Verma,CE,7,9.0,71.06,75
105014,Ananya Kumar,EEE,3,9.0,25.51,50
105015,Vikram Singh,EEE,3,7.5,28.85,50
105016,Priya Singh,CSE,3,6.0,22.91,65
105017,Sneha Patel,EEE,1,7.5,43.9,75
105018,Isha Singh,CSE,5,9.0,87.84,85
105019,Priya Reddy,EEE,8,8.5,47.16,65
105020,Kabir Sharma,CE,1,8.5,38.5,50
105021,Sneha Reddy,CSE,1,7.5,44.93,50
105022,Rohan Gupta,EEE,3,8.5,96.71,95
105023,Aditya Gupta,CSE,4,9.0,50.34,85
105024,Rohan Jha,EEE,5,6.0,13.37,95
105025,Priya Rao,ECE,4,6.0,90.63,65
105026,Sneha Rao,CE,3,8.5,3.67,85
105027,Vikram Reddy,CSE,5,8.5,98.85,50
105028,Rohan Singh,ME,5,8.5,34.01,65
105029,Kabir Rao,EEE,2,9.0,52.09,65
105030,Vikram Kumar,CSE,3,7.5,18.13,65
105031,Vikram Singh,CE,2,8.5,70.75,95
105032,Aditya Singh,CE,5,8.5,52.9,50
105033,Vikram Kumar,EEE,6,7.5,73.81,50
105034,Sneha Rao,ME,3,7.5,24.67,85
105035,Priya Verma,ECE,7,6.0,68.93,75
105036,Diya Jha,ECE,8,6.0,42.77,65
105037,Isha Jha,ME,4,7.5,55.9,65
105038,Priya Patel,CSE,8,8.5,59.56,95
105039,Sneha Singh,EEE,1,6.0,65.24,50
105040,Rohan Reddy,CE,3,9.0,60.78,85
105041,Isha Reddy,CSE,6,7.5,3.32,85
105042,Ananya Singh,EEE,2,7.5,52.57,85
105043,Kabir Patel,ECE,4,8.5,25.11,65
105044,Rohan Verma,ME,1,8.5,86.4,75
105045,Vikram Verma,CE,5,7.5,70.4,50
105046,Kabir Rao,EEE,2,9.0,90.57,85
105047,Aditya Sharma,CE,8,6.0,57.23,50
105048,Priya Reddy,CE,3,7.5,58.4,50
105049,Ananya Sharma,ECE,4,9.0,43.23,50
105050,Rohan Sharma,ME,7,7.5,43.88,75
105051,Kabir Kumar,EEE,8,6.0,84.43,85
105052,Sneha Kumar,CE,4,8.0,87.64,75
105053,Aarav Verma,CSE,6,8.5,61.86,95
105054,Isha Singh,ECE,7,8.5,96.64,95
105055,Aditya Kumar,CE,7,9.0,3.49,65
105056,Aditya Kumar,EEE,8,8.0,34.68,95
105057,Isha Rao,ME,4,9.0,91.58,65
105058,Kabir Patel,CE,1,7.5,20.08,65
105059,Vikram Jha,CE,6,6.0,80.85,85
105060,Sneha Joshi,CE,7,8.0,25.93,95
105061,Kabir Jha,CSE,6,8.0,62.84,95
105062,Priya Patel,CE,5,8.5,64.78,75
105063,Rohan Patel,CSE,6,6.0,49.52,75
105064,Aarav Joshi,ME,7,7.5,22.7,50
105065,Kabir Kumar,CSE,4,7.5,81.47,50
105066,Aditya Sharma,CE,1,8.0,53.21,85
105067,Aditya Kumar,CE,4,8.0,60.72,75
105068,Vikram Rao,CE,5,9.0,52.49,95
105069,Kabir Sharma,CE,4,6.0,5.54,85
105070,Ananya Kumar,CSE,7,6.0,81.08,85
105071,Kabir Sharma,ME,2,8.0,73.81,85
105072,Vikram Kumar,EEE,4,7.5,45.2,95
105073,Vikram Singh,ECE,5,7.5,46.73,85
105074,Vikram Patel,CE,7,8.5,24.76,95
105075,Isha Singh,EEE,8,8.0,33.57,85
105076,Aarav Rao,ME,2,6.0,8.88,95
105077,Isha Reddy,CSE,8,7.5,11.02,75
105078,Sneha Verma,CE,5,8.0,26.24,95
105079,Isha Rao,CE,4,9.0,99.58,95
105080,Vikram Verma,ME,5,8.0,32.14,85
105081,Sneha Patel,CE,4,8.0,2.29,85
105082,Rohan Reddy,CSE,3,7.5,2.9,75
105083,Aditya Jha,ME,7,8.0,6.05,65
105084,Aditya Verma,ECE,3,8.5,71.88,75
105085,Priya Rao,CSE,3,8.0,46.17,75
105086,Diya Rao,EEE,5,8.5,10.25,50
105087,Priya Singh,CE,7,8.0,44.59,95
105088,Aditya Sharma,CE,2,7.5,62.8,65
105089,Vikram Kumar,CSE,1,7.5,26.73,95
105090,Aarav Jha,EEE,4,9.0,68.07,65
105091,Isha Joshi,ME,4,8.0,22.8,50
105092,Sneha Jha,ECE,7,8.5,32.86,95
105093,Aarav Patel,ME,3,6.0,51.41,65
105094,Aarav Singh,CSE,8,6.0,81.92,85
105095,Vikram Patel,ECE,2,9.0,74.42,65
105096,Diya Joshi,ME,5,6.0,88.88,65
105097,Aditya Rao,ME,4,9.0,99.58,65
105098,Aarav Jha,ME,7,9.0,71.32,75
105099,Rohan Reddy,EEE,1,6.0,36.16,65
105100,Aarav Gupta,EEE,7,8.0,21.89,50
105101,Rohan Singh,ME,7,7.5,96.91,75
105102,Aarav Jha,EEE,2,9.0,27.52,50
105103,Rohan Jha,ECE,3,8.5,14.6,50
105104,Diya Kumar,ECE,2,8.5,92.14,85
105105,Aarav Patel,ECE,4,6.0,94.74,75
105106,Aarav Reddy,EEE,3,6.0,5.55,75
105107,Ananya Sharma,EEE,4,7.5,5.59,75
105108,Kabir Joshi,ME,8,9.0,51.62,85
105109,Isha Rao,CE,4,7.5,52.54,50
105110,Rohan Patel,ME,6,8.5,82.99,50
105111,Ananya Joshi,ECE,8,6.0,67.85,95
105112,Aditya Gupta,CE,5,8.5,58.69,95
105113,Aditya Kumar,ECE,6,6.0,46.7,65
105114,Aditya Joshi,CSE,6,7.5,59.17,95
105115,Aarav Joshi,CSE,7,9.0,85.24,50
105116,Sneha Patel,ME,8,6.0,67.52,50
105117,Aarav Patel,EEE,5,6.0,11.51,95
105118,Sneha Sharma,EEE,3,7.5,28.81,85
105119,Kabir Sharma,ECE,6,9.0,93.28,95
105120,Diya Kumar,ME,6,8.0,79.99,50
105121,Sneha Kumar,EEE,2,8.0,50.78,95
105122,Rohan Gupta,CE,8,7.5,30.0,85
105123,Isha Jha,CE,5,7.5,87.39,75
105124,Kabir Verma,ECE,4,8.0,14.84,95
105125,Diya Singh,CE,8,9.0,1.7,95
105126,Kabir Kumar,ME,5,8.5,31.05,75
105127,Vikram Jha,ME,2,9.0,13.26,95
105128,Diya Kumar,CE,8,9.0,32.99,95
105129,Priya Kumar,CSE,3,9.0,43.09,65
105130,Diya Sharma,CE,5,6.0,15.49,95
105131,Rohan Jha,ECE,8,8.0,19.73,95
105132,Kabir Kumar,CSE,4,7.5,49.64,75
105133,Aarav Sharma,ME,5,8.0,33.64,75
105134,Kabir Kumar,ME,6,6.0,36.35,65
105135,Rohan Verma,CE,4,6.0,79.43,85
105136,Isha Reddy,CE,1,7.5,78.23,50
105137,Aarav Patel,EEE,2,8.5,41.74,65
105138,Aarav Patel,ECE,2,7.5,37.06,75
105139,Isha Joshi,ME,3,9.0,71.82,95
105140,Diya Singh,ECE,7,9.0,88.72,75
105141,Diya Singh,CSE,7,8.5,57.58,75
105142,Aditya Joshi,ME,1,6.0,3.34,65
105143,Aditya Singh,EEE,2,7.5,36.94,75
105144,Rohan Sharma,ECE,7,7.5,3.3,85
105145,Priya Singh,ECE,7,8.5,58.74,95
105146,Aarav Singh,EEE,8,9.0,94.36,75
105147,Aditya Joshi,EEE,4,9.0,28.33,65
105148,Aditya Verma,CE,8,9.0,24.85,65
105149,Rohan Sharma,EEE,4,8.0,69.94,50
105150,Kabir Gupta,CE,7,6.0,27.81,75
105151,Vikram Patel,ME,1,7.5,64.82,50
105152,Rohan Jha,EEE,7,8.5,44.23,50
105153,Sneha Joshi,CSE,8,6.0,85.47,50
105154,Diya Rao,ECE,5,8.0,44.59,85
105155,Kabir Patel,CE,4,7.5,56.9,65
105156,Sneha Singh,CSE,6,9.0,43.72,50
105157,Rohan Singh,EEE,5,9.0,15.26,50
105158,Diya Sharma,EEE,7,8.5,95.52,75
105159,Vikram Reddy,EEE,2,8.5,12.17,85
105160,Rohan Gupta,EEE,3,8.0,77.21,75
105161,Rohan Patel,CE,8,9.0,90.33,65
105162,Isha Singh,ECE,8,7.5,77.35,65
105163,Vikram Verma,ECE,7,9.0,30.08,65
105164,Sneha Jha,EEE,4,7.5,26.55,50
105165,Sneha Rao,CE,6,8.5,44.94,75
105166,Sneha Jha,EEE,7,7.5,0.21,65
105167,Sneha Verma,ECE,7,7.5,47.9,95
105168,Kabir Patel,EEE,5,9.0,41.42,65
105169,Rohan Jha,CSE,6,6.0,25.54,50
105170,Sneha Singh,ME,5,8.0,6.15,95
105171,Ananya Joshi,CE,8,9.0,71.54,95
105172,Rohan Sharma,ECE,6,6.0,57.44,85
105173,Aditya Kumar,CSE,6,9.0,62.73,75
105174,Priya Kumar,EEE,6,8.0,8.76,50
105175,Priya Gupta,ECE,8,8.5,41.08,65
105176,Rohan Jha,EEE,1,8.5,12.89,65
105177,Aditya Verma,CSE,7,6.0,98.17,65
105178,Diya Verma,CE,1,8.5,15.11,85
105179,Ananya Joshi,ME,6,6.0,83.86,75
105180,Kabir Rao,CE,6,9.0,2.09,65
105181,Isha Sharma,ECE,6,9.0,42.92,65
105182,Kabir Singh,ME,4,7.5,94.22,75
105183,Isha Jha,ME,2,9.0,42.81,85
105184,Diya Gupta,ECE,2,7.5,58.77,95
105185,Sneha Singh,CE,2,7.5,44.7,75
105186,Aarav Patel,ECE,2,8.5,44.35,95
105187,Ananya Gupta,CE,7,8.5,39.81,50
105188,Rohan Singh,ECE,7,8.5,41.38,95
105189,Sneha Joshi,CSE,7,9.0,25.05,50
105190,Sneha Kumar,ECE,7,8.5,13.88,75
105191,Priya Reddy,CE,1,8.0,72.4,75
105192,Aarav Sharma,ME,7,6.0,4.17,65
105193,Aarav Kumar,CE,2,7.5,97.15,50
105194,Aditya Verma,CE,8,9.0,59.88,50
105195,Priya Kumar,ECE,4,8.0,91.9,50
105196,Sneha Patel,EEE,5,6.0,70.09,65
105197,Vikram Kumar,CE,1,6.0,58.17,50
105198,Rohan Verma,EEE,4,6.0,27.14,50
105199,Kabir Reddy,EEE,6,8.0,68.41,95
105200,Ananya Rao,CSE,3,9.0,30.46,95
105201,Ananya Kumar,ME,1,6.0,9.85,50
105202,Priya Singh,ME,7,8.0,72.34,75
105203,Vikram Singh,ECE,1,7.5,70.87,75
105204,Kabir Singh,CE,1,7.5,81.96,75
105205,Ananya Reddy,ME,4,9.0,44.9,75
105206,Rohan Verma,CE,1,6.0,74.67,75
105207,Aarav Verma,ECE,6,8.5,87.38,50
105208,Aditya Singh,ECE,8,7.5,64.19,75
105209,Sneha Reddy,EEE,2,8.0,60.51,85
105210,Aarav Kumar,EEE,2,8.5,73.95,65
105211,Diya Singh,CSE,2,9.0,68.56,50
105212,Sneha Rao,CSE,7,8.5,54.82,65
105213,Ananya Jha,EEE,4,9.0,37.58,85
105214,Isha Sharma,EEE,5,8.0,4.32,85
105215,Kabir Kumar,ECE,6,8.0,93.14,85
105216,Isha Sharma,CE,7,6.0,0.67,95
105217,Vikram Gupta,CSE,8,6.0,64.8,50
105218,Rohan Gupta,CE,2,7.5,81.88,95
105219,Aarav Gupta,CE,2,8.0,43.61,95
105220,Ananya Sharma,EEE,4,6.0,0.32,75
105221,Ananya Rao,ME,1,6.0,6.72,50
105222,Aarav Sharma,ECE,3,7.5,40.62,85
105223,Aditya Sharma,ME,8,7.5,49.09,75
105224,Aarav Verma,ME,8,6.0,38.57,95
105225,Ananya Verma,EEE,6,8.5,65.6,75
105226,Diya Reddy,ME,7,6.0,49.09,65
105227,Sneha Rao,ME,7,9.0,56.29,95
105228,Diya Gupta,ECE,1,8.5,81.6,65
105229,Priya Kumar,CE,4,7.5,72.93,95
105230,Isha Patel,EEE,3,6.0,4.87,85
105231,Ananya Reddy,CE,5,8.0,72.25,75
105232,Isha Singh,ME,2,8.0,73.08,95
105233,Isha Patel,EEE,8,9.0,28.22,75
105234,Diya Singh,ME,6,8.5,30.69,65
105235,Priya Kumar,CE,8,8.5,17.74,75
105236,Aarav Verma,EEE,4,8.5,38.0,85
105237,Vikram Rao,CSE,3,8.5,49.09,85
105238,Ananya Rao,CE,4,9.0,23.9,65
105239,Priya Verma,ECE,8,7.5,3.96,50
105240,Vikram Joshi,ECE,8,9.0,23.54,85
105241,Rohan Reddy,ECE,1,8.5,67.55,65
105242,Aditya Jha,ME,8,7.5,11.37,85
105243,Rohan Reddy,EEE,4,7.5,36.84,85
105244,Priya Rao,ECE,3,8.0,22.1,85
105245,Isha Joshi,CE,6,9.0,0.81,65
105246,Diya Patel,CE,6,8.5,64.42,65
105247,Sneha Kumar,CE,8,6.0,78.1,50
105248,Ananya Jha,ME,4,8.0,12.55,75
105249,Priya Patel,ME,4,6.0,50.29,85
105250,Ananya Verma,ME,8,8.0,85.7,75
105251,Isha Gupta,CSE,5,9.0,73.31,50
105252,Vikram Rao,ME,8,8.0,99.18,50
105253,Diya Patel,ECE,4,8.5,40.69,95
105254,Isha Sharma,EEE,6,7.5,39.97,85
105255,Kabir Singh,EEE,5,7.5,10.62,65
105256,Ananya Sharma,ME,3,8.0,77.95,50
105257,Isha Patel,EEE,4,7.5,84.15,50
105258,Ananya Sharma,CSE,2,8.0,87.73,65
105259,Vikram Rao,EEE,2,6.0,15.56,85
105260,Diya Singh,ME,8,7.5,32.1,50
105261,Kabir Joshi,CSE,2,9.0,71.66,95
105262,Priya Patel,CE,6,9.0,64.3,95
105263,Kabir Gupta,CE,3,9.0,94.08,65
105264,Kabir Reddy,ECE,1,7.5,96.15,85
105265,Sneha Patel,CE,3,7.5,25.0,65
105266,Aarav Jha,CSE,8,8.0,29.51,65
105267,Vikram Reddy,CSE,6,9.0,25.92,65
105268,Aarav Sharma,CE,1,7.5,24.98,75
105269,Aditya Verma,CSE,8,8.0,77.38,65
105270,Vikram Singh,ME,3,9.0,63.24,50
105271,Ananya Gupta,CSE,3,8.5,63.31,50
105272,Sneha Reddy,CSE,7,7.5,90.54,65
105273,Vikram Patel,CSE,6,7.5,19.17,50
105274,Priya Reddy,CE,6,7.5,1.23,75
105275,Sneha Rao,CSE,6,7.5,69.66,50
105276,Aditya Verma,CE,2,6.0,72.7,85
105277,Rohan Rao,CSE,6,7.5,80.3,65
105278,Rohan Gupta,CSE,2,7.5,10.26,75
105279,Rohan Rao,EEE,5,9.0,29.02,75
105280,Aarav Verma,ECE,6,8.0,39.68,75
105281,Diya Singh,EEE,2,8.0,16.84,50
105282,Rohan Sharma,CSE,3,8.0,3.05,50
105283,Kabir Sharma,ECE,1,7.5,50.61,85
105284,Kabir Reddy,EEE,7,8.0,62.42,95
105285,Ananya Joshi,ECE,8,9.0,79.93,85
105286,Priya Reddy,CE,6,6.0,95.16,75
105287,Kabir Patel,EEE,2,8.0,96.67,75
105288,Rohan Verma,EEE,1,9.0,9.84,50
105289,Aditya Kumar,ECE,4,6.0,40.26,75
105290,Rohan Singh,ME,3,8.5,93.41,65
105291,Rohan Gupta,ME,7,8.0,39.31,65
105292,Priya Gupta,CSE,3,9.0,93.73,75
105293,Kabir Gupta,ECE,7,8.0,3.94,95
105294,Isha Reddy,CSE,5,7.5,61.91,50
105295,Priya Rao,EEE,8,9.0,90.99,95
105296,Vikram Jha,ME,1,9.0,70.08,65
105297,Isha Gupta,CSE,1,7.5,33.8,65
105298,Aarav Sharma,ECE,4,7.5,88.25,50
105299,Ananya Sharma,EEE,8,8.0,14.46,65
105300,Rohan Kumar,ME,3,7.5,28.93,95
105301,Vikram Joshi,EEE,4,7.5,48.54,65
105302,Priya Rao,EEE,6,7.5,21.95,65
105303,Ananya Joshi,ECE,4,6.0,64.81,50
105304,Rohan Jha,EEE,7,9.0,47.81,85
105305,Aarav Patel,ECE,4,6.0,91.41,85
105306,Priya Verma,EEE,6,7.5,7.08,85
105307,Vikram Rao,EEE,3,8.0,65.08,75
105308,Priya Patel,CE,1,8.5,81.51,50
105309,Aarav Jha,CE,6,9.0,55.86,95
105310,Kabir Rao,ME,7,6.0,34.65,85
105311,Aditya Reddy,CE,3,9.0,23.77,85
105312,Sneha Rao,ME,2,7.5,82.32,50
105313,Kabir Kumar,ME,3,6.0,37.08,65
105314,Sneha Verma,ECE,4,9.0,74.25,75
105315,Ananya Kumar,ME,2,8.5,20.82,50
105316,Sneha Verma,CSE,1,8.0,49.79,50
105317,Ananya Singh,CE,4,7.5,35.55,65
105318,Aarav Kumar,CSE,5,8.5,23.74,75
105319,Rohan Singh,ME,3,9.0,70.21,65
105320,Isha Sharma,ECE,3,6.0,82.55,50
105321,Rohan Joshi,CSE,8,7.5,79.25,95
105322,Diya Rao,ECE,6,7.5,30.72,95
105323,Sneha Gupta,CSE,2,8.0,44.12,75
105324,Diya Reddy,ECE,8,7.5,21.75,85
105325,Kabir Rao,ECE,4,7.5,10.52,50
105326,Aditya Joshi,CE,3,8.0,5.38,85
105327,Sneha Rao,ME,1,7.5,81.4,85
105328,Ananya Joshi,CSE,4,6.0,29.78,65
105329,Ananya Sharma,CSE,3,9.0,15.31,95
105330,Kabir Sharma,EEE,2,8.0,13.47,85
105331,Vikram Verma,CE,8,8.5,64.15,65
105332,Priya Gupta,CSE,5,8.5,57.39,50
105333,Priya Gupta,CSE,5,7.5,31.14,65
105334,Kabir Singh,ECE,5,7.5,10.45,85
105335,Sneha Verma,CSE,1,6.0,39.51,85
105336,Aarav Patel,CSE,4,7.5,33.62,75
105337,Isha Rao,ME,3,9.0,47.24,95
105338,Rohan Singh,EEE,6,9.0,86.06,95
105339,Isha Gupta,CSE,8,6.0,78.11,85
105340,Aditya Rao,EEE,8,8.5,90.62,50
105341,Isha Reddy,CE,8,7.5,86.48,65
105342,Aditya Jha,CE,2,6.0,21.31,85
105343,Ananya Joshi,EEE,4,8.0,64.32,50
105344,Aarav Patel,EEE,8,9.0,27.49,50
105345,Diya Patel,ME,6,6.0,40.99,75
105346,Ananya Jha,ECE,5,7.5,55.55,75
105347,Aarav Jha,EEE,7,7.5,72.79,50
105348,Priya Verma,ME,8,8.5,51.0,65
105349,Priya Rao,CSE,6,7.5,39.13,95
105350,Aarav Kumar,ME,5,8.5,76.72,75
105351,Rohan Jha,CSE,6,7.5,94.32,65
105352,Aditya Kumar,CE,8,6.0,97.71,50
105353,Isha Verma,ME,4,9.0,65.67,95
105354,Aarav Kumar,ME,6,8.5,75.58,75
105355,Sneha Patel,ME,1,8.0,93.91,85
105356,Diya Reddy,CE,8,6.0,50.33,65
105357,Aditya Rao,ECE,3,7.5,79.91,75
105358,Aarav Sharma,CE,3,6.0,0.91,95
105359,Aarav Rao,ME,8,6.0,6.81,65
105360,Rohan Patel,CE,2,9.0,36.71,50
105361,Aditya Sharma,ME,2,8.5,2.3,95
105362,Kabir Joshi,CE,7,8.5,52.18,50
105363,Kabir Gupta,CE,3,8.5,30.06,65
105364,Aarav Patel,EEE,7,8.0,11.5,65
105365,Ananya Joshi,CE,8,8.5,23.09,50
105366,Sneha Jha,CSE,5,7.5,22.41,95
105367,Aarav Jha,ECE,3,6.0,37.62,95
105368,Aditya Rao,EEE,8,8.0,25.64,95
105369,Aarav Singh,CSE,5,8.5,22.76,95
105370,Isha Jha,EEE,3,8.5,84.15,85
105371,Kabir Jha,CSE,5,8.5,12.12,85
105372,Priya Sharma,CSE,7,6.0,28.84,50
105373,Priya Verma,ME,6,6.0,81.56,95
105374,Aditya Verma,ECE,8,6.0,8.07,95
105375,Aarav Sharma,ECE,5,7.5,75.89,65
105376,Priya Gupta,ME,7,7.5,46.9,50
105377,Sneha Singh,CE,3,8.5,87.53,85
105378,Rohan Singh,CSE,2,7.5,25.78,75
105379,Ananya Verma,EEE,1,8.5,2.78,65
105380,Isha Verma,ECE,7,6.0,20.39,85
105381,Aarav Kumar,ECE,3,9.0,67.49,75
105382,Rohan Reddy,CE,4,8.5,36.55,65
105383,Aditya Patel,ECE,6,9.0,11.99,75
105384,Ananya Kumar,EEE,5,9.0,14.17,50
105385,Ananya Joshi,ME,6,8.5,43.86,95
105386,Sneha Joshi,ECE,7,6.0,71.98,75
105387,Sneha Sharma,EEE,2,9.0,61.2,65
105388,Kabir Sharma,ECE,4,6.0,34.73,95
105389,Diya Singh,ME,1,6.0,94.9,50
105390,Sneha Gupta,EEE,1,6.0,92.61,65
105391,Sneha Sharma,CE,2,8.5,88.25,85
105392,Isha Singh,ME,5,8.5,82.24,75
105393,Sneha Gupta,ME,8,9.0,48.24,50
105394,Kabir Rao,CE,5,9.0,24.53,65
105395,Vikram Patel,CSE,1,8.5,38.65,65
105396,Aditya Gupta,CE,5,7.5,12.59,85
105397,Isha Kumar,ME,4,8.5,59.37,95
105398,Aditya Kumar,ME,7,9.0,10.07,85
105399,Aarav Patel,CSE,8,9.0,36.05,65
105400,Priya Rao,CE,1,6.0,43.41,75
105401,Diya Singh,ECE,5,9.0,44.04,95
105402,Vikram Gupta,ME,2,7.5,29.66,85
105403,Vikram Sharma,ECE,3,8.0,64.91,85
105404,Diya Patel,ECE,5,8.0,93.78,95
105405,Aditya Rao,ME,3,8.0,24.28,95
105406,Isha Rao,ME,7,8.5,33.61,95
105407,Diya Kumar,EEE,6,8.0,73.3,95
105408,Rohan Jha,ECE,2,8.5,87.41,65
105409,Rohan Jha,CSE,4,7.5,14.51,75
105410,Kabir Sharma,ECE,4,8.5,20.87,75
105411,Rohan Jha,CE,2,8.0,91.81,65
105412,Aarav Patel,CSE,5,7.5,38.94,95
105413,Sneha Verma,CSE,3,8.5,23.14,65
105414,Ananya Sharma,ME,1,7.5,70.73,75
105415,Aditya Rao,ECE,1,6.0,64.98,75
105416,Sneha Rao,ME,3,7.5,93.21,95
105417,Rohan Jha,CE,8,7.5,27.29,95
105418,Diya Singh,ME,5,9.0,75.2,50
105419,Isha Singh,ECE,8,6.0,21.59,95
105420,Diya Gupta,CSE,6,8.5,1.19,95
105421,Aarav Jha,CE,3,8.5,19.37,65
105422,Kabir Joshi,CE,7,6.0,92.64,50
105423,Priya Jha,CSE,6,7.5,47.64,85
105424,Aarav Kumar,ECE,1,8.0,55.94,95
105425,Aditya Jha,ECE,1,8.5,56.83,75
105426,Aarav Jha,EEE,4,9.0,46.71,95
105427,Ananya Gupta,EEE,8,8.5,88.91,65
105428,Ananya Patel,EEE,6,6.0,97.87,85
105429,Isha Kumar,EEE,1,8.5,41.2,95
105430,Aarav Sharma,EEE,1,8.5,17.28,65
105431,Isha Verma,ECE,2,7.5,84.53,95
105432,Sneha Gupta,ECE,6,8.0,77.24,65
105433,Priya Singh,CSE,6,9.0,90.69,50
105434,Aditya Jha,ME,2,9.0,44.55,65
105435,Aarav Singh,ECE,4,8.5,93.59,95
105436,Aditya Sharma,CE,1,8.0,28.3,75
105437,Isha Kumar,CSE,3,9.0,73.42,50
105438,Priya Sharma,CSE,8,6.0,54.63,50
105439,Sneha Joshi,CE,6,6.0,54.12,65
105440,Diya Kumar,EEE,2,9.0,4.31,50
105441,Isha Gupta,ECE,7,6.0,29.13,65
105442,Rohan Jha,ECE,7,6.0,10.44,95
105443,Kabir Gupta,CSE,5,7.5,91.89,75
105444,Aditya Patel,ME,1,8.0,68.88,85
105445,Rohan Verma,CE,7,7.5,19.34,65
105446,Diya Singh,EEE,5,6.0,78.41,65
105447,Vikram Jha,ME,1,9.0,89.44,85
105448,Vikram Rao,EEE,6,7.5,44.65,95
105449,Ananya Verma,CSE,7,9.0,93.72,75
105450,Rohan Reddy,ME,2,9.0,62.48,95
105451,Diya Jha,EEE,6,7.5,47.27,85
105452,Rohan Patel,EEE,4,8.0,10.95,50
105453,Kabir Kumar,EEE,3,7.5,25.87,65
105454,Isha Joshi,CSE,5,9.0,29.27,65
105455,Diya Singh,CE,6,6.0,50.9,65
105456,Sneha Reddy,EEE,3,7.5,89.99,95
105457,Rohan Sharma,ECE,3,7.5,20.83,95
105458,Isha Verma,ECE,6,6.0,48.38,85
105459,Ananya Gupta,ECE,1,9.0,78.04,75
105460,Aditya Rao,ME,2,6.0,14.19,50
105461,Rohan Kumar,CE,7,8.0,58.03,50
105462,Aarav Kumar,CE,4,8.0,60.57,85
105463,Priya Sharma,ECE,5,7.5,91.02,95
105464,Vikram Kumar,ECE,3,7.5,32.32,75
105465,Aditya Patel,EEE,8,6.0,80.27,65
105466,Isha Sharma,CE,1,6.0,27.24,65
105467,Ananya Patel,ECE,4,9.0,3.14,95
105468,Kabir Rao,CSE,8,8.0,89.17,95
105469,Priya Reddy,EEE,8,7.5,72.82,50
105470,Priya Joshi,CE,7,6.0,7.93,65
105471,Isha Jha,ME,1,7.5,25.5,50
105472,Aditya Reddy,CE,2,7.5,29.05,75
105473,Isha Patel,CSE,5,7.5,50.59,65
105474,Ananya Patel,CSE,8,9.0,20.72,95
105475,Diya Gupta,CSE,3,9.0,71.38,75
105476,Diya Joshi,ECE,2,6.0,78.55,95
105477,Isha Verma,ECE,3,7.5,0.67,75
105478,Kabir Joshi,ME,6,7.5,92.37,65
105479,Ananya Kumar,ME,2,8.0,46.47,85
105480,Vikram Reddy,CSE,5,8.0,54.81,50
105481,Diya Verma,CSE,7,9.0,73.86,75
105482,Isha Reddy,CE,8,9.0,39.95,75
105483,Isha Reddy,CE,7,8.5,48.07,75
105484,Aarav Joshi,ME,3,8.0,67.12,75
105485,Rohan Rao,CE,5,8.5,32.07,95
105486,Ananya Jha,ME,1,9.0,62.32,50
105487,Isha Joshi,ECE,8,7.5,46.8,65
105488,Kabir Gupta,ECE,1,8.5,68.69,75
105489,Sneha Sharma,CE,3,8.0,53.62,75
105490,Priya Joshi,CE,5,7.5,37.99,50
105491,Rohan Patel,CE,7,8.0,3.74,85
105492,Ananya Patel,ECE,1,8.0,54.4,65
105493,Diya Singh,ECE,1,8.0,10.85,85
105494,Aditya Patel,CSE,7,9.0,50.18,85
105495,Sneha Joshi,CE,6,8.0,69.65,85
105496,Rohan Rao,CE,2,8.0,27.65,65
105497,Diya Jha,ME,6,7.5,95.37,85
105498,Sneha Verma,CE,4,7.5,45.63,65
105499,Priya Kumar,ME,7,7.5,91.39,95
105500,Priya Singh,EEE,6,9.0,74.45,95
105501,Kabir Verma,CE,3,8.5,68.25,50
105502,Ananya Rao,EEE,2,8.0,91.61,65
105503,Rohan Patel,CE,5,7.5,42.09,50
105504,Diya Singh,CE,5,8.5,52.52,50
105505,Ananya Jha,EEE,8,6.0,48.14,65
105506,Diya Sharma,CSE,1,6.0,98.8,85
105507,Ananya Rao,CSE,6,6.0,74.12,75
105508,Aarav Singh,EEE,8,7.5,91.51,85
105509,Sneha Verma,EEE,1,9.0,89.9,85
105510,Vikram Gupta,ME,5,8.0,18.29,50
105511,Ananya Reddy,ME,7,9.0,63.22,75
105512,Diya Singh,ME,1,7.5,28.79,65
105513,Rohan Reddy,ECE,6,8.5,53.85,65
105514,Aarav Singh,CSE,8,8.0,94.44,50
105515,Aditya Patel,CSE,5,8.5,6.13,75
105516,Aditya Patel,ECE,6,9.0,28.0,50
105517,Diya Singh,ECE,3,9.0,85.5,85
105518,Diya Rao,CE,1,9.0,26.98,65
105519,Priya Verma,CSE,1,8.5,9.62,85
105520,Rohan Singh,ME,4,9.0,12.92,95
105521,Isha Singh,CE,7,6.0,25.73,85
105522,Ananya Jha,ECE,8,6.0,94.7,85
105523,Sneha Patel,EEE,2,8.0,93.76,65
105524,Vikram Reddy,CE,2,6.0,68.33,85
105525,Priya Rao,ECE,5,8.0,70.78,65
105526,Ananya Kumar,CSE,2,8.5,25.47,75
105527,Priya Rao,CSE,7,6.0,61.87,85
105528,Aditya Rao,ME,3,8.5,81.24,85
105529,Priya Singh,EEE,2,9.0,60.3,75
105530,Aarav Singh,CE,2,7.5,10.96,75
105531,Sneha Rao,ECE,6,6.0,66.8,50
105532,Kabir Gupta,CSE,2,9.0,67.33,50
105533,Aarav Reddy,ME,2,8.5,71.71,75
105534,Priya Reddy,ME,4,9.0,29.01,95
105535,Rohan Rao,CE,2,8.5,15.63,95
105536,Aarav Sharma,CE,3,8.5,88.92,50
105537,Vikram Joshi,ECE,6,6.0,50.86,95
105538,Aditya Jha,EEE,6,8.5,10.64,85
105539,Priya Singh,EEE,6,8.0,1.43,85
105540,Aarav Sharma,CE,4,8.5,14.05,75
105541,Vikram Jha,CE,6,7.5,36.97,50
105542,Ananya Jha,ECE,5,8.5,65.42,65
105543,Kabir Patel,CE,4,8.5,71.17,95
105544,Sneha Reddy,EEE,5,8.5,77.12,50
105545,Kabir Reddy,ECE,6,8.5,31.26,85
105546,Sneha Verma,EEE,6,9.0,72.91,95
105547,Vikram Rao,CE,6,9.0,56.63,75
105548,Vikram Kumar,CE,1,8.0,92.86,50
105549,Priya Singh,CE,6,8.0,56.94,75
105550,Kabir Joshi,ME,3,6.0,56.4,65
105551,Rohan Kumar,CSE,5,7.5,48.0,95
105552,Sneha Singh,CE,3,9.0,39.65,65
105553,Kabir Verma,ME,3,8.5,30.69,65
105554,Rohan Rao,CE,1,8.0,22.07,85
105555,Rohan Gupta,EEE,3,8.0,61.99,65
105556,Sneha Gupta,ME,4,8.5,16.62,85
105557,Sneha Sharma,CSE,5,8.5,89.78,95
105558,Kabir Sharma,CE,7,6.0,66.76,65
105559,Priya Rao,CSE,8,9.0,21.24,95
105560,Kabir Jha,CE,8,8.0,2.4,85
105561,Aditya Gupta,ME,5,6.0,98.05,75
105562,Diya Patel,EEE,4,8.0,68.43,75
105563,Diya Patel,ECE,7,8.0,87.88,75
105564,Sneha Sharma,EEE,6,6.0,18.08,50
105565,Vikram Gupta,EEE,8,8.5,37.7,75
105566,Rohan Singh,ECE,6,8.0,81.46,95
105567,Priya Patel,CE,3,8.0,5.49,95
105568,Kabir Jha,ECE,4,7.5,67.99,95
105569,Kabir Reddy,CE,7,9.0,35.34,65
105570,Diya Reddy,CSE,1,6.0,87.01,75
105571,Rohan Joshi,EEE,7,8.5,74.62,50
105572,Aditya Jha,EEE,3,9.0,25.06,75
105573,Aarav Singh,EEE,6,8.5,95.71,75
105574,Sneha Reddy,CSE,4,8.5,27.31,65
105575,Aditya Singh,ECE,2,9.0,54.45,75
105576,Vikram Rao,ECE,5,8.5,58.56,85
105577,Priya Jha,CE,4,7.5,60.99,65
105578,Ananya Gupta,ECE,1,6.0,21.51,95
105579,Sneha Gupta,CSE,1,8.0,24.05,75
105580,Sneha Gupta,ECE,2,8.0,24.24,75
105581,Priya Verma,ME,1,7.5,17.74,85
105582,Isha Sharma,ECE,4,8.0,59.48,75
105583,Isha Gupta,CSE,2,9.0,34.77,65
105584,Priya Verma,CE,8,8.5,39.89,75
105585,Aarav Sharma,CSE,2,8.5,63.89,95
105586,Ananya Jha,CE,6,6.0,88.36,95
105587,Rohan Patel,ME,4,9.0,21.87,85
105588,Isha Verma,ME,2,8.5,71.88,95
105589,Vikram Rao,CSE,2,9.0,62.64,65
105590,Aditya Jha,CSE,3,9.0,53.3,75
105591,Aarav Patel,CSE,1,9.0,65.68,50
105592,Aditya Sharma,EEE,4,8.5,71.34,95
105593,Ananya Gupta,ECE,3,8.5,66.61,50
105594,Aarav Kumar,EEE,4,8.0,69.79,85
105595,Priya Gupta,ME,3,8.5,38.44,65
105596,Rohan Sharma,ECE,2,9.0,9.87,95
105597,Diya Kumar,ME,3,8.0,90.54,95
105598,Rohan Reddy,CE,1,6.0,75.75,85
105599,Isha Joshi,CSE,2,7.5,98.72,65
105600,Aditya Reddy,ECE,1,8.0,9.59,50
105601,Aditya Reddy,ME,3,9.0,23.39,85
105602,Rohan Gupta,CSE,5,7.5,68.58,85
105603,Priya Sharma,ME,1,8.0,19.74,85
105604,Aditya Patel,CSE,1,8.5,2.75,95
105605,Sneha Sharma,EEE,5,9.0,16.38,50
105606,Vikram Jha,CE,1,9.0,49.66,65
105607,Vikram Jha,EEE,8,8.5,0.69,85
105608,Priya Sharma,CE,7,8.5,29.41,85
105609,Sneha Joshi,ECE,6,6.0,89.58,85
105610,Isha Gupta,CE,3,8.5,59.49,65
105611,Priya Gupta,EEE,3,6.0,11.78,50
105612,Aditya Singh,ECE,1,7.5,9.0,65
105613,Ananya Singh,ME,1,6.0,19.54,95
105614,Aditya Sharma,CSE,1,7.5,17.88,95
105615,Vikram Kumar,CSE,2,6.0,63.8,65
105616,Isha Verma,CSE,8,6.0,39.29,50
105617,Sneha Jha,EEE,7,6.0,55.62,75
105618,Ananya Gupta,ME,1,8.0,66.02,50
105619,Kabir Patel,EEE,2,6.0,54.24,85
105620,Aditya Verma,EEE,1,7.5,9.98,75
105621,Kabir Kumar,CE,8,8.0,40.21,75
105622,Vikram Verma,EEE,6,6.0,56.45,50
105623,Aarav Verma,CE,1,9.0,79.01,50
105624,Vikram Patel,ME,2,7.5,48.32,85
105625,Aarav Gupta,ECE,4,7.5,25.16,65
105626,Priya Patel,CE,3,8.0,65.71,85
105627,Priya Gupta,CSE,6,7.5,64.43,75
105628,Aditya Patel,EEE,8,7.5,36.08,75
105629,Isha Gupta,CE,3,7.5,87.64,50
105630,Priya Kumar,CE,1,8.0,90.11,85
105631,Diya Singh,EEE,7,9.0,19.54,85
105632,Aditya Patel,CE,5,6.0,26.66,75
105633,Isha Singh,EEE,4,9.0,75.88,50
105634,Sneha Gupta,ECE,2,9.0,55.29,65
105635,Isha Reddy,ECE,3,7.5,33.35,50
105636,Priya Patel,CSE,7,6.0,5.65,85
105637,Vikram Reddy,ECE,4,8.5,5.91,95
105638,Rohan Verma,ME,7,9.0,25.54,65
105639,Sneha Gupta,CE,4,9.0,79.97,75
105640,Aditya Reddy,ECE,4,8.5,45.94,65
105641,Kabir Patel,ME,6,9.0,11.72,75
105642,Kabir Singh,ME,5,8.0,8.41,75
105643,Isha Kumar,ME,5,8.5,56.76,75
105644,Kabir Gupta,CSE,5,7.5,62.55,65
105645,Vikram Singh,EEE,2,8.5,7.46,50
105646,Ananya Verma,CE,5,9.0,64.17,50
105647,Kabir Reddy,ME,3,8.5,87.84,75
105648,Rohan Patel,CE,4,9.0,65.18,85
105649,Diya Joshi,CE,6,6.0,56.99,50
105650,Sneha Singh,CSE,1,6.0,80.95,95
105651,Sneha Verma,EEE,4,6.0,48.01,95
105652,Rohan Singh,CSE,6,6.0,81.28,75
105653,Rohan Patel,ME,4,8.5,2.57,95
105654,Ananya Gupta,ME,7,8.0,90.41,95
105655,Isha Joshi,CE,3,6.0,74.48,75
105656,Ananya Patel,CE,1,6.0,73.64,75
105657,Vikram Verma,CSE,7,9.0,59.49,75
105658,Priya Jha,ME,2,9.0,14.7,95
105659,Aditya Jha,EEE,1,9.0,0.9,65
105660,Kabir Jha,CSE,6,8.0,10.24,95
105661,Sneha Sharma,ECE,4,6.0,4.41,65
105662,Aarav Gupta,CE,3,6.0,81.14,65
105663,Vikram Joshi,ECE,3,8.5,17.27,65
105664,Vikram Verma,ME,5,8.0,3.67,95
105665,Diya Reddy,CE,8,6.0,26.13,50
105666,Aarav Verma,ME,2,8.0,26.97,50
105667,Vikram Sharma,CE,4,8.5,16.96,95
105668,Aditya Reddy,CSE,6,9.0,16.97,75
105669,Sneha Rao,EEE,5,6.0,32.37,85
105670,Vikram Singh,CE,3,8.0,2.87,85
105671,Isha Jha,EEE,8,7.5,60.08,50
105672,Priya Reddy,CE,7,7.5,31.19,65
105673,Ananya Sharma,ME,4,9.0,72.98,75
105674,Ananya Kumar,CSE,5,6.0,22.99,75
105675,Priya Kumar,CE,1,8.0,53.07,65
105676,Aditya Reddy,EEE,7,9.0,1.51,85
105677,Vikram Singh,ME,5,8.0,90.72,65
105678,Aarav Jha,ME,2,9.0,8.71,85
105679,Aditya Patel,ECE,7,8.5,13.68,85
105680,Kabir Verma,EEE,1,8.5,13.07,50
105681,Sneha Rao,ME,1,9.0,98.27,50
105682,Priya Kumar,CE,6,7.5,15.75,65
105683,Priya Jha,CE,6,7.5,44.73,85
105684,Sneha Kumar,CE,4,9.0,85.97,65
105685,Sneha Gupta,ME,2,9.0,94.32,85
105686,Aditya Patel,CE,8,9.0,84.57,50
105687,Ananya Jha,ME,3,9.0,85.19,95
105688,Rohan Rao,ME,7,8.5,16.21,50
105689,Diya Reddy,CE,5,8.5,58.48,95
105690,Diya Sharma,ECE,1,8.0,66.48,85
105691,Kabir Sharma,CE,1,7.5,26.22,50
105692,Sneha Rao,CSE,3,8.0,41.49,65
105693,Sneha Jha,ME,4,9.0,54.34,50
105694,Priya Rao,CE,7,8.5,33.37,85
105695,Kabir Reddy,CSE,5,8.0,43.44,50
105696,Aarav Patel,CSE,6,9.0,39.79,85
105697,Priya Patel,CE,2,7.5,59.88,95
105698,Isha Singh,CE,3,7.5,65.07,85
105699,Diya Singh,ECE,1,8.5,71.19,85
105700,Ananya Jha,CSE,7,9.0,24.52,95
105701,Priya Sharma,EEE,6,8.0,8.68,65
105702,Kabir Singh,CE,7,6.0,18.07,50
105703,Diya Singh,CSE,4,7.5,55.33,75
105704,Rohan Verma,CSE,4,6.0,48.55,95
105705,Vikram Jha,CE,8,9.0,85.33,85
105706,Isha Reddy,ME,6,6.0,33.08,75
105707,Priya Patel,EEE,2,7.5,80.59,85
105708,Kabir Singh,ME,2,8.5,5.05,95
105709,Diya Singh,EEE,6,9.0,23.5,95
105710,Aditya Rao,ECE,4,8.0,18.86,85
105711,Priya Kumar,CSE,5,6.0,52.0,75
105712,Aarav Jha,CSE,3,6.0,1.74,50
105713,Vikram Sharma,CE,8,9.0,10.61,75
105714,Ananya Patel,ME,8,7.5,10.74,75
105715,Kabir Joshi,ECE,5,8.5,45.32,75
105716,Isha Singh,CSE,3,7.5,5.37,65
105717,Sneha Jha,ECE,6,6.0,3.36,85
105718,Sneha Joshi,EEE,4,8.0,76.84,65
105719,Sneha Joshi,ECE,5,6.0,76.65,95
105720,Ananya Rao,EEE,5,8.5,35.82,65
105721,Vikram Kumar,EEE,2,8.0,70.04,85
105722,Sneha Reddy,ME,5,6.0,76.75,50
105723,Priya Rao,CSE,1,9.0,96.85,85
105724,Kabir Gupta,EEE,7,8.0,36.55,95
105725,Isha Sharma,CSE,8,9.0,59.91,85
105726,Aarav Verma,ME,7,6.0,4.35,85
105727,Priya Reddy,CE,3,9.0,95.31,85
105728,Rohan Joshi,CSE,1,7.5,30.96,95
105729,Isha Jha,CSE,8,6.0,70.11,65
105730,Aarav Singh,CSE,7,8.0,66.36,50
105731,Isha Rao,EEE,3,8.0,74.58,85
105732,Kabir Kumar,CE,6,9.0,48.78,65
105733,Rohan Joshi,ECE,3,8.5,75.44,95
105734,Aditya Kumar,CSE,6,7.5,42.29,75
105735,Aditya Joshi,CSE,6,9.0,46.81,65
105736,Sneha Kumar,CE,7,8.5,42.14,75
105737,Diya Patel,CSE,4,6.0,74.63,85
105738,Kabir Reddy,CSE,6,6.0,37.05,85
105739,Vikram Verma,CSE,4,6.0,33.42,75
105740,Rohan Gupta,ME,6,6.0,51.08,65
105741,Vikram Rao,CE,2,8.0,8.15,50
105742,Vikram Rao,CE,5,9.0,75.98,75
105743,Diya Jha,EEE,5,8.5,57.11,65
105744,Diya Reddy,ECE,2,6.0,92.97,50
105745,Sneha Gupta,CE,1,9.0,20.49,85
105746,Rohan Gupta,ME,2,8.0,13.31,85
105747,Ananya Gupta,CE,5,8.0,91.67,65
105748,Aarav Verma,CE,7,8.0,10.79,95
105749,Ananya Rao,EEE,7,7.5,99.62,75
105750,Aarav Joshi,ME,6,9.0,38.83,65
105751,Rohan Gupta,ECE,1,6.0,34.83,50
105752,Priya Kumar,CE,8,8.0,62.03,75
105753,Rohan Rao,EEE,5,6.0,0.19,85
105754,Aarav Sharma,ECE,3,8.0,1.85,75
105755,Rohan Patel,EEE,3,7.5,30.46,65
105756,Vikram Singh,ME,3,8.0,22.93,95
105757,Vikram Verma,CSE,3,8.0,24.28,85
105758,Aarav Reddy,EEE,6,9.0,98.5,65
105759,Ananya Joshi,ME,4,8.0,96.78,50
105760,Ananya Verma,ECE,2,6.0,79.52,65
105761,Priya Reddy,CE,7,9.0,39.23,75
105762,Diya Patel,CE,3,9.0,65.0,95
105763,Vikram Kumar,EEE,5,8.5,19.25,75
105764,Isha Rao,CSE,3,8.5,60.12,95
105765,Priya Jha,ME,4,8.0,68.85,95
105766,Ananya Singh,ECE,5,6.0,12.61,95
105767,Isha Kumar,CE,8,8.0,58.2,65
105768,Aarav Singh,CSE,6,7.5,45.48,95
105769,Isha Verma,ECE,7,7.5,28.4,75
105770,Kabir Joshi,EEE,2,9.0,16.0,85
105771,Diya Joshi,ECE,3,8.0,90.69,65
105772,Sneha Verma,ME,8,7.5,41.37,65
105773,Ananya Singh,CE,2,8.5,35.2,65
105774,Sneha Gupta,EEE,3,9.0,70.31,95
105775,Vikram Verma,EEE,6,7.5,70.84,75
105776,Aarav Gupta,EEE,5,9.0,26.35,95
105777,Kabir Singh,ME,6,8.0,83.37,75
105778,Vikram Verma,ECE,7,6.0,33.99,50
105779,Aarav Rao,CSE,6,8.0,72.03,50
105780,Isha Joshi,ECE,3,8.5,56.43,95
105781,Sneha Rao,ECE,7,8.0,92.37,50
105782,Kabir Verma,ECE,8,6.0,38.29,50
105783,Sneha Singh,CE,1,8.5,49.27,85
105784,Isha Gupta,CSE,3,9.0,85.79,75
105785,Priya Joshi,EEE,2,8.5,15.79,50
105786,Diya Rao,CE,7,9.0,42.86,95
105787,Isha Gupta,CSE,4,6.0,22.35,65
105788,Kabir Joshi,ECE,7,6.0,48.3,50
105789,Ananya Rao,CSE,6,6.0,85.71,50
105790,Kabir Singh,EEE,7,8.5,3.4,65
105791,Vikram Jha,ECE,4,9.0,25.13,65
105792,Aarav Rao,ME,5,6.0,89.43,75
105793,Aditya Jha,ECE,1,8.0,51.75,85
105794,Vikram Joshi,CSE,1,8.0,33.05,50
105795,Rohan Rao,ECE,7,9.0,41.96,95
105796,Kabir Jha,EEE,1,6.0,56.36,65
105797,Aarav Patel,CSE,2,9.0,38.61,85
105798,Diya Jha,CSE,1,6.0,91.64,95
105799,Aarav Sharma,CE,4,8.5,93.82,50
105800,Vikram Jha,ECE,5,8.0,28.31,95
105801,Diya Singh,EEE,1,7.5,27.63,65
105802,Ananya Rao,EEE,6,6.0,37.8,50
105803,Aditya Singh,ECE,2,8.0,1.33,85
105804,Rohan Joshi,ME,3,6.0,6.78,65
105805,Diya Sharma,ECE,6,6.0,85.98,95
105806,Diya Patel,ECE,5,9.0,18.14,95
105807,Isha Rao,EEE,1,8.5,22.83,75
105808,Rohan Singh,EEE,8,7.5,98.73,75
105809,Vikram Sharma,CE,3,8.0,52.36,85
105810,Ananya Singh,ME,1,6.0,56.42,85
105811,Aditya Singh,EEE,8,9.0,66.91,95
105812,Priya Sharma,EEE,2,7.5,40.75,75
105813,Diya Singh,EEE,8,9.0,18.04,95
105814,Vikram Singh,EEE,3,8.0,47.19,75
105815,Kabir Joshi,CSE,6,8.5,22.33,65
105816,Ananya Jha,EEE,7,8.0,43.77,50
105817,Vikram Jha,CE,2,7.5,98.75,50
105818,Aditya Joshi,EEE,3,7.5,87.46,50
105819,Rohan Joshi,CE,6,9.0,26.98,85
105820,Aditya Rao,ECE,4,8.0,1.29,75
105821,Aarav Reddy,CE,8,6.0,11.08,95
105822,Rohan Patel,EEE,8,9.0,17.5,50
105823,Sneha Jha,CSE,4,8.5,28.18,50
105824,Isha Patel,ME,2,6.0,30.92,95
105825,Isha Kumar,ECE,6,8.0,30.04,65
105826,Aditya Joshi,ECE,6,6.0,41.93,75
105827,Diya Sharma,CSE,6,9.0,76.19,75
105828,Ananya Kumar,CE,8,8.5,78.73,50
105829,Sneha Verma,ME,8,8.5,73.6,65
105830,Aarav Kumar,CSE,7,8.0,84.64,75
105831,Aarav Rao,EEE,4,6.0,20.95,75
105832,Diya Singh,ME,7,6.0,6.05,65
105833,Isha Kumar,EEE,7,8.5,92.17,50
105834,Sneha Reddy,ECE,4,7.5,77.74,75
105835,Rohan Singh,ME,6,6.0,76.93,65
105836,Aarav Kumar,CSE,6,8.5,87.38,50
105837,Isha Joshi,ECE,7,6.0,54.39,65
105838,Priya Gupta,ME,3,8.5,37.75,95
105839,Aditya Reddy,ECE,7,7.5,46.27,85
105840,Kabir Jha,CE,3,6.0,99.77,95
105841,Isha Sharma,ECE,6,6.0,27.91,85
105842,Isha Gupta,CE,2,8.5,86.78,50
105843,Diya Gupta,ECE,5,7.5,79.42,75
105844,Priya Gupta,EEE,1,6.0,76.43,65
105845,Rohan Kumar,ECE,5,8.5,9.48,65
105846,Sneha Patel,ME,6,8.0,84.33,85
105847,Rohan Kumar,EEE,4,9.0,76.58,95
105848,Priya Kumar,CE,4,8.5,90.46,95
105849,Aditya Gupta,CE,8,8.0,66.77,75
105850,Aarav Patel,CE,7,7.5,10.03,95
105851,Diya Reddy,ECE,2,9.0,77.95,50
105852,Aarav Joshi,CE,3,6.0,40.78,50
105853,Sneha Reddy,ME,4,8.5,38.66,65
105854,Aditya Joshi,ECE,4,9.0,17.0,50
105855,Aditya Jha,ECE,5,8.5,93.29,95
105856,Priya Reddy,ECE,2,8.5,24.41,85
105857,Kabir Reddy,CSE,2,6.0,74.42,95
105858,Aditya Sharma,ECE,4,7.5,40.52,65
105859,Aarav Joshi,ME,8,7.5,8.07,95
105860,Vikram Singh,ME,4,8.5,67.98,95
105861,Ananya Sharma,CSE,7,7.5,76.86,75
105862,Rohan Gupta,EEE,5,6.0,31.82,95
105863,Kabir Sharma,EEE,6,7.5,91.38,75
105864,Rohan Gupta,EEE,6,6.0,83.75,50
105865,Aarav Joshi,ME,7,6.0,38.26,85
105866,Vikram Sharma,CSE,3,6.0,89.1,75
105867,Vikram Rao,CSE,2,8.5,61.25,85
105868,Priya Joshi,EEE,2,8.0,71.91,50
105869,Kabir Patel,CSE,1,6.0,62.65,65
105870,Aditya Patel,ME,8,9.0,22.08,50
105871,Ananya Reddy,ME,1,8.5,91.12,50
105872,Rohan Singh,EEE,4,8.5,74.25,50
105873,Isha Verma,CSE,1,7.5,75.59,65
105874,Aditya Kumar,CSE,3,8.5,65.88,50
105875,Aarav Reddy,CE,8,7.5,54.09,75
105876,Priya Singh,CSE,8,8.0,25.47,65
105877,Sneha Kumar,ME,2,7.5,91.91,85
105878,Rohan Patel,EEE,3,8.0,82.07,95
105879,Aditya Joshi,CSE,6,8.0,18.1,85
105880,Diya Kumar,ECE,2,9.0,87.29,95
105881,Aarav Verma,ECE,7,9.0,16.62,85
105882,Sneha Sharma,CE,4,9.0,13.59,65
105883,Diya Verma,ECE,5,8.5,24.71,65
105884,Rohan Kumar,CSE,3,8.0,60.04,85
105885,Priya Joshi,ECE,5,6.0,75.87,85
105886,Priya Jha,CE,6,7.5,59.61,75
105887,Kabir Gupta,EEE,6,8.5,1.92,65
105888,Aarav Joshi,CE,5,8.0,28.75,95
105889,Priya Gupta,EEE,1,9.0,81.21,95
105890,Aarav Patel,EEE,8,8.5,33.46,95
105891,Sneha Verma,EEE,3,9.0,46.66,95
105892,Ananya Sharma,EEE,1,8.5,28.89,95
105893,Diya Singh,EEE,2,8.5,47.17,65
105894,Kabir Sharma,CSE,4,6.0,35.65,75
105895,Aditya Patel,EEE,7,8.0,93.34,50
105896,Priya Jha,ME,5,8.5,40.49,85
105897,Isha Gupta,ECE,7,7.5,5.81,95
105898,Isha Patel,CSE,3,7.5,10.56,65
105899,Priya Reddy,EEE,4,8.5,15.39,50
105900,Aditya Rao,ME,1,9.0,58.09,65
105901,Sneha Verma,CE,1,8.0,60.77,65
105902,Sneha Jha,CE,6,7.5,91.8,65
105903,Aditya Patel,EEE,1,9.0,74.06,50
105904,Priya Reddy,CE,2,9.0,14.95,95
105905,Aditya Verma,ECE,6,9.0,38.55,85
105906,Rohan Rao,EEE,4,7.5,22.02,85
105907,Diya Kumar,ECE,6,8.5,69.82,50
105908,Aarav Joshi,EEE,6,7.5,60.01,95
105909,Isha Singh,ME,1,8.5,25.4,75
105910,Isha Patel,CE,6,9.0,48.94,95
105911,Isha Jha,CSE,5,7.5,95.28,95
105912,Diya Reddy,CE,2,7.5,36.46,65
105913,Sneha Rao,CE,8,6.0,38.49,65
105914,Aarav Singh,ME,1,6.0,20.56,95
105915,Aditya Rao,CSE,1,8.5,74.58,95
105916,Ananya Jha,ME,7,9.0,27.79,50
105917,Aarav Jha,ECE,2,7.5,50.29,65
105918,Isha Jha,CSE,7,6.0,57.62,85
105919,Vikram Kumar,EEE,8,8.0,41.02,75
105920,Ananya Verma,CSE,5,7.5,33.18,65
105921,Vikram Jha,CSE,3,8.0,80.92,50
105922,Rohan Joshi,CSE,3,8.5,58.68,75
105923,Rohan Jha,EEE,6,9.0,16.46,85
105924,Diya Verma,EEE,7,8.0,52.98,85
105925,Sneha Joshi,ME,6,9.0,71.33,75
105926,Kabir Singh,CE,7,8.5,52.96,85
105927,Diya Reddy,CE,1,6.0,12.33,95
105928,Diya Patel,ME,2,8.0,30.54,85
105929,Aarav Patel,CSE,8,6.0,4.51,75
105930,Ananya Sharma,CE,5,7.5,4.04,95
105931,Diya Jha,ECE,7,8.0,16.13,50
105932,Aditya Joshi,ME,5,8.5,92.39,50
105933,Kabir Patel,EEE,8,8.5,74.09,65
105934,Sneha Verma,EEE,8,8.0,81.24,50
105935,Sneha Patel,CE,6,8.0,83.58,65
105936,Priya Jha,CSE,1,9.0,32.26,75
105937,Rohan Kumar,EEE,1,8.5,69.32,85
105938,Isha Verma,EEE,6,7.5,40.13,65
105939,Ananya Jha,ME,4,6.0,25.72,65
105940,Sneha Reddy,CSE,1,7.5,20.1,65
105941,Vikram Reddy,CE,8,8.5,48.03,50
105942,Isha Verma,ECE,8,8.0,70.66,65
105943,Isha Verma,CE,7,8.0,95.75,75
105944,Vikram Patel,ECE,8,8.5,72.07,75
105945,Kabir Singh,EEE,2,9.0,71.93,85
105946,Vikram Gupta,ECE,8,8.5,73.82,50
105947,Priya Verma,CE,4,6.0,31.86,75
105948,Vikram Patel,CE,3,7.5,5.42,95
105949,Vikram Jha,EEE,3,8.0,4.48,85
105950,Vikram Rao,CSE,7,7.5,10.75,50
105951,Sneha Sharma,ECE,7,7.5,23.76,65
105952,Diya Jha,ECE,2,8.0,15.47,50
105953,Aarav Reddy,CE,8,8.5,97.01,50
105954,Aarav Kumar,ECE,3,8.0,62.72,85
105955,Ananya Reddy,EEE,5,7.5,22.37,95
105956,Aditya Reddy,CSE,8,6.0,1.2,85
105957,Ananya Singh,EEE,1,6.0,45.31,95
105958,Ananya Singh,CE,8,8.0,75.72,50
105959,Aditya Reddy,ME,6,6.0,37.23,75
105960,Ananya Kumar,CSE,1,7.5,99.29,85
105961,Sneha Jha,CSE,6,8.0,15.64,75
105962,Aarav Joshi,CE,8,7.5,26.69,85
105963,Rohan Singh,ME,7,7.5,93.28,75
105964,Aditya Reddy,EEE,3,8.0,24.65,50
105965,Aarav Sharma,CE,3,8.0,34.58,85
105966,Ananya Jha,EEE,8,6.0,36.32,50
105967,Priya Jha,EEE,5,7.5,21.79,85
105968,Isha Singh,ME,5,7.5,33.42,65
105969,Aarav Verma,EEE,8,8.0,15.95,95
105970,Kabir Reddy,CSE,7,7.5,37.67,95
105971,Rohan Reddy,ME,4,8.0,14.11,75
105972,Kabir Jha,CSE,2,8.5,0.24,50
105973,Aditya Verma,ECE,8,8.0,55.84,95
105974,Aarav Joshi,EEE,5,8.5,76.81,85
105975,Aditya Verma,ECE,7,9.0,48.75,95
105976,Priya Sharma,CSE,1,6.0,54.18,75
105977,Diya Sharma,ME,1,9.0,26.78,95
105978,Priya Patel,CSE,6,7.5,55.29,75
105979,Ananya Sharma,ME,7,6.0,71.02,75
105980,Aditya Reddy,EEE,1,8.5,96.14,50
105981,Priya Verma,CSE,7,8.5,56.84,50
105982,Aarav Gupta,CSE,3,8.5,88.01,50
105983,Isha Reddy,ME,3,7.5,14.9,65
105984,Sneha Rao,EEE,4,8.5,15.87,50
105985,Kabir Rao,EEE,5,8.0,69.02,85
105986,Diya Verma,ECE,7,6.0,57.87,50
105987,Priya Singh,CSE,5,9.0,36.94,75
105988,Sneha Jha,CSE,7,8.5,49.1,65
105989,Ananya Singh,CSE,5,6.0,62.36,85
105990,Kabir Singh,EEE,7,9.0,10.04,50
105991,Sneha Sharma,EEE,7,8.5,72.41,85
105992,Sneha Singh,ECE,3,6.0,2.3,65
105993,Kabir Joshi,CE,7,6.0,91.69,65
105994,Ananya Singh,EEE,6,6.0,93.24,65
105995,Isha Patel,ME,7,9.0,74.59,95
105996,Sneha Joshi,ECE,4,9.0,96.44,85
105997,Priya Kumar,ME,5,8.0,67.53,85
105998,Aditya Joshi,ME,2,8.5,1.52,95
105999,Vikram Kumar,CE,4,7.5,66.43,75
106000,Vikram Gupta,CE,7,6.0,13.89,85
106001,Aditya Singh,CSE,3,6.0,23.07,65
106002,Ananya Joshi,ECE,6,7.5,63.48,75
106003,Aditya Sharma,ECE,3,8.5,1.77,50
106004,Isha Verma,CSE,7,6.0,29.62,95
106005,Rohan Reddy,EEE,5,7.5,22.32,85
106006,Priya Patel,CSE,5,7.5,62.13,65
106007,Priya Gupta,ECE,2,9.0,43.12,65
106008,Vikram Jha,EEE,1,6.0,42.2,95
106009,Kabir Jha,CE,3,6.0,71.24,85
106010,Ananya Sharma,ME,1,8.0,50.93,95
106011,Isha Joshi,ECE,7,7.5,8.49,65
106012,Isha Jha,CE,6,9.0,18.84,65
106013,Kabir Gupta,ECE,6,6.0,22.6,50
106014,Rohan Gupta,ME,3,9.0,76.42,75
106015,Isha Gupta,CE,8,8.5,44.59,65
106016,Aarav Gupta,CSE,6,8.0,9.98,95
106017,Aditya Patel,CE,1,6.0,37.85,95
106018,Priya Rao,CE,8,8.5,50.55,95
106019,Rohan Sharma,ME,8,8.0,68.81,75
106020,Diya Joshi,ECE,6,9.0,79.16,85
106021,Isha Jha,CSE,7,6.0,95.22,85
106022,Diya Gupta,EEE,6,9.0,64.52,95
106023,Rohan Kumar,ME,7,6.0,41.97,75
106024,Isha Rao,ME,7,9.0,44.51,50
106025,Aditya Verma,EEE,7,9.0,41.43,95
106026,Priya Rao,ME,5,9.0,32.8,95
106027,Diya Gupta,CSE,2,7.5,33.53,50
106028,Rohan Singh,ME,1,7.5,28.08,50
106029,Isha Jha,EEE,7,7.5,67.47,50
106030,Diya Reddy,ME,5,9.0,56.27,65
106031,Isha Jha,EEE,2,8.5,55.4,65
106032,Rohan Gupta,CSE,1,8.5,64.48,65
106033,Aarav Verma,ME,3,8.5,40.78,75
106034,Diya Sharma,CE,3,8.5,32.18,85
106035,Diya Kumar,CSE,5,8.0,76.72,85
106036,Aarav Rao,CE,8,9.0,69.73,85
106037,Aarav Joshi,CSE,1,8.0,63.12,75
106038,Aditya Jha,ECE,5,7.5,17.45,50
106039,Kabir Rao,CE,7,9.0,65.92,75
106040,Kabir Joshi,ECE,1,9.0,34.53,65
106041,Ananya Rao,CE,3,7.5,6.39,85
106042,Priya Patel,ECE,4,8.0,94.45,50
106043,Sneha Jha,CE,8,8.0,25.07,75
106044,Rohan Reddy,ME,8,8.5,20.68,75
106045,Aarav Patel,EEE,8,8.5,25.68,85
106046,Isha Verma,ECE,1,6.0,41.29,50
106047,Diya Rao,CSE,8,8.5,99.64,65
106048,Vikram Rao,CE,5,9.0,79.37,95
106049,Ananya Jha,CSE,3,9.0,23.03,95
106050,Vikram Joshi,ECE,1,8.0,34.83,95
106051,Vikram Rao,ME,3,8.0,32.59,95
106052,Vikram Jha,ECE,6,6.0,47.45,85
106053,Ananya Sharma,CE,3,8.0,22.4,95
106054,Kabir Jha,CE,5,8.0,41.52,95
106055,Ananya Gupta,CE,2,6.0,69.77,75
106056,Diya Singh,CE,4,8.0,57.31,50
106057,Isha Kumar,CE,5,8.5,58.01,95
106058,Aarav Rao,ME,2,8.5,83.68,50
106059,Vikram Singh,CSE,1,8.0,20.09,65
106060,Ananya Sharma,ME,2,8.0,5.65,85
106061,Isha Sharma,ME,2,7.5,74.09,75
106062,Priya Jha,ECE,7,9.0,16.01,95
106063,Rohan Rao,ME,7,9.0,46.88,75
106064,Sneha Kumar,ME,1,6.0,98.57,65
106065,Diya Rao,CE,2,6.0,70.38,95
106066,Isha Sharma,CSE,3,7.5,21.69,95
106067,Ananya Singh,ECE,7,9.0,19.5,65
106068,Vikram Sharma,ECE,2,8.0,75.78,75
106069,Kabir Verma,ME,8,9.0,69.32,50
106070,Diya Verma,EEE,5,6.0,62.54,95
106071,Ananya Rao,ME,7,6.0,47.29,75
106072,Sneha Kumar,EEE,3,8.0,69.27,65
106073,Rohan Joshi,ME,8,7.5,86.96,50
106074,Priya Sharma,ECE,3,9.0,86.98,75
106075,Diya Singh,ECE,6,7.5,54.32,65
106076,Aditya Rao,CE,2,7.5,89.38,50
106077,Diya Reddy,ME,8,8.5,41.05,75
106078,Kabir Jha,ME,7,9.0,35.99,85
106079,Isha Gupta,EEE,4,8.0,0.98,75
106080,Aditya Kumar,CSE,1,7.5,48.02,75
106081,Kabir Kumar,CSE,6,6.0,65.05,50
106082,Aditya Sharma,CSE,1,6.0,64.18,85
106083,Vikram Jha,EEE,8,8.0,26.0,95
106084,Vikram Verma,EEE,4,6.0,81.13,65
106085,Aditya Reddy,CE,4,8.0,78.58,85
106086,Vikram Kumar,ECE,4,7.5,81.72,75
106087,Kabir Rao,CE,4,9.0,47.95,85
106088,Rohan Reddy,ECE,2,7.5,7.43,95
106089,Rohan Singh,CE,5,6.0,88.61,75
106090,Priya Patel,ME,1,8.5,16.46,85
106091,Kabir Sharma,ME,1,8.5,13.06,75
106092,Aarav Rao,CE,7,8.5,7.6,75
106093,Diya Jha,CE,4,9.0,40.97,65
106094,Diya Joshi,ME,2,7.5,9.31,75
106095,Kabir Jha,ECE,7,6.0,20.5,85
106096,Aditya Joshi,ME,8,8.0,50.6,95
106097,Sneha Kumar,CE,2,9.0,79.98,95
106098,Aditya Patel,ME,5,8.5,72.28,75
106099,Ananya Reddy,ECE,6,7.5,47.89,85
106100,Isha Jha,ME,4,6.0,15.78,50
106101,Priya Joshi,ME,8,9.0,38.35,95
106102,Diya Verma,EEE,8,8.5,49.28,65
106103,Aditya Singh,ECE,3,7.5,4.05,95
106104,Aarav Sharma,ME,1,9.0,35.07,75
106105,Isha Singh,CE,6,9.0,28.44,85
106106,Diya Verma,EEE,4,9.0,92.56,95
106107,Vikram Gupta,CE,2,6.0,18.84,85
106108,Priya Sharma,CE,6,8.5,37.19,85
106109,Sneha Rao,CE,6,8.0,82.12,75
106110,Aditya Sharma,EEE,7,7.5,15.64,75
106111,Ananya Rao,CE,1,9.0,56.01,95
106112,Sneha Jha,EEE,3,8.0,78.68,65
106113,Isha Reddy,ECE,1,6.0,46.89,65
106114,Diya Joshi,ECE,7,8.0,41.19,85
106115,Isha Rao,CE,6,9.0,97.61,85
106116,Aarav Patel,ME,6,8.5,44.37,65
106117,Diya Reddy,ECE,1,6.0,1.72,75
106118,Diya Singh,ECE,3,6.0,14.77,50
106119,Rohan Kumar,ME,7,6.0,33.26,95
106120,Ananya Kumar,CE,8,8.0,45.88,65
106121,Priya Rao,EEE,8,8.5,80.15,75
106122,Aditya Verma,EEE,8,8.5,98.22,85
106123,Aditya Patel,CSE,8,7.5,31.54,85
106124,Aditya Sharma,ME,4,7.5,33.87,95
106125,Isha Gupta,CE,4,7.5,94.56,85
106126,Isha Sharma,ME,2,9.0,85.21,85
106127,Diya Reddy,CE,3,8.5,12.85,50
106128,Sneha Reddy,EEE,4,7.5,78.14,95
106129,Isha Joshi,ME,4,9.0,87.74,75
106130,Rohan Verma,ME,3,8.0,22.27,50
106131,Isha Singh,CSE,7,8.0,56.64,65
106132,Sneha Joshi,ECE,1,8.0,26.08,65
106133,Priya Reddy,EEE,2,7.5,16.19,85
106134,Vikram Reddy,ME,7,6.0,39.91,65
106135,Sneha Kumar,EEE,6,9.0,24.35,85
106136,Sneha Patel,CSE,1,9.0,74.51,50
106137,Isha Jha,ECE,6,9.0,29.37,95
106138,Sneha Joshi,EEE,2,8.5,54.06,85
106139,Sneha Joshi,CE,3,8.0,48.44,85
106140,Sneha Jha,ECE,1,9.0,15.29,85
106141,Aarav Patel,CSE,6,7.5,46.69,75
106142,Kabir Rao,ECE,2,9.0,1.38,75
106143,Ananya Reddy,CSE,2,8.0,36.67,85
106144,Vikram Verma,ECE,5,7.5,27.55,75
106145,Sneha Sharma,CSE,1,7.5,31.19,95
106146,Kabir Sharma,EEE,3,8.0,47.76,65
106147,Diya Rao,CSE,7,8.0,78.96,85
106148,Priya Kumar,CE,6,8.0,85.23,85
106149,Aditya Sharma,ECE,7,7.5,21.75,50
106150,Isha Gupta,ECE,5,8.5,77.12,85
106151,Ananya Jha,CSE,4,8.0,6.46,65
106152,Kabir Gupta,ME,5,8.5,87.2,65
106153,Vikram Reddy,ECE,1,8.0,72.96,95
106154,Sneha Singh,EEE,1,8.5,97.29,75
106155,Aditya Joshi,CE,8,8.0,84.22,65
106156,Kabir Sharma,EEE,7,9.0,43.75,95
106157,Diya Joshi,CE,4,9.0,82.46,50
106158,Aditya Verma,CE,7,6.0,91.1,50
106159,Priya Sharma,ECE,5,8.5,10.86,85
106160,Aditya Verma,ME,1,9.0,25.24,85
106161,Vikram Reddy,ECE,6,8.5,11.17,85
106162,Priya Reddy,CSE,3,8.5,59.35,50
106163,Vikram Gupta,ECE,6,8.0,79.18,85
106164,Diya Patel,CE,5,7.5,55.54,50
106165,Diya Joshi,EEE,8,8.5,90.37,75
106166,Priya Verma,ME,8,9.0,42.43,65
106167,Rohan Reddy,CSE,5,8.0,77.0,85
106168,Ananya Reddy,ME,1,9.0,26.25,85
106169,Sneha Gupta,CE,5,8.5,34.5,85
106170,Aditya Gupta,EEE,7,8.5,28.58,95
106171,Kabir Verma,EEE,2,6.0,93.2,50
106172,Aditya Sharma,ME,8,6.0,13.5,65
106173,Priya Joshi,ECE,8,8.5,39.22,65
106174,Rohan Patel,ECE,8,6.0,0.24,65
106175,Kabir Verma,ME,7,8.5,76.29,65
106176,Aarav Gupta,CE,2,8.5,19.13,75
106177,Sneha Kumar,ME,7,6.0,19.75,65
106178,Rohan Verma,ECE,5,8.0,86.31,75
106179,Sneha Verma,CSE,6,9.0,13.25,75
106180,Sneha Gupta,CE,6,8.5,40.2,95
106181,Aditya Sharma,EEE,5,9.0,52.56,65
106182,Aarav Jha,ECE,8,8.0,39.13,65
106183,Kabir Sharma,ECE,4,7.5,93.63,75
106184,Priya Gupta,CE,8,6.0,24.75,65
106185,Vikram Gupta,CE,8,6.0,42.95,50
106186,Vikram Rao,ME,2,9.0,84.45,95
106187,Vikram Joshi,CE,8,6.0,58.36,85
106188,Diya Patel,ME,4,8.0,20.13,65
106189,Sneha Jha,ECE,7,8.5,26.06,95
106190,Aarav Kumar,ECE,7,8.5,89.76,85
106191,Aditya Singh,ECE,1,9.0,39.68,75
106192,Priya Verma,CE,8,8.0,34.15,85
106193,Aarav Singh,EEE,4,8.5,10.18,75
106194,Ananya Joshi,CSE,2,9.0,27.95,65
106195,Rohan Singh,CE,3,6.0,86.87,75
106196,Priya Joshi,EEE,6,6.0,7.2,65
106197,Kabir Singh,EEE,8,6.0,9.42,95
106198,Priya Patel,CSE,6,7.5,8.45,85
106199,Vikram Reddy,CSE,7,7.5,23.57,85
106200,Sneha Sharma,ME,7,9.0,14.11,65
106201,Rohan Gupta,ME,8,6.0,60.51,95
106202,Sneha Verma,EEE,3,6.0,89.38,85
106203,Ananya Singh,ME,1,8.5,12.54,85
106204,Aditya Patel,CSE,2,6.0,48.01,50
106205,Diya Jha,CSE,7,9.0,61.51,85
106206,Ananya Sharma,EEE,8,8.5,18.39,95
106207,Aditya Reddy,CE,6,8.0,53.34,85
106208,Aditya Verma,CE,3,9.0,4.2,65
106209,Isha Singh,CSE,8,9.0,28.06,50
106210,Diya Sharma,ECE,1,7.5,95.41,95
106211,Aarav Kumar,CE,3,7.5,3.96,95
106212,Rohan Patel,CE,5,7.5,32.64,85
106213,Isha Rao,EEE,3,9.0,16.82,50
106214,Aditya Verma,ME,3,8.5,78.47,95
106215,Rohan Gupta,EEE,8,9.0,17.47,75
106216,Sneha Patel,CSE,2,7.5,67.08,85
106217,Priya Joshi,ME,8,9.0,36.78,85
106218,Ananya Joshi,EEE,7,9.0,36.1,50
106219,Isha Joshi,CSE,1,7.5,62.92,50
106220,Rohan Patel,CE,4,6.0,98.7,75
106221,Priya Jha,ME,6,8.0,64.96,50
106222,Aarav Patel,ME,4,7.5,36.09,95
106223,Isha Jha,CSE,1,8.5,11.56,95
106224,Ananya Verma,ECE,6,9.0,70.66,50
106225,Kabir Singh,ECE,4,8.5,75.74,85
106226,Vikram Rao,CE,5,6.0,4.88,85
106227,Vikram Sharma,CSE,4,6.0,91.86,65
106228,Rohan Sharma,CE,3,8.5,80.95,50
106229,Aarav Rao,ECE,2,6.0,74.32,95
106230,Vikram Reddy,ECE,4,6.0,9.45,50
106231,Aditya Gupta,ECE,2,6.0,47.54,85
106232,Isha Verma,EEE,5,7.5,92.12,75
106233,Aarav Kumar,CSE,6,8.0,7.36,65
106234,Aarav Sharma,ME,7,8.5,79.79,95
106235,Sneha Gupta,CE,4,8.0,36.91,75
106236,Vikram Singh,ME,3,6.0,23.98,65
106237,Rohan Gupta,EEE,7,8.5,9.78,50
106238,Vikram Kumar,CE,1,6.0,58.11,75
106239,Sneha Jha,CE,8,7.5,66.43,95
106240,Aarav Kumar,CE,2,9.0,19.16,65
106241,Isha Rao,EEE,8,8.0,67.77,95
106242,Rohan Reddy,CSE,6,9.0,94.39,85
106243,Diya Joshi,EEE,2,8.5,72.87,95
106244,Ananya Jha,CSE,6,9.0,11.33,75
106245,Kabir Gupta,ME,2,6.0,70.17,75
106246,Kabir Kumar,ME,7,8.5,7.44,85
106247,Priya Jha,CSE,8,9.0,88.48,85
106248,Ananya Rao,CSE,7,9.0,32.12,50
106249,Aarav Joshi,ME,8,9.0,0.49,85
106250,Aarav Verma,CSE,8,9.0,90.64,75
106251,Aarav Reddy,CSE,4,8.5,3.68,85
106252,Rohan Jha,ECE,4,7.5,66.47,75
106253,Ananya Jha,ECE,1,9.0,96.48,95
106254,Diya Reddy,ME,7,8.5,3.07,85
106255,Ananya Kumar,ME,3,7.5,72.28,65
106256,Isha Joshi,ECE,5,7.5,42.11,75
106257,Priya Patel,ECE,5,8.5,70.74,50
106258,Ananya Patel,CE,6,8.5,65.89,95
106259,Rohan Patel,EEE,3,9.0,95.23,50
106260,Vikram Patel,ECE,2,8.5,42.27,85
106261,Kabir Reddy,CSE,4,6.0,94.93,50
106262,Sneha Verma,ME,3,7.5,91.93,50
106263,Vikram Kumar,ECE,2,7.5,49.52,85
106264,Kabir Kumar,ECE,4,9.0,43.32,85
106265,Diya Kumar,CSE,7,8.0,32.36,50
106266,Ananya Verma,ECE,8,6.0,92.84,95
106267,Priya Patel,CE,4,9.0,75.69,75
106268,Isha Joshi,EEE,1,8.5,53.55,75
106269,Sneha Jha,CE,1,8.5,80.07,50
106270,Priya Sharma,ME,2,8.5,32.27,95
106271,Kabir Jha,ME,8,9.0,26.75,65
106272,Sneha Rao,CE,4,9.0,60.3,95
106273,Ananya Reddy,EEE,6,8.5,95.12,95
106274,Ananya Jha,ME,1,8.0,0.41,95
106275,Priya Jha,CSE,2,8.5,11.56,95
106276,Diya Reddy,EEE,8,8.5,1.78,65
106277,Sneha Gupta,EEE,1,9.0,78.78,65
106278,Aarav Rao,ME,8,8.0,15.32,85
106279,Aditya Patel,CE,3,9.0,50.53,95
106280,Priya Rao,EEE,3,8.5,42.6,50
106281,Ananya Verma,EEE,6,8.5,3.52,95
106282,Vikram Gupta,CE,1,8.0,53.27,75
106283,Aarav Reddy,EEE,4,6.0,12.27,65
106284,Ananya Jha,EEE,6,6.0,87.82,65
106285,Rohan Singh,ECE,2,8.5,39.02,85
106286,Rohan Kumar,CSE,4,7.5,34.4,50
106287,Vikram Verma,CE,3,8.0,69.93,65
106288,Ananya Singh,ME,3,9.0,70.84,50
106289,Rohan Singh,ME,8,8.0,49.01,95
106290,Rohan Verma,ME,3,6.0,25.26,75
106291,Isha Rao,ECE,8,7.5,36.96,85
106292,Isha Verma,EEE,5,6.0,5.04,65
106293,Sneha Rao,ECE,6,9.0,86.99,50
106294,Aarav Rao,ME,6,8.0,73.92,50
106295,Isha Jha,EEE,4,8.5,67.14,65
106296,Isha Singh,CE,6,9.0,22.25,75
106297,Ananya Reddy,CSE,3,8.0,8.51,50
106298,Ananya Verma,CSE,4,7.5,5.07,95
106299,Isha Kumar,ECE,6,8.0,67.64,95
106300,Kabir Reddy,EEE,5,9.0,83.23,50
106301,Ananya Gupta,ECE,3,7.5,12.61,50
106302,Rohan Sharma,EEE,8,9.0,52.37,95
106303,Isha Sharma,EEE,5,9.0,83.1,50
106304,Priya Jha,CSE,6,8.5,43.96,95
106305,Priya Jha,EEE,3,6.0,94.99,50
106306,Vikram Joshi,ECE,3,8.0,5.41,95
106307,Diya Rao,ECE,8,9.0,10.67,85
106308,Ananya Jha,EEE,5,7.5,59.86,75
106309,Priya Joshi,CSE,4,9.0,27.83,65
106310,Isha Singh,EEE,2,8.0,79.3,65
106311,Aarav Patel,EEE,5,6.0,30.62,85
106312,Sneha Patel,CSE,8,8.5,88.23,75
106313,Aarav Kumar,ECE,6,6.0,94.33,85
106314,Rohan Singh,ME,2,8.5,77.91,50
106315,Aditya Gupta,EEE,4,7.5,32.2,65
106316,Aditya Patel,CE,8,9.0,55.33,95
106317,Sneha Joshi,CE,6,9.0,7.02,95
106318,Vikram Patel,CSE,6,6.0,80.69,65
106319,Priya Sharma,CE,1,9.0,41.61,95
106320,Aarav Reddy,ECE,4,8.5,57.31,95
106321,Vikram Verma,CSE,6,8.5,22.02,95
106322,Priya Jha,ECE,2,9.0,25.56,85
106323,Priya Jha,CE,2,9.0,0.84,95
106324,Isha Rao,ECE,1,9.0,81.08,85
106325,Rohan Sharma,CSE,5,7.5,37.11,75
106326,Aarav Jha,ECE,2,7.5,82.81,85
106327,Kabir Gupta,ME,7,7.5,93.17,75
106328,Rohan Kumar,ME,1,7.5,94.5,85
106329,Diya Rao,CSE,6,8.5,21.88,75
106330,Diya Verma,ECE,1,7.5,98.66,65
106331,Aarav Rao,ME,8,8.0,66.14,85
106332,Aarav Singh,ME,6,7.5,97.85,85
106333,Diya Rao,CE,5,6.0,43.54,50
106334,Isha Joshi,CSE,8,9.0,99.61,95
106335,Sneha Patel,CSE,6,8.5,97.37,65
106336,Sneha Reddy,CE,5,7.5,78.71,75
106337,Ananya Reddy,CE,6,8.5,59.68,50
106338,Aarav Sharma,CSE,4,7.5,86.41,50
106339,Kabir Sharma,ME,1,9.0,47.88,75
106340,Ananya Patel,ME,7,7.5,51.91,75
106341,Aarav Sharma,CSE,5,8.5,29.29,50
106342,Kabir Kumar,ME,8,9.0,79.19,75
106343,Aditya Jha,ME,3,7.5,1.89,75
106344,Diya Rao,ECE,5,7.5,13.46,50
106345,Vikram Sharma,CSE,4,8.5,69.67,85
106346,Sneha Verma,CSE,2,7.5,89.25,50
106347,Sneha Gupta,ME,1,9.0,11.75,85
106348,Sneha Rao,CSE,5,6.0,33.82,85
106349,Isha Verma,CE,5,7.5,43.28,75
106350,Isha Jha,CE,4,8.0,83.32,85
106351,Aarav Singh,ECE,4,9.0,45.86,75
106352,Aarav Gupta,ME,5,9.0,9.96,65
106353,Kabir Patel,ME,7,9.0,28.29,95
106354,Aditya Rao,ECE,5,8.5,8.4,75
106355,Aditya Singh,ECE,2,6.0,85.62,65
106356,Isha Gupta,ME,5,8.0,93.35,65
106357,Rohan Rao,CE,6,6.0,9.23,65
106358,Kabir Joshi,EEE,5,7.5,0.5,75
106359,Kabir Reddy,ME,5,8.5,23.46,95
106360,Rohan Patel,EEE,8,7.5,64.4,95
106361,Priya Jha,CE,8,8.5,25.46,95
106362,Isha Singh,CE,1,7.5,27.42,85
106363,Sneha Verma,EEE,2,6.0,45.46,50
106364,Rohan Joshi,EEE,8,7.5,43.52,75
106365,Vikram Reddy,CE,1,8.5,8.16,50
106366,Diya Singh,ME,3,6.0,25.31,50
106367,Diya Rao,ECE,2,6.0,86.47,65
106368,Aarav Joshi,ME,7,9.0,44.75,65
106369,Ananya Sharma,ME,7,7.5,21.26,65
106370,Diya Reddy,CE,1,6.0,85.57,50
106371,Isha Jha,CE,2,7.5,35.54,95
106372,Isha Sharma,ECE,6,8.5,74.99,95
106373,Ananya Kumar,ME,5,8.5,28.22,75
106374,Diya Rao,EEE,6,8.0,32.38,75
106375,Vikram Singh,CE,5,7.5,26.71,85
106376,Aditya Patel,ME,6,8.5,70.95,95
106377,Isha Reddy,CE,4,8.5,33.83,85
106378,Rohan Sharma,ME,1,7.5,89.85,75
106379,Aarav Jha,ECE,8,7.5,47.01,95
106380,Rohan Jha,CE,6,7.5,88.07,65
106381,Aarav Joshi,EEE,5,8.5,86.34,85
106382,Vikram Reddy,CSE,4,8.5,42.37,65
106383,Aditya Sharma,ECE,8,8.5,87.51,95
106384,Aditya Gupta,EEE,5,9.0,36.04,65
106385,Isha Rao,CE,2,6.0,22.39,65
106386,Isha Joshi,ME,3,6.0,10.62,85
106387,Diya Verma,EEE,2,8.5,94.48,85
106388,Diya Kumar,CSE,8,6.0,34.31,65
106389,Sneha Sharma,CSE,7,7.5,34.87,85
106390,Isha Joshi,CSE,8,9.0,14.19,85
106391,Isha Sharma,CSE,2,9.0,75.42,95
106392,Kabir Rao,CSE,3,8.0,77.08,65
106393,Priya Gupta,CE,3,7.5,27.87,95
106394,Ananya Joshi,CSE,2,7.5,67.27,85
106395,Sneha Rao,EEE,2,8.0,69.43,75
106396,Kabir Reddy,ME,1,8.0,99.09,95
106397,Rohan Joshi,CE,2,7.5,91.48,85
106398,Sneha Verma,CSE,3,7.5,18.86,95
106399,Diya Sharma,ME,7,8.0,68.0,75
106400,Diya Patel,ECE,4,9.0,92.72,50
106401,Aditya Singh,CE,6,8.5,67.59,85
106402,Rohan Joshi,EEE,5,6.0,47.4,75
106403,Priya Patel,EEE,6,9.0,24.36,95
106404,Rohan Jha,CE,3,8.5,7.93,50
106405,Diya Singh,CSE,7,6.0,4.66,95
106406,Sneha Singh,ECE,7,7.5,60.63,95
106407,Kabir Joshi,ECE,8,8.5,95.42,95
106408,Isha Jha,EEE,4,7.5,87.97,95
106409,Diya Patel,EEE,2,7.5,85.5,75
106410,Isha Gupta,EEE,8,8.0,49.79,95
106411,Vikram Rao,CSE,1,6.0,44.31,95
106412,Rohan Rao,CE,7,8.0,83.49,85
106413,Ananya Kumar,CE,4,7.5,51.38,50
106414,Aarav Patel,CSE,5,8.0,89.58,75
106415,Ananya Rao,CSE,3,8.5,80.45,65
106416,Priya Jha,CSE,3,7.5,43.78,75
106417,Kabir Rao,CE,4,7.5,31.79,75
106418,Diya Singh,ME,4,9.0,66.17,95
106419,Ananya Kumar,EEE,5,9.0,44.29,75
106420,Ananya Singh,CE,1,9.0,72.39,65
106421,Ananya Jha,ME,4,6.0,95.11,65
106422,Vikram Sharma,CE,4,8.0,94.37,50
106423,Isha Singh,CE,4,7.5,59.56,65
106424,Aarav Verma,CSE,2,9.0,94.41,50
106425,Rohan Reddy,ECE,2,8.0,97.95,50
106426,Rohan Gupta,ME,1,8.0,41.59,95
106427,Aditya Reddy,ME,5,6.0,59.36,95
106428,Aarav Gupta,ME,2,9.0,27.08,85
106429,Aditya Sharma,ME,8,7.5,83.01,50
106430,Aarav Sharma,ME,6,7.5,89.42,65
106431,Priya Verma,CSE,6,6.0,91.13,65
106432,Vikram Sharma,ECE,8,8.0,78.05,85
106433,Kabir Jha,CE,7,9.0,84.73,50
106434,Aditya Kumar,CE,3,9.0,34.99,85
106435,Rohan Gupta,ME,7,7.5,75.71,75
106436,Diya Patel,EEE,7,9.0,78.04,95
106437,Isha Kumar,ME,2,7.5,15.94,85
106438,Isha Verma,CSE,5,8.0,82.73,95
106439,Vikram Sharma,ME,1,8.0,56.75,75
106440,Sneha Kumar,CE,1,8.0,40.15,85
106441,Aditya Reddy,ME,1,6.0,73.41,50
106442,Kabir Patel,ECE,5,8.5,74.87,65
106443,Aarav Joshi,EEE,1,8.5,84.8,95
106444,Sneha Verma,ECE,8,8.0,65.79,65
106445,Rohan Reddy,EEE,5,9.0,94.74,95
106446,Aarav Patel,ECE,5,8.5,72.56,75
106447,Aditya Verma,ME,3,8.0,92.69,85
106448,Vikram Joshi,CSE,8,7.5,4.41,85
106449,Ananya Patel,ECE,7,8.0,47.24,50
106450,Priya Rao,CE,7,8.0,10.48,95
106451,Sneha Patel,CSE,8,7.5,32.24,95
106452,Isha Reddy,CSE,2,8.5,87.07,75
106453,Ananya Joshi,CSE,1,6.0,91.26,50
106454,Kabir Gupta,EEE,5,9.0,36.26,50
106455,Ananya Joshi,CE,8,6.0,4.57,50
106456,Isha Gupta,CSE,3,7.5,17.69,95
106457,Priya Patel,EEE,2,6.0,1.07,50
106458,Diya Gupta,CSE,6,7.5,95.21,50
106459,Sneha Rao,CE,4,6.0,95.37,85
106460,Kabir Sharma,EEE,2,9.0,77.04,85
106461,Diya Rao,ME,5,7.5,62.81,85
106462,Vikram Rao,EEE,1,8.5,67.12,95
106463,Sneha Reddy,ECE,1,6.0,41.49,65
106464,Aarav Joshi,EEE,1,6.0,49.09,75
106465,Aarav Verma,CE,3,6.0,73.52,50
106466,Priya Jha,CSE,4,9.0,92.71,65
106467,Sneha Rao,CSE,6,7.5,43.81,95
106468,Ananya Reddy,CE,3,7.5,40.59,50
106469,Aditya Reddy,ECE,7,7.5,5.44,75
106470,Sneha Singh,CE,8,7.5,14.43,95
106471,Diya Gupta,ECE,6,8.0,35.96,75
106472,Aarav Reddy,EEE,5,7.5,43.92,50
106473,Priya Joshi,CE,2,7.5,53.58,95
106474,Kabir Verma,CSE,1,9.0,43.7,50
106475,Aditya Patel,EEE,5,7.5,96.77,75
106476,Diya Singh,CSE,1,7.5,6.2,95
106477,Sneha Reddy,CSE,8,7.5,38.38,65
106478,Priya Jha,ME,1,9.0,46.75,95
106479,Aarav Kumar,EEE,4,7.5,46.99,95
106480,Isha Joshi,EEE,1,8.0,45.54,75
106481,Sneha Verma,ECE,1,8.5,76.79,95
106482,Aarav Verma,EEE,6,8.5,32.84,85
106483,Priya Joshi,EEE,1,9.0,17.99,85
106484,Aarav Reddy,ECE,3,7.5,78.41,50
106485,Rohan Kumar,ME,4,7.5,37.05,65
106486,Aditya Kumar,CSE,6,8.0,89.84,95
106487,Priya Kumar,ECE,5,9.0,9.19,95
106488,Aditya Joshi,CE,6,8.5,36.14,50
106489,Diya Verma,EEE,5,6.0,2.45,50
106490,Ananya Patel,CSE,3,6.0,71.32,50
106491,Isha Patel,CSE,5,8.0,37.37,85
106492,Vikram Rao,EEE,4,9.0,77.17,65
106493,Vikram Rao,ECE,7,8.0,89.33,65
106494,Kabir Jha,ECE,8,8.0,20.31,50
106495,Rohan Kumar,ECE,4,8.0,37.55,50
106496,Sneha Reddy,ECE,7,8.5,43.89,85
106497,Kabir Verma,ECE,8,8.0,84.53,65
106498,Ananya Gupta,ME,2,7.5,89.36,65
106499,Diya Patel,ECE,7,8.0,96.79,85
106500,Priya Verma,ME,6,6.0,59.62,50
106501,Sneha Reddy,EEE,2,9.0,75.41,50
106502,Sneha Verma,ME,7,8.5,78.98,75
106503,Aditya Jha,EEE,8,6.0,78.11,95
106504,Aarav Gupta,ECE,1,7.5,81.04,95
106505,Priya Singh,EEE,4,9.0,57.0,50
106506,Rohan Kumar,CSE,3,8.5,25.85,75
106507,Kabir Singh,EEE,7,6.0,42.87,75
106508,Isha Sharma,CE,3,7.5,73.82,85
106509,Sneha Jha,EEE,7,6.0,20.25,50
106510,Aarav Kumar,ECE,8,7.5,5.79,85
106511,Aditya Gupta,ECE,4,8.0,4.32,50
106512,Aarav Verma,EEE,3,6.0,50.0,65
106513,Isha Kumar,CSE,7,9.0,0.32,85
106514,Vikram Singh,CE,8,8.5,98.52,85
106515,Aditya Verma,CE,7,8.0,37.84,65
106516,Aditya Joshi,CSE,3,8.0,4.69,95
106517,Rohan Kumar,ECE,5,8.0,50.36,75
106518,Vikram Joshi,CSE,8,8.5,15.68,85
106519,Ananya Rao,EEE,8,8.5,44.29,50
106520,Ananya Sharma,EEE,1,9.0,26.44,65
106521,Aarav Rao,EEE,6,7.5,25.85,75
106522,Isha Joshi,EEE,1,8.5,79.83,95
106523,Aditya Singh,ECE,5,7.5,79.59,65
106524,Vikram Jha,ECE,7,6.0,10.0,65
106525,Aditya Sharma,CE,7,7.5,41.5,75
106526,Sneha Rao,EEE,8,9.0,30.37,95
106527,Aarav Joshi,CE,1,6.0,21.16,85
106528,Rohan Kumar,ECE,8,8.5,41.83,50
106529,Aditya Jha,CSE,5,7.5,8.03,95
106530,Sneha Jha,EEE,2,7.5,73.4,85
106531,Ananya Patel,ECE,2,6.0,66.87,85
106532,Rohan Patel,CE,5,8.0,25.2,65
106533,Ananya Jha,EEE,3,8.5,72.24,85
106534,Sneha Rao,CE,7,6.0,3.2,65
106535,Aarav Jha,EEE,5,6.0,40.1,50
106536,Ananya Kumar,CE,8,7.5,97.05,65
106537,Ananya Rao,EEE,8,8.5,31.66,95
106538,Sneha Gupta,ME,6,7.5,30.07,95
106539,Sneha Joshi,CE,7,6.0,61.01,75
106540,Diya Sharma,CE,3,9.0,71.86,50
106541,Diya Patel,CSE,7,7.5,9.89,65
106542,Kabir Verma,ECE,3,9.0,92.42,95
106543,Aditya Reddy,EEE,4,7.5,61.61,75
106544,Aditya Rao,EEE,7,9.0,35.82,85
106545,Vikram Joshi,CE,3,8.0,89.34,85
106546,Aarav Singh,ME,7,8.0,26.87,75
106547,Aarav Joshi,ME,4,6.0,92.61,65
106548,Kabir Rao,ECE,7,8.0,23.18,50
106549,Aarav Reddy,CSE,1,8.0,14.86,65
106550,Vikram Patel,CE,1,9.0,43.39,75
106551,Diya Sharma,EEE,2,7.5,59.73,95
106552,Vikram Kumar,EEE,6,9.0,94.28,65
106553,Priya Sharma,CSE,2,7.5,51.89,75
106554,Vikram Gupta,CE,5,6.0,65.08,50
106555,Aarav Kumar,ECE,3,8.0,67.48,95
106556,Aditya Jha,ECE,1,7.5,95.83,85
106557,Ananya Reddy,CE,6,6.0,90.1,65
106558,Ananya Sharma,CE,1,8.0,67.88,75
106559,Ananya Verma,CE,2,7.5,91.29,95
106560,Rohan Kumar,CSE,1,8.0,17.61,95
106561,Vikram Patel,ECE,5,7.5,64.64,65
106562,Vikram Kumar,ECE,7,8.0,91.45,75
106563,Sneha Singh,ME,8,8.5,67.19,65
106564,Ananya Verma,CE,1,7.5,37.4,65
106565,Sneha Singh,EEE,8,6.0,59.95,50
106566,Isha Kumar,EEE,3,6.0,72.36,95
106567,Sneha Kumar,ECE,3,8.0,4.97,85
106568,Vikram Patel,ECE,1,6.0,24.61,50
106569,Diya Jha,CE,5,6.0,77.45,85
106570,Priya Gupta,EEE,5,7.5,45.65,65
106571,Isha Patel,CSE,5,9.0,89.8,85
106572,Rohan Patel,CE,5,7.5,48.08,50
106573,Aditya Singh,ME,2,9.0,1.02,50
106574,Ananya Sharma,CSE,8,6.0,29.16,50
106575,Diya Joshi,ECE,4,8.5,63.61,85
106576,Ananya Gupta,EEE,3,7.5,50.59,65
106577,Isha Sharma,ECE,5,8.5,7.14,95
106578,Sneha Jha,EEE,2,8.0,84.86,75
106579,Kabir Singh,ME,6,8.5,35.03,85
106580,Rohan Singh,ME,4,6.0,27.52,65
106581,Isha Sharma,EEE,1,7.5,65.23,50
106582,Priya Rao,ME,5,6.0,93.3,85
106583,Kabir Kumar,EEE,1,8.5,20.93,75
106584,Ananya Gupta,EEE,3,7.5,10.08,50
106585,Rohan Reddy,ME,3,7.5,66.0,50
106586,Sneha Patel,ME,8,7.5,50.52,50
106587,Isha Jha,CSE,8,8.5,85.57,85
106588,Aarav Rao,ME,1,7.5,93.26,65
106589,Priya Gupta,CE,7,8.5,25.54,85
106590,Priya Gupta,CE,6,7.5,0.33,95
106591,Isha Rao,EEE,1,8.0,49.11,95
106592,Aditya Rao,ECE,8,9.0,51.71,75
106593,Sneha Gupta,ECE,7,9.0,19.52,65
106594,Ananya Joshi,ME,6,7.5,10.76,95
106595,Diya Joshi,ECE,6,8.5,71.82,75
106596,Rohan Joshi,ECE,7,8.5,74.24,75
106597,Ananya Reddy,ME,2,6.0,72.35,65
106598,Rohan Jha,ME,8,8.5,54.34,85
106599,Isha Verma,ME,6,7.5,19.31,50
106600,Ananya Jha,EEE,4,8.0,66.51,95
106601,Kabir Jha,ME,7,8.5,61.63,95
106602,Ananya Jha,CE,6,7.5,14.25,65
106603,Aarav Sharma,ECE,8,9.0,30.77,65
106604,Diya Kumar,EEE,8,7.5,0.5,65
106605,Rohan Kumar,ECE,1,6.0,78.56,85
106606,Ananya Rao,CSE,6,8.5,88.71,85
106607,Diya Singh,ECE,8,7.5,90.69,85
106608,Rohan Jha,ME,7,8.0,17.9,95
106609,Diya Jha,ME,4,7.5,74.69,65
106610,Rohan Patel,ECE,8,8.0,65.63,75
106611,Sneha Jha,EEE,4,8.5,31.05,95
106612,Kabir Patel,EEE,5,6.0,79.93,85
106613,Diya Reddy,ME,6,8.0,57.47,75
106614,Vikram Gupta,ME,4,8.5,0.63,95
106615,Rohan Jha,CE,2,8.0,45.05,95
106616,Vikram Joshi,ME,1,8.5,5.88,95
106617,Ananya Joshi,ECE,6,6.0,90.79,85
106618,Priya Verma,EEE,7,8.5,99.72,95
106619,Sneha Rao,CSE,5,8.5,74.18,85
106620,Vikram Verma,EEE,7,6.0,72.82,95
106621,Vikram Sharma,CSE,6,8.5,27.03,95
106622,Aarav Verma,CSE,3,8.0,37.2,50
106623,Vikram Patel,CE,6,8.5,64.24,75
106624,Vikram Kumar,CE,4,8.5,58.79,85
106625,Isha Patel,CSE,1,7.5,43.32,95
106626,Diya Sharma,ECE,4,8.5,61.2,65
106627,Vikram Gupta,CSE,5,7.5,63.65,65
106628,Ananya Reddy,ME,4,9.0,89.74,95
106629,Aarav Kumar,ECE,5,8.0,59.64,50
106630,Aditya Verma,CE,3,6.0,6.24,50
106631,Vikram Verma,ME,1,8.5,85.86,95
106632,Vikram Reddy,CSE,7,8.0,22.03,95
106633,Aarav Kumar,EEE,1,6.0,11.96,75
106634,Diya Jha,CE,7,9.0,10.39,75
106635,Kabir Reddy,CE,1,8.5,62.19,85
106636,Aarav Joshi,CE,5,6.0,82.74,65
106637,Rohan Rao,EEE,4,8.0,66.95,85
106638,Aditya Joshi,ME,8,7.5,56.32,65
106639,Aditya Gupta,ME,4,9.0,62.17,50
106640,Vikram Joshi,CE,3,7.5,25.36,75
106641,Rohan Singh,CSE,1,8.0,44.03,75
106642,Kabir Jha,ME,6,8.5,81.24,95
106643,Priya Reddy,CE,3,6.0,8.78,85
106644,Vikram Jha,EEE,2,9.0,53.57,75
106645,Rohan Patel,CE,5,8.5,64.26,65
106646,Priya Jha,CSE,7,7.5,5.59,95
106647,Rohan Singh,CSE,6,8.0,40.83,50
106648,Isha Joshi,CSE,4,8.0,65.37,85
106649,Ananya Kumar,CSE,2,8.5,38.12,75
106650,Aarav Sharma,ME,8,8.5,30.39,50
106651,Kabir Patel,EEE,5,7.5,34.71,65
106652,Ananya Kumar,CSE,4,8.5,90.78,75
106653,Aditya Rao,CSE,2,8.5,68.57,50
106654,Aditya Rao,CSE,1,9.0,84.39,50
106655,Aarav Reddy,EEE,2,8.0,83.26,65
106656,Ananya Reddy,CE,7,8.0,47.69,75
106657,Rohan Rao,ME,3,8.5,40.92,65
106658,Aarav Joshi,CSE,6,8.0,74.4,50
106659,Aditya Gupta,ME,1,8.5,64.75,85
106660,Diya Kumar,CE,3,8.0,0.68,95
106661,Aarav Singh,CSE,6,8.5,78.64,75
106662,Ananya Jha,ME,7,9.0,15.23,95
106663,Diya Patel,CE,7,9.0,95.97,75
106664,Kabir Rao,ME,4,9.0,36.29,65
106665,Diya Sharma,CSE,1,9.0,86.12,85
106666,Priya Singh,ME,3,6.0,44.31,75
106667,Isha Jha,CSE,6,9.0,85.03,65
106668,Vikram Joshi,ECE,4,6.0,74.35,95
106669,Sneha Patel,ECE,5,7.5,78.78,50
106670,Priya Joshi,CSE,2,6.0,64.8,95
106671,Isha Reddy,EEE,5,6.0,67.22,75
106672,Ananya Singh,EEE,6,9.0,80.6,75
106673,Rohan Singh,CE,6,6.0,75.81,85
106674,Isha Singh,CSE,8,6.0,16.68,95
106675,Rohan Singh,ECE,5,8.5,69.87,95
106676,Priya Rao,ME,8,9.0,88.58,85
106677,Vikram Gupta,EEE,1,7.5,88.65,75
106678,Aarav Sharma,CE,5,8.0,32.57,50
106679,Aditya Sharma,ME,3,8.5,29.26,50
106680,Aditya Gupta,EEE,7,9.0,73.47,95
106681,Isha Gupta,EEE,4,7.5,74.92,75
106682,Vikram Gupta,ME,8,8.5,38.05,95
106683,Aarav Kumar,ME,3,7.5,13.59,65
106684,Priya Verma,CE,8,7.5,2.01,95
106685,Sneha Singh,ECE,8,8.5,98.82,95
106686,Kabir Verma,ME,8,7.5,33.75,50
106687,Aditya Joshi,CE,4,9.0,8.97,95
106688,Diya Rao,EEE,8,6.0,3.1,85
106689,Sneha Singh,EEE,3,9.0,58.33,65
106690,Ananya Gupta,ECE,4,7.5,86.89,95
106691,Sneha Jha,ME,4,7.5,48.67,95
106692,Vikram Patel,ME,6,9.0,62.63,95
106693,Rohan Gupta,ECE,1,6.0,87.68,95
106694,Kabir Reddy,ME,5,8.0,13.15,75
106695,Vikram Verma,ECE,1,7.5,55.9,65
106696,Aarav Reddy,EEE,4,8.5,26.3,85
106697,Aarav Reddy,EEE,4,8.5,15.2,85
106698,Ananya Reddy,ECE,7,6.0,69.4,75
106699,Aditya Kumar,CE,2,8.0,24.55,50
106700,Priya Sharma,ME,7,7.5,65.13,85
106701,Vikram Gupta,ME,1,6.0,38.33,95
106702,Ananya Gupta,ECE,6,6.0,52.87,95
106703,Diya Sharma,EEE,7,8.5,52.53,65
106704,Aarav Jha,CSE,5,8.0,17.44,85
106705,Vikram Sharma,ECE,7,8.5,50.76,85
106706,Aditya Joshi,ME,5,8.0,27.2,95
106707,Rohan Verma,ECE,3,6.0,79.03,75
106708,Isha Jha,CE,4,7.5,78.13,75
106709,Ananya Rao,CSE,1,9.0,23.29,85
106710,Priya Sharma,EEE,8,8.0,48.82,85
106711,Vikram Joshi,ME,3,8.0,12.15,75
106712,Aarav Verma,EEE,8,8.0,16.61,50
106713,Priya Verma,CSE,3,6.0,35.68,50
106714,Isha Patel,CE,1,8.0,13.11,95
106715,Ananya Gupta,CSE,8,9.0,44.78,75
106716,Aarav Patel,ECE,4,8.0,49.39,75
106717,Aditya Joshi,EEE,2,8.0,53.31,75
106718,Rohan Sharma,CE,4,8.0,26.17,85
106719,Sneha Gupta,CE,3,7.5,8.94,65
106720,Ananya Sharma,EEE,6,7.5,93.42,50
106721,Ananya Jha,EEE,3,8.5,6.44,95
106722,Rohan Gupta,ECE,1,6.0,66.25,75
106723,Rohan Sharma,EEE,2,6.0,31.17,50
106724,Kabir Reddy,EEE,7,9.0,70.45,85
106725,Aarav Jha,CE,3,8.0,15.67,65
106726,Kabir Kumar,CSE,1,8.0,84.25,85
106727,Sneha Singh,ECE,4,6.0,11.2,85
106728,Rohan Reddy,ECE,6,6.0,3.57,85
106729,Kabir Reddy,CSE,8,6.0,87.85,65
106730,Ananya Kumar,CSE,4,9.0,12.56,85
106731,Vikram Jha,ECE,1,7.5,93.42,85
106732,Kabir Sharma,CE,5,7.5,84.25,50
106733,Diya Reddy,CE,6,7.5,56.35,95
106734,Vikram Singh,EEE,6,8.0,20.06,75
106735,Ananya Rao,ME,1,8.0,2.77,75
106736,Kabir Verma,CE,3,8.5,48.81,95
106737,Ananya Patel,CE,4,8.5,26.8,65
106738,Aarav Sharma,ECE,5,8.5,90.4,50
106739,Sneha Joshi,ME,7,8.0,28.76,65
106740,Aarav Verma,EEE,2,8.0,91.49,75
106741,Rohan Singh,ECE,1,9.0,97.75,65
106742,Diya Joshi,EEE,1,9.0,1.58,75
106743,Ananya Jha,ME,1,6.0,34.35,85
106744,Diya Gupta,CE,8,8.0,35.43,85
106745,Kabir Reddy,CSE,7,7.5,66.19,65
106746,Aditya Patel,ECE,7,6.0,53.79,95
106747,Aditya Jha,ECE,1,9.0,0.35,85
106748,Isha Verma,CSE,4,6.0,67.36,65
106749,Kabir Jha,CE,5,8.5,29.15,95
106750,Isha Verma,EEE,8,8.0,33.71,75
106751,Kabir Kumar,EEE,6,8.5,95.72,75
106752,Aarav Gupta,EEE,1,8.0,71.89,50
106753,Kabir Jha,ECE,6,8.5,91.74,65
106754,Isha Gupta,EEE,5,8.5,62.92,65
106755,Diya Sharma,EEE,3,7.5,5.67,75
106756,Ananya Patel,CE,5,7.5,15.09,65
106757,Vikram Sharma,CE,5,9.0,5.92,65
106758,Aarav Gupta,ECE,6,7.5,32.3,95
106759,Ananya Singh,ME,2,9.0,18.65,65
106760,Aditya Sharma,EEE,6,8.0,6.93,85
106761,Kabir Sharma,CSE,7,8.0,97.78,95
106762,Aarav Kumar,EEE,5,8.0,55.37,85
106763,Priya Rao,ECE,4,8.5,61.1,65
106764,Diya Verma,CSE,3,8.5,42.33,85
106765,Sneha Reddy,CSE,3,9.0,78.14,65
106766,Kabir Reddy,ME,7,9.0,100.0,85
106767,Kabir Jha,EEE,6,8.0,33.09,65
106768,Aditya Patel,ME,1,8.0,7.78,95
106769,Priya Rao,EEE,3,8.0,88.28,65
106770,Diya Gupta,EEE,7,8.5,14.43,65
106771,Sneha Verma,ME,4,8.0,85.83,95
106772,Sneha Gupta,CSE,4,6.0,92.55,95
106773,Aditya Reddy,ME,2,6.0,96.45,75
106774,Aditya Sharma,ME,3,9.0,20.52,50
106775,Aarav Kumar,ECE,1,9.0,48.9,75
106776,Aditya Singh,CSE,4,9.0,52.73,95
106777,Ananya Reddy,CE,8,8.0,59.25,85
106778,Ananya Rao,CSE,1,8.5,84.46,85
106779,Diya Jha,CSE,6,7.5,29.32,85
106780,Kabir Kumar,ME,1,7.5,59.11,95
106781,Kabir Singh,EEE,8,8.5,47.08,65
106782,Kabir Singh,CSE,6,8.0,37.27,95
106783,Vikram Rao,ME,8,9.0,56.32,85
106784,Vikram Singh,ECE,8,7.5,96.33,75
106785,Isha Sharma,ECE,2,9.0,98.83,65
106786,Vikram Reddy,ME,2,7.5,26.56,50
106787,Priya Patel,ECE,1,8.5,39.72,95
106788,Priya Gupta,EEE,8,7.5,69.52,65
106789,Vikram Sharma,ME,2,8.5,47.08,75
106790,Rohan Patel,ECE,4,7.5,24.03,85
106791,Priya Jha,ECE,1,6.0,97.0,75
106792,Kabir Singh,ME,2,7.5,85.95,65
106793,Ananya Reddy,EEE,3,8.5,6.54,95
106794,Kabir Jha,CE,3,9.0,20.5,75
106795,Aditya Jha,ECE,6,7.5,28.06,85
106796,Sneha Reddy,ME,8,8.5,98.98,95
106797,Ananya Reddy,EEE,6,9.0,40.45,65
106798,Isha Sharma,CSE,5,8.0,19.43,50
106799,Kabir Joshi,ME,8,9.0,99.54,50
106800,Vikram Kumar,CE,1,9.0,96.8,75
106801,Kabir Verma,EEE,1,6.0,67.1,65
106802,Kabir Reddy,ECE,3,7.5,46.73,95
106803,Vikram Sharma,EEE,8,8.0,80.84,75
106804,Ananya Patel,EEE,4,8.5,51.63,50
106805,Isha Gupta,ECE,4,7.5,99.56,75
106806,Sneha Sharma,ECE,1,9.0,64.22,95
106807,Priya Patel,EEE,2,9.0,40.18,65
106808,Vikram Patel,EEE,3,6.0,19.76,95
106809,Vikram Joshi,CSE,4,7.5,92.58,85
106810,Rohan Gupta,CE,2,8.0,36.38,95
106811,Diya Gupta,ME,4,9.0,17.49,65
106812,Vikram Jha,CSE,7,9.0,23.85,95
106813,Kabir Verma,CE,8,9.0,15.45,65
106814,Kabir Rao,CSE,8,6.0,91.34,85
106815,Kabir Joshi,EEE,2,8.0,69.48,75
106816,Diya Verma,CE,8,9.0,17.36,75
106817,Priya Jha,EEE,4,8.0,54.0,95
106818,Diya Singh,CSE,3,9.0,79.28,85
106819,Isha Joshi,CSE,5,8.5,34.84,65
106820,Sneha Singh,CE,3,9.0,96.65,65
106821,Aarav Jha,ECE,5,6.0,41.43,50
106822,Ananya Kumar,CE,3,7.5,5.2,50
106823,Vikram Jha,EEE,1,9.0,57.6,85
106824,Isha Sharma,CSE,5,6.0,7.75,95
106825,Aditya Sharma,ME,5,8.5,99.19,65
106826,Aarav Joshi,ECE,7,6.0,54.85,50
106827,Aditya Kumar,CE,3,6.0,44.87,50
106828,Aditya Reddy,CSE,8,7.5,80.3,95
106829,Isha Jha,CE,1,7.5,97.42,85
106830,Diya Kumar,CSE,4,6.0,56.9,95
106831,Aarav Reddy,ME,8,7.5,69.8,65
106832,Aditya Patel,ECE,7,9.0,70.84,50
106833,Priya Jha,ME,7,9.0,90.62,75
106834,Kabir Kumar,ECE,6,8.0,48.17,85
106835,Aditya Kumar,EEE,3,8.5,27.66,75
106836,Aditya Singh,CE,2,6.0,68.11,85
106837,Priya Jha,ME,5,8.0,56.56,50
106838,Priya Rao,CE,1,8.0,26.87,85
106839,Aarav Gupta,ME,7,6.0,6.22,65
106840,Isha Joshi,ECE,6,7.5,58.77,75
106841,Ananya Reddy,CSE,1,8.5,43.82,50
106842,Priya Gupta,EEE,5,8.0,83.4,50
106843,Aarav Patel,ECE,8,6.0,62.51,85
106844,Diya Joshi,CSE,7,8.5,85.86,65
106845,Aditya Reddy,CSE,8,9.0,0.31,85
106846,Aditya Singh,EEE,4,8.0,23.49,75
106847,Kabir Sharma,ECE,8,6.0,58.81,85
106848,Sneha Sharma,CSE,7,8.5,36.44,85
106849,Isha Patel,EEE,7,6.0,14.85,75
106850,Aarav Jha,CSE,6,8.5,87.14,50
106851,Sneha Jha,ECE,5,6.0,57.22,85
106852,Aarav Reddy,CE,2,8.5,97.38,85
106853,Ananya Kumar,ECE,2,9.0,40.59,85
106854,Rohan Patel,ME,6,9.0,46.3,65
106855,Ananya Joshi,CSE,5,9.0,75.91,50
106856,Diya Jha,ME,8,6.0,79.21,50
106857,Vikram Sharma,CE,4,9.0,99.95,95
106858,Aarav Kumar,ECE,4,9.0,54.66,95
106859,Kabir Rao,EEE,7,7.5,37.72,95
106860,Aditya Verma,EEE,8,8.5,51.75,65
106861,Kabir Verma,ME,1,9.0,98.11,75
106862,Aditya Jha,ME,6,7.5,80.2,85
106863,Ananya Rao,ECE,8,7.5,86.59,85
106864,Diya Singh,CSE,5,8.5,94.38,75
106865,Rohan Verma,ECE,5,6.0,71.3,65
106866,Isha Rao,EEE,1,6.0,47.55,75
106867,Vikram Reddy,EEE,8,8.0,24.95,50
106868,Priya Reddy,ME,8,8.0,97.52,85
106869,Ananya Kumar,CSE,1,8.0,23.61,75
106870,Isha Jha,CE,8,7.5,80.45,75
106871,Priya Gupta,ECE,5,7.5,38.3,95
106872,Isha Verma,EEE,7,7.5,32.84,85
106873,Diya Verma,ECE,1,7.5,30.57,95
106874,Aarav Gupta,EEE,5,6.0,20.34,50
106875,Aditya Gupta,CE,8,8.5,27.88,50
106876,Priya Reddy,CE,8,7.5,54.59,85
106877,Aditya Rao,EEE,7,8.0,0.82,95
106878,Isha Joshi,CE,4,6.0,7.87,50
106879,Ananya Joshi,ECE,6,8.5,74.59,50
106880,Kabir Rao,CSE,5,9.0,26.04,65
106881,Rohan Jha,CSE,8,8.0,30.02,75
106882,Rohan Jha,EEE,7,8.0,60.16,95
106883,Isha Gupta,EEE,8,8.5,5.48,95
106884,Ananya Rao,ECE,2,8.0,38.18,75
106885,Priya Jha,EEE,3,8.5,94.06,50
106886,Priya Kumar,CE,2,6.0,1.86,85
106887,Sneha Joshi,CE,8,9.0,89.06,65
106888,Sneha Sharma,CSE,4,7.5,67.23,75
106889,Diya Gupta,ME,7,9.0,45.19,75
106890,Isha Patel,CE,4,8.0,98.24,50
106891,Isha Verma,EEE,7,6.0,40.64,85
106892,Aditya Reddy,CSE,7,7.5,79.55,75
106893,Aditya Reddy,ECE,2,8.0,93.85,75
106894,Vikram Gupta,ME,7,8.5,61.0,50
106895,Vikram Kumar,ME,8,7.5,77.77,85
106896,Vikram Patel,ME,4,9.0,96.58,95
106897,Sneha Patel,CSE,3,7.5,46.51,95
106898,Aarav Joshi,CSE,2,7.5,86.4,50
106899,Priya Patel,EEE,3,8.0,91.71,85
106900,Diya Gupta,CSE,6,8.5,38.53,65
106901,Kabir Kumar,CE,7,7.5,59.87,95
106902,Ananya Rao,ECE,4,9.0,78.56,95
106903,Rohan Patel,CSE,5,9.0,12.28,95
106904,Isha Kumar,EEE,5,7.5,14.54,75
106905,Aditya Reddy,CSE,3,7.5,81.42,95
106906,Diya Singh,ECE,4,6.0,32.87,65
106907,Kabir Gupta,CSE,2,6.0,25.65,50
106908,Isha Reddy,CE,2,9.0,82.63,75
106909,Rohan Rao,ME,1,8.5,28.13,50
106910,Priya Verma,EEE,5,8.5,65.06,75
106911,Priya Gupta,CE,6,9.0,21.2,65
106912,Vikram Kumar,ME,5,8.5,6.35,75
106913,Aarav Singh,EEE,5,9.0,41.14,95
106914,Rohan Reddy,ME,5,7.5,7.61,95
106915,Aditya Rao,ECE,2,8.5,67.96,95
106916,Priya Kumar,ME,3,9.0,71.51,95
106917,Rohan Joshi,CE,1,8.0,98.97,95
106918,Priya Joshi,ME,8,9.0,84.68,65
106919,Kabir Sharma,CE,5,9.0,50.3,50
106920,Sneha Sharma,ME,3,9.0,5.18,95
106921,Sneha Patel,CE,6,9.0,5.95,85
106922,Aarav Reddy,CSE,2,8.5,78.23,85
106923,Diya Jha,ECE,8,7.5,23.84,85
106924,Priya Verma,ME,5,6.0,22.79,95
106925,Diya Patel,ME,3,8.0,68.8,50
106926,Aarav Sharma,EEE,3,9.0,73.13,50
106927,Ananya Rao,ME,1,8.0,56.02,85
106928,Aarav Kumar,ECE,1,7.5,23.99,75
106929,Priya Gupta,EEE,3,9.0,14.22,50
106930,Sneha Kumar,ME,7,9.0,88.81,50
106931,Diya Jha,ME,7,8.0,73.32,85
106932,Aditya Singh,ECE,4,9.0,77.29,50
106933,Ananya Sharma,EEE,6,8.5,53.95,65
106934,Sneha Jha,EEE,8,7.5,18.68,95
106935,Aarav Rao,ME,8,7.5,86.91,95
106936,Priya Rao,CE,4,7.5,85.39,95
106937,Diya Joshi,CE,6,9.0,58.85,50
106938,Aditya Patel,CE,1,6.0,75.37,95
106939,Vikram Gupta,ME,7,8.5,0.35,65
106940,Rohan Jha,CSE,8,8.0,45.2,65
106941,Aarav Rao,EEE,1,9.0,3.46,50
106942,Rohan Sharma,ME,7,6.0,58.54,50
106943,Isha Patel,ECE,1,9.0,82.59,50
106944,Kabir Jha,CE,4,7.5,4.14,95
106945,Kabir Patel,CSE,8,8.5,10.12,75
106946,Ananya Joshi,EEE,1,6.0,18.09,65
106947,Priya Reddy,CE,3,6.0,97.04,85
106948,Vikram Rao,ME,3,8.5,8.26,85
106949,Vikram Reddy,CE,5,8.0,99.1,75
106950,Diya Singh,ME,3,8.5,42.03,75
106951,Aarav Joshi,ECE,2,6.0,90.11,95
106952,Priya Sharma,CSE,2,8.0,8.01,65
106953,Priya Gupta,CSE,6,7.5,56.87,95
106954,Aarav Jha,ME,2,6.0,38.32,75
106955,Kabir Singh,CSE,7,9.0,29.68,50
106956,Priya Verma,CE,8,6.0,13.07,85
106957,Vikram Patel,ME,8,8.5,38.08,85
106958,Aarav Reddy,CE,4,7.5,45.31,65
106959,Diya Gupta,CSE,5,7.5,11.79,75
106960,Isha Gupta,EEE,1,9.0,25.72,50
106961,Aditya Sharma,CSE,2,8.5,73.48,50
106962,Vikram Patel,CE,7,7.5,53.94,65
106963,Isha Kumar,CE,1,7.5,80.56,85
106964,Vikram Jha,ME,5,8.5,93.17,95
106965,Aarav Rao,EEE,4,9.0,94.16,75
106966,Kabir Joshi,CE,6,8.0,77.09,50
106967,Aarav Patel,ME,4,8.0,87.7,75
106968,Kabir Rao,EEE,3,9.0,46.3,75
106969,Aarav Sharma,ECE,7,7.5,46.86,65
106970,Kabir Jha,ME,4,7.5,77.58,75
106971,Kabir Verma,CE,4,9.0,34.15,95
106972,Isha Gupta,ECE,1,8.5,80.92,85
106973,Rohan Verma,CE,3,9.0,95.67,75
106974,Priya Sharma,EEE,1,7.5,74.87,65
106975,Aditya Sharma,EEE,7,6.0,7.91,75
106976,Sneha Joshi,CSE,5,9.0,87.97,75
106977,Vikram Kumar,CE,8,9.0,9.99,65
106978,Ananya Reddy,EEE,2,8.5,53.08,85
106979,Isha Reddy,CE,4,8.0,12.87,50
106980,Rohan Reddy,CE,4,7.5,45.16,50
106981,Aarav Jha,CSE,7,9.0,52.6,65
106982,Kabir Reddy,ME,2,8.5,88.64,65
106983,Diya Patel,CE,6,7.5,46.66,95
106984,Sneha Gupta,ME,8,8.5,37.98,65
106985,Diya Jha,CE,4,9.0,57.25,50
106986,Vikram Reddy,CSE,4,8.0,97.42,50
106987,Priya Jha,CSE,2,7.5,72.45,65
106988,Sneha Sharma,CE,2,8.5,99.56,95
106989,Diya Rao,CE,4,6.0,5.8,95
106990,Isha Jha,ECE,6,6.0,41.86,75
106991,Ananya Kumar,EEE,6,8.5,62.89,65
106992,Priya Joshi,ME,2,8.0,92.41,75
106993,Diya Sharma,CE,3,6.0,76.39,85
106994,Sneha Reddy,CE,1,8.5,79.16,85
106995,Aarav Rao,EEE,1,8.0,8.38,75
106996,Priya Patel,ECE,5,6.0,20.48,85
106997,Sneha Reddy,EEE,1,9.0,93.28,50
106998,Isha Rao,ECE,5,7.5,29.48,85
106999,Kabir Verma,CE,8,6.0,9.43,75
107000,Isha Patel,ECE,1,8.5,28.6,50
107001,Rohan Rao,ECE,3,6.0,23.63,65
107002,Aditya Jha,CSE,3,7.5,33.56,85
107003,Rohan Joshi,EEE,1,7.5,34.84,65
107004,Rohan Reddy,ECE,8,8.0,20.57,85
107005,Rohan Kumar,EEE,2,8.5,76.85,65
107006,Isha Reddy,CE,4,8.0,25.61,85
107007,Diya Jha,ME,5,9.0,46.76,65
107008,Rohan Gupta,ME,7,7.5,40.11,50
107009,Ananya Reddy,EEE,3,8.5,37.07,95
107010,Ananya Singh,ME,3,8.0,29.71,75
107011,Isha Sharma,ME,1,8.0,35.44,85
107012,Kabir Kumar,EEE,1,8.0,41.95,75
107013,Isha Joshi,ME,2,7.5,66.65,50
107014,Rohan Jha,CE,1,6.0,77.3,65
107015,Sneha Rao,ME,3,7.5,87.37,65
107016,Kabir Kumar,ECE,5,6.0,80.35,75
107017,Aditya Verma,CE,1,8.5,88.0,65
107018,Kabir Verma,CE,7,8.5,35.28,50
107019,Ananya Patel,CSE,2,9.0,57.87,75
107020,Aarav Verma,ME,8,6.0,56.82,65
107021,Ananya Gupta,EEE,4,6.0,31.34,85
107022,Kabir Joshi,CSE,2,6.0,47.48,65
107023,Isha Jha,CSE,6,8.5,50.19,85
107024,Priya Rao,CSE,2,8.5,28.18,50
107025,Diya Patel,CSE,1,9.0,2.88,50
107026,Aditya Rao,ECE,3,6.0,4.47,50
107027,Kabir Verma,EEE,7,8.5,74.88,75
107028,Rohan Rao,ECE,8,8.5,32.2,50
107029,Sneha Joshi,CE,3,9.0,92.88,65
107030,Aditya Reddy,ME,7,9.0,41.41,65
107031,Aditya Sharma,ME,1,6.0,12.01,95
107032,Aditya Joshi,CSE,1,7.5,0.01,85
107033,Priya Jha,EEE,3,7.5,39.73,85
107034,Isha Gupta,ECE,1,8.0,99.86,85
107035,Isha Verma,CSE,2,8.0,42.41,75
107036,Rohan Gupta,ECE,8,7.5,64.75,95
107037,Ananya Kumar,ME,2,7.5,97.79,65
107038,Diya Joshi,CSE,8,8.5,77.86,85
107039,Isha Gupta,EEE,3,8.5,69.45,65
107040,Rohan Joshi,CE,4,7.5,76.89,50
107041,Kabir Rao,ECE,7,7.5,58.26,65
107042,Aditya Jha,ME,6,9.0,8.84,65
107043,Rohan Singh,ECE,6,6.0,52.45,95
107044,Isha Gupta,EEE,4,8.0,65.48,95
107045,Aditya Rao,CSE,7,8.0,59.99,50
107046,Sneha Joshi,CE,6,6.0,69.82,50
107047,Diya Reddy,CSE,5,8.5,60.15,50
107048,Aarav Rao,ME,2,9.0,56.63,95
107049,Rohan Sharma,ECE,8,8.5,91.64,65
107050,Ananya Patel,ME,5,6.0,8.09,85
107051,Aditya Rao,CSE,8,8.0,51.33,95
107052,Aditya Patel,EEE,8,8.0,25.75,65
107053,Diya Gupta,CE,3,6.0,77.99,65
107054,Sneha Joshi,CSE,8,8.5,98.73,95
107055,Aditya Sharma,ME,8,6.0,8.03,95
107056,Kabir Singh,ME,8,7.5,14.69,65
107057,Rohan Kumar,ME,6,8.0,42.17,65
107058,Aditya Patel,CE,1,8.0,33.95,75
107059,Aditya Verma,ECE,4,9.0,15.23,75
107060,Rohan Patel,EEE,5,7.5,67.84,50
107061,Rohan Kumar,CSE,1,8.5,65.09,65
107062,Kabir Patel,CE,1,8.5,35.95,95
107063,Isha Gupta,ME,8,7.5,45.81,50
107064,Aarav Joshi,ECE,6,8.0,66.94,75
107065,Aarav Rao,CSE,1,8.5,69.08,85
107066,Priya Patel,CE,5,6.0,67.48,95
107067,Aarav Patel,ECE,1,7.5,15.69,50
107068,Sneha Rao,CE,6,6.0,21.48,65
107069,Vikram Joshi,ECE,8,8.0,95.75,95
107070,Sneha Kumar,ECE,6,8.0,55.74,75
107071,Aditya Kumar,CSE,7,6.0,26.74,85
107072,Isha Joshi,ECE,7,6.0,97.32,75
107073,Ananya Singh,CSE,1,8.0,34.34,75
107074,Vikram Patel,ME,4,7.5,44.47,95
107075,Sneha Gupta,EEE,5,8.5,97.58,50
107076,Kabir Jha,CSE,5,9.0,68.94,95
107077,Sneha Sharma,ME,7,6.0,19.58,85
107078,Vikram Rao,ME,2,9.0,52.26,65
107079,Vikram Verma,ECE,8,6.0,36.4,75
107080,Sneha Kumar,EEE,5,7.5,57.49,65
107081,Priya Singh,ECE,5,8.0,66.77,95
107082,Isha Verma,CSE,1,9.0,71.38,65
107083,Isha Jha,ME,4,8.5,82.98,65
107084,Diya Sharma,EEE,6,8.5,43.85,95
107085,Priya Reddy,EEE,5,9.0,99.88,75
107086,Kabir Jha,CE,4,6.0,41.79,95
107087,Ananya Joshi,CE,8,6.0,96.76,65
107088,Aditya Sharma,EEE,5,7.5,78.94,50
107089,Sneha Gupta,CSE,8,8.0,73.61,95
107090,Aarav Kumar,ECE,2,8.0,41.99,65
107091,Sneha Jha,ME,1,8.5,62.82,75
107092,Kabir Kumar,EEE,6,9.0,96.85,75
107093,Vikram Rao,ME,6,9.0,84.0,50
107094,Rohan Reddy,EEE,2,8.0,49.6,95
107095,Isha Singh,CSE,4,7.5,91.87,85
107096,Rohan Singh,ME,6,8.5,17.24,75
107097,Sneha Joshi,CSE,3,7.5,31.93,65
107098,Ananya Verma,CE,3,7.5,46.52,85
107099,Priya Kumar,CSE,5,9.0,51.43,65
107100,Priya Gupta,CE,1,9.0,9.96,50
107101,Aarav Gupta,EEE,2,9.0,38.03,50
107102,Isha Reddy,ECE,5,8.0,20.76,85
107103,Vikram Sharma,ECE,7,7.5,20.81,50
107104,Sneha Reddy,ME,2,6.0,63.83,95
107105,Aditya Jha,CSE,3,6.0,9.46,95
107106,Ananya Patel,ECE,6,6.0,9.53,65
107107,Priya Reddy,EEE,6,8.0,73.02,85
107108,Kabir Joshi,ME,3,7.5,63.35,85
107109,Rohan Singh,ME,5,9.0,15.38,65
107110,Kabir Sharma,ME,6,6.0,89.66,50
107111,Vikram Verma,CSE,4,8.0,0.43,85
107112,Aditya Rao,ECE,8,8.5,63.46,65
107113,Kabir Sharma,EEE,8,7.5,37.4,95
107114,Priya Singh,ME,6,6.0,40.18,85
107115,Sneha Rao,EEE,2,8.5,15.38,75
107116,Priya Rao,EEE,8,7.5,79.02,75
107117,Aditya Sharma,CSE,6,8.5,48.83,85
107118,Priya Joshi,CSE,8,6.0,73.44,75
107119,Vikram Reddy,CSE,5,8.0,25.19,65
107120,Aarav Verma,CE,6,8.0,41.24,65
107121,Sneha Kumar,EEE,1,8.0,32.31,65
107122,Diya Jha,ECE,3,8.0,28.95,85
107123,Kabir Singh,CSE,1,8.0,69.02,50
107124,Ananya Sharma,CE,8,7.5,10.07,85
107125,Vikram Singh,ME,2,8.5,79.7,50
107126,Kabir Gupta,CSE,3,8.0,10.88,65
107127,Priya Gupta,EEE,7,8.0,91.62,75
107128,Ananya Patel,CSE,3,8.0,92.99,85
107129,Rohan Gupta,ME,3,8.0,23.99,50
107130,Priya Gupta,CSE,1,8.0,19.07,75
107131,Aditya Rao,ECE,3,9.0,23.58,95
107132,Diya Jha,EEE,2,7.5,23.33,85
107133,Rohan Rao,ME,7,6.0,94.1,50
107134,Rohan Rao,ME,5,6.0,48.82,95
107135,Kabir Sharma,EEE,8,7.5,93.39,85
107136,Vikram Verma,ME,1,9.0,0.03,50
107137,Aarav Rao,CSE,7,9.0,92.99,85
107138,Aarav Gupta,CE,4,9.0,72.13,95
107139,Vikram Jha,ECE,7,6.0,74.59,75
107140,Priya Reddy,ECE,3,6.0,81.17,95
107141,Aditya Rao,CE,8,8.5,19.55,75
107142,Rohan Patel,ECE,3,8.5,43.22,85
107143,Rohan Gupta,ECE,3,7.5,85.41,95
107144,Aditya Verma,ECE,6,8.0,16.33,85
107145,Diya Sharma,CE,3,8.0,2.74,95
107146,Kabir Sharma,CSE,5,9.0,17.18,50
107147,Rohan Gupta,EEE,3,6.0,36.97,50
107148,Aarav Joshi,EEE,4,7.5,22.67,75
107149,Sneha Sharma,ME,7,7.5,69.41,95
107150,Priya Singh,CE,5,6.0,92.31,75
107151,Aditya Singh,ECE,8,7.5,94.33,65
107152,Diya Verma,EEE,1,6.0,76.24,75
107153,Kabir Kumar,EEE,8,9.0,34.56,85
107154,Rohan Kumar,CE,3,7.5,74.11,85
107155,Priya Sharma,CSE,8,6.0,42.14,75
107156,Aditya Reddy,EEE,5,6.0,29.8,65
107157,Isha Patel,CE,6,8.0,61.98,75
107158,Aditya Singh,ME,7,6.0,4.13,85
107159,Vikram Rao,ECE,3,6.0,93.87,95
107160,Aarav Gupta,ME,3,8.0,36.9,95
107161,Kabir Verma,CSE,1,8.0,87.42,75
107162,Vikram Gupta,ME,2,7.5,65.97,95
107163,Vikram Joshi,CSE,5,7.5,73.9,50
107164,Vikram Patel,CE,1,8.0,42.43,65
107165,Rohan Patel,ME,4,7.5,15.59,95
107166,Sneha Patel,ECE,3,9.0,63.39,85
107167,Priya Patel,CSE,4,6.0,34.52,50
107168,Kabir Singh,CSE,1,6.0,33.51,75
107169,Aditya Singh,CSE,6,7.5,96.81,95
107170,Rohan Gupta,ME,3,7.5,77.13,65
107171,Diya Jha,ME,8,8.5,6.17,75
107172,Vikram Patel,ME,3,7.5,62.73,75
107173,Aarav Jha,CSE,8,9.0,73.45,75
107174,Ananya Sharma,CSE,3,9.0,83.93,85
107175,Aditya Sharma,ME,7,8.0,29.73,85
107176,Ananya Verma,EEE,8,8.5,58.64,75
107177,Aarav Patel,ME,2,8.0,65.79,65
107178,Aarav Jha,ECE,4,8.5,73.2,65
107179,Diya Gupta,CSE,5,7.5,20.8,65
107180,Vikram Patel,CSE,5,8.0,7.34,50
107181,Aarav Patel,ECE,2,7.5,34.8,65
107182,Aarav Singh,CSE,6,8.0,51.36,85
107183,Sneha Sharma,CE,7,8.5,43.07,85
107184,Ananya Patel,CSE,5,9.0,34.56,50
107185,Sneha Reddy,CSE,6,8.5,71.94,65
107186,Isha Sharma,ECE,2,7.5,23.03,65
107187,Ananya Verma,ME,2,8.5,90.72,75
107188,Rohan Jha,CSE,5,8.5,36.98,50
107189,Kabir Verma,CSE,7,6.0,85.7,75
107190,Aarav Patel,CE,3,6.0,34.78,95
107191,Aarav Jha,ECE,8,8.5,18.69,65
107192,Isha Gupta,ME,1,8.0,98.85,85
107193,Rohan Patel,CSE,7,8.5,3.45,85
107194,Vikram Rao,ECE,6,9.0,23.02,75
107195,Vikram Sharma,CSE,1,7.5,58.23,85
107196,Diya Rao,ECE,2,8.0,59.08,95
107197,Kabir Sharma,CSE,2,8.5,71.88,95
107198,Isha Verma,EEE,3,9.0,84.53,75
107199,Rohan Joshi,EEE,8,7.5,30.59,85
107200,Sneha Rao,ME,3,7.5,26.47,50
107201,Kabir Kumar,CSE,3,6.0,26.06,85
107202,Isha Singh,EEE,7,6.0,85.42,50
107203,Kabir Joshi,CSE,2,6.0,7.01,75
107204,Rohan Rao,ECE,8,7.5,27.11,65
107205,Vikram Jha,CE,8,6.0,23.36,95
107206,Isha Jha,EEE,2,6.0,0.3,95
107207,Rohan Patel,CSE,4,7.5,8.32,85
107208,Priya Singh,CSE,6,7.5,17.84,85
107209,Rohan Singh,CE,7,6.0,71.05,65
107210,Rohan Sharma,CSE,8,8.0,91.7,85
107211,Sneha Verma,ECE,7,7.5,87.39,50
107212,Aditya Reddy,EEE,7,8.5,97.76,95
107213,Aditya Patel,CSE,4,9.0,74.23,50
107214,Isha Reddy,CE,4,7.5,2.06,65
107215,Vikram Singh,ECE,4,8.5,59.55,85
107216,Aarav Reddy,CE,7,7.5,49.32,95
107217,Sneha Kumar,CSE,1,8.5,33.98,65
107218,Diya Sharma,EEE,4,8.5,62.57,95
107219,Sneha Sharma,EEE,1,9.0,97.61,85
107220,Vikram Patel,ME,2,9.0,74.88,50
107221,Ananya Gupta,ME,4,8.5,39.24,95
107222,Aarav Gupta,EEE,1,8.5,9.22,50
107223,Aditya Verma,ME,4,6.0,52.19,50
107224,Aarav Singh,ECE,2,8.5,27.91,75
107225,Ananya Verma,CE,7,8.0,37.13,65
107226,Aarav Patel,ECE,8,9.0,87.08,95
107227,Ananya Kumar,CE,6,7.5,66.48,65
107228,Rohan Rao,ME,1,7.5,24.78,50
107229,Vikram Sharma,ECE,1,9.0,49.57,85
107230,Vikram Jha,ME,7,8.0,36.72,50
107231,Sneha Verma,ME,4,7.5,69.87,95
107232,Kabir Singh,EEE,3,7.5,51.81,65
107233,Aarav Jha,EEE,1,6.0,71.52,85
107234,Isha Joshi,CSE,1,8.0,24.91,65
107235,Aarav Joshi,ECE,4,6.0,9.68,65
107236,Vikram Sharma,EEE,1,8.0,34.75,95
107237,Aditya Joshi,ME,2,6.0,39.86,50
107238,Aarav Jha,CE,5,9.0,89.58,50
107239,Kabir Singh,EEE,5,9.0,70.61,50
107240,Ananya Reddy,ECE,3,6.0,98.52,65
107241,Isha Gupta,CE,2,6.0,26.86,50
107242,Aarav Gupta,CE,1,8.0,18.01,50
107243,Kabir Reddy,ME,6,7.5,90.28,75
107244,Aditya Rao,ME,7,7.5,80.83,95
107245,Diya Rao,ECE,4,6.0,44.98,65
107246,Sneha Singh,EEE,2,6.0,17.62,75
107247,Kabir Joshi,CE,7,8.0,63.9,85
107248,Kabir Singh,ECE,8,9.0,37.77,85
107249,Aarav Rao,CSE,6,9.0,22.27,75
107250,Isha Rao,ME,8,8.0,21.61,95
107251,Priya Patel,ECE,1,7.5,28.55,85
107252,Rohan Jha,EEE,6,8.5,20.27,75
107253,Ananya Kumar,CSE,3,8.0,81.43,75
107254,Vikram Sharma,EEE,7,8.0,1.97,65
107255,Sneha Joshi,EEE,8,6.0,16.01,95
107256,Rohan Kumar,CE,6,6.0,75.55,95
107257,Aditya Kumar,ME,1,8.0,30.05,95
107258,Sneha Sharma,ECE,7,8.0,88.36,75
107259,Kabir Reddy,CE,1,8.0,99.9,95
107260,Diya Joshi,CE,1,8.5,71.11,65
107261,Priya Gupta,EEE,4,8.0,34.46,95
107262,Aarav Jha,CSE,8,8.5,79.79,50
107263,Diya Sharma,ME,8,9.0,94.38,65
107264,Sneha Sharma,EEE,4,7.5,23.87,95
107265,Sneha Verma,ECE,3,8.0,64.56,50
107266,Sneha Patel,CSE,4,8.5,49.62,50
107267,Ananya Patel,CE,5,9.0,35.01,50
107268,Kabir Singh,EEE,3,6.0,20.0,95
107269,Aarav Sharma,CE,7,9.0,86.72,95
107270,Aarav Sharma,ME,4,8.0,31.87,75
107271,Vikram Sharma,ECE,7,7.5,20.9,85
107272,Ananya Patel,ECE,5,8.5,8.45,50
107273,Ananya Reddy,ECE,3,9.0,43.67,95
107274,Ananya Patel,EEE,3,9.0,26.44,50
107275,Vikram Patel,EEE,6,7.5,52.75,75
107276,Isha Kumar,CE,8,7.5,76.25,85
107277,Kabir Reddy,CSE,2,8.0,25.49,65
107278,Diya Reddy,ME,1,8.0,6.02,50
107279,Diya Gupta,ME,7,9.0,79.01,75
107280,Sneha Rao,CE,3,7.5,24.94,75
107281,Isha Jha,CE,7,7.5,0.01,75
107282,Kabir Jha,CSE,5,6.0,88.59,75
107283,Kabir Sharma,ECE,3,9.0,35.61,50
107284,Vikram Kumar,ECE,4,8.0,37.64,95
107285,Vikram Gupta,CE,6,8.0,34.1,65
107286,Aarav Singh,ME,4,9.0,36.12,85
107287,Sneha Singh,CE,5,9.0,16.95,65
107288,Aarav Rao,ME,8,6.0,25.7,95
107289,Isha Reddy,ME,4,8.0,97.84,95
107290,Aarav Verma,EEE,8,7.5,69.12,75
107291,Rohan Jha,CSE,5,9.0,51.14,65
107292,Rohan Joshi,CE,2,8.0,35.32,85
107293,Aditya Singh,ME,5,7.5,13.15,85
107294,Diya Jha,ECE,6,7.5,87.28,75
107295,Kabir Sharma,ECE,5,8.5,53.56,85
107296,Kabir Reddy,EEE,7,7.5,88.99,50
107297,Aditya Rao,CSE,8,8.5,88.84,65
107298,Rohan Jha,ECE,5,9.0,46.53,75
107299,Sneha Jha,EEE,8,8.0,78.2,85
107300,Ananya Kumar,CE,2,6.0,40.37,95
107301,Isha Singh,CE,8,6.0,23.45,95
107302,Isha Singh,CSE,5,6.0,63.98,85
107303,Ananya Rao,CSE,7,7.5,86.71,75
107304,Ananya Reddy,ECE,5,7.5,66.1,75
107305,Aditya Joshi,EEE,7,9.0,92.25,85
107306,Ananya Joshi,ECE,3,9.0,56.95,85
107307,Rohan Gupta,ME,8,8.5,97.51,65
107308,Vikram Jha,CSE,8,8.5,84.21,65
107309,Kabir Joshi,EEE,6,8.0,14.09,85
107310,Aditya Kumar,ECE,4,8.5,99.66,65
107311,Aditya Sharma,CSE,4,7.5,7.02,95
107312,Isha Singh,ME,6,8.5,99.56,95
107313,Ananya Verma,ME,6,7.5,18.57,75
107314,Ananya Joshi,CSE,6,9.0,9.21,95
107315,Aarav Jha,CSE,7,6.0,65.32,95
107316,Diya Singh,CSE,4,7.5,84.78,75
107317,Sneha Singh,EEE,4,8.0,88.97,75
107318,Sneha Kumar,CSE,4,7.5,24.48,85
107319,Rohan Verma,CSE,2,7.5,94.79,75
107320,Vikram Jha,ME,2,7.5,58.88,50
107321,Sneha Rao,CE,8,6.0,9.53,95
107322,Aarav Kumar,CE,3,7.5,19.62,95
107323,Ananya Patel,ECE,6,9.0,38.84,85
107324,Vikram Jha,EEE,4,9.0,43.36,75
107325,Kabir Patel,ME,2,7.5,40.38,95
107326,Rohan Reddy,CE,4,6.0,63.38,85
107327,Aarav Patel,ECE,5,6.0,60.98,85
107328,Ananya Verma,EEE,3,8.5,26.26,50
107329,Sneha Sharma,CE,8,9.0,16.95,95
107330,Diya Singh,EEE,8,6.0,11.87,75
107331,Aarav Singh,EEE,3,9.0,61.52,75
107332,Diya Rao,CSE,2,9.0,0.26,65
107333,Sneha Rao,ME,5,7.5,42.58,85
107334,Aditya Sharma,CE,1,9.0,3.81,65
107335,Aarav Sharma,ME,5,8.0,52.08,85
107336,Priya Verma,ME,4,7.5,41.63,75
107337,Isha Patel,ECE,3,8.0,88.24,95
107338,Sneha Patel,EEE,6,6.0,73.91,85
107339,Diya Gupta,EEE,2,8.0,47.4,75
107340,Ananya Rao,CE,1,7.5,6.65,75
107341,Kabir Verma,CE,7,9.0,69.94,85
107342,Aarav Kumar,EEE,5,8.5,20.4,50
107343,Aarav Rao,CSE,2,9.0,51.98,85
107344,Ananya Kumar,ECE,7,7.5,38.5,95
107345,Diya Patel,ME,4,9.0,89.49,65
107346,Priya Gupta,CSE,1,9.0,41.41,50
107347,Sneha Singh,ME,4,6.0,98.45,65
107348,Sneha Singh,ECE,6,9.0,74.5,50
107349,Aditya Joshi,EEE,1,6.0,30.04,50
107350,Isha Sharma,ME,7,6.0,88.35,95
107351,Sneha Kumar,CSE,7,6.0,21.03,50
107352,Kabir Sharma,ME,8,7.5,67.22,95
107353,Kabir Verma,CSE,4,6.0,56.68,75
107354,Aarav Singh,EEE,2,7.5,81.43,50
107355,Isha Jha,CSE,6,8.5,98.23,65
107356,Aditya Reddy,EEE,1,8.0,99.55,85
107357,Kabir Gupta,EEE,1,7.5,79.29,75
107358,Aditya Rao,ECE,6,7.5,78.77,75
107359,Sneha Jha,EEE,4,8.0,81.89,50
107360,Aarav Singh,CE,1,8.0,47.15,95
107361,Ananya Gupta,CSE,6,9.0,79.01,50
107362,Diya Patel,EEE,6,7.5,6.15,50
107363,Aditya Jha,EEE,2,8.5,25.63,85
107364,Diya Kumar,CSE,5,7.5,5.73,50
107365,Aditya Verma,ECE,7,8.5,87.86,75
107366,Aarav Patel,EEE,6,8.0,65.72,85
107367,Rohan Singh,ME,2,7.5,72.51,65
107368,Sneha Gupta,ME,6,8.5,69.97,85
107369,Rohan Kumar,ME,7,8.0,26.89,65
107370,Diya Joshi,CE,1,9.0,84.03,50
107371,Priya Gupta,CSE,6,6.0,25.57,85
107372,Vikram Verma,CSE,2,7.5,30.79,65
107373,Rohan Patel,CSE,7,9.0,92.81,65
107374,Vikram Verma,ECE,2,8.5,78.79,75
107375,Diya Patel,EEE,2,6.0,84.53,95
107376,Aarav Verma,CSE,3,9.0,21.93,65
107377,Aarav Verma,CE,8,9.0,38.15,85
107378,Vikram Jha,ECE,3,6.0,72.7,75
107379,Vikram Joshi,ME,2,9.0,30.73,75
107380,Rohan Gupta,EEE,1,9.0,26.38,75
107381,Aarav Kumar,ECE,1,9.0,61.37,65
107382,Diya Patel,ECE,2,9.0,23.14,95
107383,Sneha Jha,CE,3,8.5,70.01,95
107384,Rohan Jha,ME,2,8.5,83.27,65
107385,Diya Verma,ME,8,8.5,57.26,50
107386,Ananya Kumar,ME,6,9.0,31.2,85
107387,Sneha Gupta,EEE,7,9.0,62.69,85
107388,Rohan Verma,CE,4,6.0,30.55,85
107389,Aditya Jha,ECE,1,9.0,2.25,85
107390,Diya Verma,CE,3,8.5,77.49,75
107391,Priya Patel,ECE,1,8.0,33.56,50
107392,Aditya Verma,ECE,2,6.0,95.88,95
107393,Rohan Kumar,ECE,1,8.0,88.37,85
107394,Ananya Singh,CSE,1,8.5,21.09,65
107395,Vikram Patel,ME,3,9.0,24.83,85
107396,Isha Joshi,CSE,6,8.0,90.83,95
107397,Rohan Jha,CE,1,8.0,12.69,95
107398,Kabir Rao,CE,7,8.5,65.05,95
107399,Diya Joshi,CE,3,6.0,67.19,85
107400,Kabir Verma,CSE,4,6.0,85.4,85
107401,Vikram Patel,EEE,7,6.0,70.06,50
107402,Vikram Singh,ECE,7,7.5,94.56,85
107403,Ananya Verma,EEE,5,8.5,4.77,65
107404,Sneha Gupta,ECE,1,6.0,14.4,95
107405,Isha Sharma,ME,3,6.0,69.97,50
107406,Priya Singh,ECE,4,8.0,8.57,85
107407,Priya Singh,CSE,7,7.5,95.0,50
107408,Vikram Rao,CE,5,8.0,91.12,75
107409,Diya Jha,CSE,8,7.5,60.36,65
107410,Diya Kumar,CSE,2,6.0,49.41,95
107411,Rohan Singh,EEE,1,6.0,49.47,65
107412,Sneha Joshi,CE,1,8.0,30.14,65
107413,Vikram Gupta,ME,6,8.5,53.77,75
107414,Vikram Rao,ECE,8,8.5,28.12,75
107415,Aditya Jha,ME,1,8.5,2.31,85
107416,Isha Verma,CSE,8,8.5,63.21,85
107417,Aarav Sharma,ECE,8,8.0,77.39,75
107418,Kabir Gupta,ME,5,7.5,44.16,50
107419,Vikram Reddy,CE,1,9.0,53.87,95
107420,Isha Verma,CSE,2,8.5,52.61,85
107421,Isha Jha,ECE,5,8.5,46.37,75
107422,Vikram Jha,EEE,5,8.0,12.54,50
107423,Priya Verma,EEE,2,8.5,49.55,50
107424,Ananya Singh,ME,5,8.5,87.45,65
107425,Sneha Jha,EEE,8,6.0,2.99,95
107426,Diya Sharma,CE,8,6.0,83.24,75
107427,Sneha Kumar,ECE,1,8.0,7.12,65
107428,Ananya Patel,CSE,3,6.0,96.15,50
107429,Rohan Verma,ECE,6,7.5,69.07,50
107430,Aarav Kumar,ME,6,9.0,91.51,50
107431,Sneha Verma,CE,8,6.0,53.18,85
107432,Sneha Gupta,CE,5,8.5,75.93,75
107433,Kabir Singh,CE,5,8.0,74.44,65
107434,Rohan Sharma,ECE,3,8.5,7.28,50
107435,Kabir Rao,CE,1,9.0,37.6,65
107436,Aarav Verma,ME,8,8.0,62.29,65
107437,Priya Jha,ECE,6,9.0,57.36,75
107438,Ananya Rao,ME,7,9.0,99.0,65
107439,Rohan Sharma,ME,1,8.0,34.74,50
107440,Diya Reddy,CSE,6,8.5,51.98,95
107441,Sneha Gupta,ECE,7,8.0,90.7,95
107442,Ananya Sharma,CSE,3,9.0,56.97,95
107443,Vikram Sharma,ME,1,7.5,41.19,95
107444,Rohan Verma,ME,2,6.0,83.03,65
107445,Ananya Rao,CE,8,8.0,17.88,65
107446,Vikram Sharma,ME,7,8.0,8.06,85
107447,Priya Patel,ECE,3,7.5,82.68,75
107448,Priya Verma,CSE,8,8.5,16.6,50
107449,Isha Patel,EEE,6,7.5,56.64,50
107450,Vikram Jha,ME,3,8.5,39.75,85
107451,Isha Reddy,CE,8,6.0,90.56,65
107452,Aditya Sharma,CSE,2,8.0,20.66,65
107453,Sneha Gupta,EEE,3,9.0,52.96,65
107454,Rohan Gupta,ECE,8,8.5,4.42,95
107455,Aditya Sharma,CE,4,8.5,26.39,85
107456,Diya Reddy,EEE,5,9.0,27.87,50
107457,Rohan Reddy,CSE,7,6.0,36.64,95
107458,Kabir Gupta,CE,4,9.0,58.8,65
107459,Aarav Gupta,CSE,5,7.5,7.74,50
107460,Diya Sharma,ME,8,9.0,7.29,95
107461,Diya Reddy,ME,5,8.5,58.7,95
107462,Kabir Singh,CE,8,8.0,16.7,95
107463,Vikram Jha,CSE,6,7.5,32.14,75
107464,Rohan Singh,CE,3,6.0,27.42,85
107465,Kabir Kumar,CE,1,8.0,76.0,95
107466,Ananya Verma,EEE,1,6.0,32.02,75
107467,Priya Gupta,ECE,7,8.0,7.13,75
107468,Ananya Jha,EEE,6,9.0,34.76,65
107469,Rohan Jha,ECE,2,8.0,29.12,65
107470,Rohan Gupta,EEE,3,8.0,24.68,85
107471,Ananya Joshi,CE,6,6.0,47.84,75
107472,Ananya Jha,CE,6,9.0,16.18,50
107473,Kabir Kumar,EEE,4,6.0,1.41,95
107474,Aditya Singh,ECE,5,8.0,20.1,65
107475,Isha Joshi,ECE,7,7.5,11.24,85
107476,Diya Gupta,CE,7,6.0,38.25,65
107477,Aarav Joshi,CSE,8,8.5,41.71,85
107478,Aarav Sharma,CSE,3,8.0,48.45,65
107479,Aarav Rao,ECE,7,8.0,1.58,65
107480,Aarav Rao,ECE,1,8.0,22.21,75
107481,Kabir Gupta,CSE,4,9.0,28.87,50
107482,Isha Rao,ECE,3,7.5,68.52,75
107483,Aditya Rao,ME,6,7.5,49.87,85
107484,Rohan Rao,ECE,4,9.0,73.1,75
107485,Priya Gupta,ME,1,9.0,17.39,85
107486,Ananya Rao,ME,2,8.0,66.71,65
107487,Aditya Sharma,EEE,1,7.5,56.13,50
107488,Kabir Sharma,EEE,4,6.0,72.32,75
107489,Rohan Patel,ME,6,8.0,18.57,95
107490,Diya Patel,ECE,7,7.5,79.73,95
107491,Isha Gupta,ECE,3,7.5,31.54,50
107492,Priya Gupta,ME,1,8.5,39.24,85
107493,Priya Gupta,EEE,8,6.0,9.66,95
107494,Vikram Kumar,CSE,7,7.5,39.9,95
107495,Kabir Rao,ME,2,8.0,58.11,75
107496,Aarav Kumar,CE,6,6.0,64.14,85
107497,Vikram Patel,CE,2,7.5,9.35,75
107498,Priya Gupta,CSE,8,6.0,73.68,85
107499,Diya Verma,EEE,5,6.0,32.96,95
107500,Aarav Reddy,ECE,7,9.0,66.44,75
107501,Sneha Verma,CE,8,6.0,87.01,75
107502,Sneha Kumar,EEE,2,8.0,59.69,75
107503,Diya Jha,CE,1,9.0,13.79,65
107504,Kabir Patel,EEE,6,6.0,84.75,65
107505,Isha Sharma,ME,4,9.0,25.19,85
107506,Kabir Rao,CSE,7,6.0,19.75,85
107507,Isha Jha,ME,5,8.0,14.51,75
107508,Kabir Gupta,CSE,8,6.0,51.32,65
107509,Diya Sharma,ECE,5,9.0,10.4,50
107510,Ananya Sharma,ECE,6,7.5,72.87,50
107511,Aarav Joshi,ECE,4,9.0,10.11,75
107512,Sneha Singh,ME,2,6.0,31.78,85
107513,Priya Patel,ECE,2,8.5,96.3,85
107514,Ananya Reddy,ECE,4,8.5,26.12,65
107515,Ananya Kumar,ME,4,9.0,63.89,50
107516,Rohan Kumar,ME,2,8.0,41.02,95
107517,Rohan Gupta,CSE,7,6.0,13.3,85
107518,Diya Patel,ME,1,9.0,51.22,65
107519,Sneha Jha,CSE,7,8.0,68.67,65
107520,Diya Joshi,CSE,7,7.5,36.91,85
107521,Diya Rao,ECE,2,6.0,32.22,85
107522,Vikram Kumar,CSE,4,6.0,51.73,85
107523,Ananya Singh,CE,8,7.5,84.87,50
107524,Vikram Verma,CE,1,7.5,24.1,75
107525,Aarav Jha,ECE,7,9.0,12.71,65
107526,Kabir Jha,CSE,7,8.5,91.44,85
107527,Priya Verma,ECE,2,9.0,52.86,65
107528,Diya Patel,CSE,7,8.0,45.11,50
107529,Vikram Jha,ECE,1,8.5,55.46,65
107530,Diya Singh,CSE,2,9.0,88.89,65
107531,Isha Kumar,EEE,7,8.0,49.14,85
107532,Aarav Verma,EEE,3,8.5,34.45,50
107533,Isha Kumar,ME,1,6.0,83.79,85
107534,Ananya Patel,ECE,5,8.0,60.3,95
107535,Rohan Reddy,CE,6,8.0,44.0,65
107536,Aarav Rao,ME,2,9.0,35.58,85
107537,Aarav Rao,ME,7,8.5,67.72,85
107538,Priya Joshi,ME,6,9.0,75.57,95
107539,Priya Verma,ECE,3,9.0,99.17,85
107540,Aditya Singh,ME,4,8.5,53.58,75
107541,Sneha Rao,EEE,2,8.0,46.32,65
107542,Isha Reddy,ECE,6,7.5,39.18,50
107543,Diya Gupta,ECE,6,7.5,69.76,75
107544,Priya Jha,CE,4,8.0,17.66,85
107545,Ananya Verma,CE,2,8.0,43.72,85
107546,Sneha Rao,ME,6,6.0,60.55,95
107547,Aarav Reddy,EEE,6,6.0,65.73,50
107548,Kabir Joshi,CE,4,8.5,6.11,95
107549,Isha Gupta,EEE,6,7.5,62.79,85
107550,Isha Rao,ECE,5,8.5,8.52,65
107551,Ananya Patel,ECE,2,7.5,31.0,75
107552,Diya Reddy,CE,7,6.0,90.98,75
107553,Sneha Jha,ME,1,6.0,94.85,95
107554,Rohan Jha,CE,1,9.0,25.15,50
107555,Vikram Reddy,ECE,1,6.0,78.94,65
107556,Isha Rao,EEE,8,8.0,66.71,50
107557,Diya Sharma,CE,6,8.5,96.62,95
107558,Diya Patel,CSE,8,8.0,80.0,65
107559,Kabir Reddy,CSE,6,8.5,27.19,65
107560,Ananya Jha,CSE,3,7.5,13.92,75
107561,Rohan Kumar,CSE,4,6.0,0.44,65
107562,Sneha Sharma,CSE,2,6.0,25.67,85
107563,Isha Gupta,EEE,1,8.5,99.92,65
107564,Rohan Singh,CE,4,7.5,2.79,95
107565,Isha Kumar,CE,5,7.5,92.83,85
107566,Kabir Gupta,CE,4,9.0,82.33,50
107567,Aditya Joshi,ME,7,8.0,57.07,85
107568,Priya Patel,EEE,4,9.0,55.92,85
107569,Ananya Singh,CSE,2,8.5,4.9,85
107570,Kabir Patel,EEE,1,8.5,63.88,50
107571,Priya Patel,CSE,8,8.0,73.93,95
107572,Priya Singh,ME,4,9.0,70.87,65
107573,Isha Verma,EEE,3,9.0,9.99,85
107574,Rohan Verma,CE,1,8.0,66.52,95
107575,Rohan Singh,CSE,7,9.0,63.48,85
107576,Ananya Verma,CSE,1,9.0,87.01,95
107577,Aditya Singh,CE,8,8.5,77.04,65
107578,Sneha Jha,EEE,6,9.0,35.77,50
107579,Kabir Verma,CSE,4,7.5,90.99,95
107580,Rohan Joshi,CE,4,8.0,56.56,85
107581,Rohan Patel,CSE,3,8.0,70.24,85
107582,Rohan Sharma,ECE,2,8.5,34.5,50
107583,Kabir Kumar,CSE,1,7.5,2.36,75
107584,Diya Kumar,CE,3,9.0,37.63,50
107585,Diya Kumar,ECE,2,7.5,85.02,75
107586,Priya Singh,ECE,3,8.5,97.02,95
107587,Priya Patel,EEE,1,6.0,69.23,65
107588,Vikram Reddy,EEE,3,8.0,55.73,95
107589,Sneha Kumar,ECE,1,8.5,68.01,95
107590,Sneha Patel,ME,5,6.0,31.0,85
107591,Rohan Sharma,CE,5,8.5,10.48,75
107592,Aditya Jha,CSE,4,6.0,17.01,50
107593,Isha Jha,ME,1,8.5,77.74,75
107594,Diya Joshi,ECE,2,9.0,98.49,95
107595,Aarav Patel,CSE,1,6.0,48.68,95
107596,Ananya Sharma,ECE,8,6.0,34.16,50
107597,Sneha Kumar,CSE,3,7.5,46.33,50
107598,Aarav Jha,EEE,7,7.5,93.19,95
107599,Priya Singh,CSE,3,8.5,10.35,95
107600,Vikram Reddy,EEE,3,7.5,16.42,65
107601,Vikram Gupta,CSE,4,7.5,36.44,50
107602,Sneha Joshi,ECE,6,8.5,93.67,85
107603,Rohan Verma,EEE,3,6.0,72.54,75
107604,Aarav Rao,EEE,5,8.5,7.51,85
107605,Isha Kumar,ECE,8,6.0,19.6,65
107606,Aditya Gupta,ME,7,6.0,76.96,65
107607,Aditya Reddy,ME,8,9.0,58.36,85
107608,Sneha Jha,CE,1,9.0,56.07,50
107609,Aarav Reddy,CE,7,7.5,86.43,65
107610,Ananya Kumar,EEE,1,6.0,13.73,75
107611,Vikram Joshi,CE,1,8.5,16.57,75
107612,Vikram Rao,CE,6,7.5,72.95,75
107613,Kabir Reddy,CE,1,7.5,62.81,95
107614,Aditya Gupta,EEE,6,8.0,29.58,65
107615,Rohan Jha,ME,1,9.0,62.96,85
107616,Aarav Rao,ECE,3,7.5,10.99,65
107617,Priya Joshi,CSE,3,7.5,67.2,65
107618,Kabir Reddy,ECE,8,6.0,32.42,85
107619,Ananya Patel,EEE,8,6.0,85.3,75
107620,Ananya Kumar,CSE,3,6.0,94.78,85
107621,Sneha Joshi,EEE,4,8.0,54.62,85
107622,Priya Kumar,EEE,5,9.0,62.73,50
107623,Diya Verma,CE,6,8.0,34.82,85
107624,Diya Kumar,ECE,3,9.0,47.35,95
107625,Sneha Verma,ECE,1,8.0,4.42,50
107626,Ananya Jha,ME,8,7.5,6.33,85
107627,Kabir Rao,CE,4,8.0,85.06,65
107628,Aditya Rao,CSE,1,9.0,0.29,95
107629,Sneha Rao,CE,2,8.5,45.23,95
107630,Kabir Sharma,CSE,6,8.5,36.7,50
107631,Priya Patel,ME,6,8.0,27.26,65
107632,Aarav Patel,ECE,1,7.5,90.48,85
107633,Aditya Gupta,EEE,7,9.0,57.03,85
107634,Aditya Jha,ECE,6,8.5,70.61,85
107635,Ananya Kumar,CSE,1,9.0,45.8,50
107636,Isha Sharma,CE,7,6.0,2.96,85
107637,Vikram Verma,CE,5,9.0,76.04,85
107638,Rohan Joshi,ME,4,6.0,60.09,95
107639,Sneha Rao,ME,3,6.0,73.71,75
107640,Vikram Rao,EEE,3,8.5,41.59,85
107641,Ananya Kumar,CE,5,7.5,43.5,65
107642,Aditya Gupta,CE,7,7.5,1.08,50
107643,Priya Kumar,CSE,3,8.0,62.39,85
107644,Sneha Rao,CE,2,6.0,78.11,50
107645,Kabir Rao,ME,4,9.0,92.73,75
107646,Vikram Singh,ECE,8,7.5,86.66,85
107647,Kabir Rao,CSE,4,8.5,73.55,75
107648,Aditya Jha,CSE,2,7.5,8.86,65
107649,Ananya Verma,ECE,4,6.0,61.01,85
107650,Rohan Singh,ECE,2,8.5,16.64,85
107651,Isha Sharma,CE,2,7.5,50.32,95
107652,Diya Reddy,ECE,4,8.0,48.53,75
107653,Aarav Joshi,CSE,4,8.0,17.22,85
107654,Aarav Joshi,ECE,3,8.0,30.52,75
107655,Kabir Singh,ME,2,8.5,51.49,95
107656,Aditya Verma,CE,5,7.5,47.58,75
107657,Aarav Patel,ECE,6,8.0,59.12,65
107658,Rohan Joshi,ME,3,8.5,76.49,85
107659,Aarav Verma,EEE,4,6.0,78.53,95
107660,Isha Jha,ME,4,8.0,22.42,75
107661,Sneha Jha,EEE,3,6.0,80.68,85
107662,Isha Singh,ECE,4,9.0,52.06,85
107663,Vikram Joshi,ECE,3,8.5,62.82,50
107664,Rohan Rao,CE,7,6.0,99.93,50
107665,Rohan Verma,CSE,7,9.0,0.87,75
107666,Vikram Gupta,CSE,3,9.0,82.34,75
107667,Aarav Jha,CE,7,8.0,63.67,85
107668,Priya Reddy,ECE,3,8.0,69.61,95
107669,Sneha Sharma,CSE,2,6.0,25.63,65
107670,Vikram Joshi,EEE,6,8.0,13.26,85
107671,Ananya Joshi,ME,5,8.5,66.86,85
107672,Diya Patel,EEE,8,6.0,29.47,50
107673,Aarav Patel,CE,5,8.0,30.66,85
107674,Ananya Jha,ME,7,8.0,25.71,50
107675,Kabir Reddy,ME,2,8.0,30.11,95
107676,Vikram Kumar,CE,5,8.5,79.82,65
107677,Sneha Gupta,ME,3,8.0,51.16,65
107678,Aditya Reddy,ME,7,7.5,1.72,65
107679,Diya Singh,CSE,5,8.0,8.22,65
107680,Kabir Gupta,CSE,4,9.0,9.79,85
107681,Vikram Rao,EEE,8,6.0,52.69,95
107682,Priya Jha,CE,8,6.0,13.25,85
107683,Isha Verma,ME,5,7.5,16.32,50
107684,Rohan Kumar,CSE,4,8.0,67.74,65
107685,Ananya Gupta,ME,8,6.0,22.96,95
107686,Rohan Sharma,CE,5,6.0,59.92,65
107687,Priya Jha,CSE,1,6.0,23.62,85
107688,Diya Rao,EEE,8,9.0,20.97,50
107689,Rohan Verma,CSE,6,9.0,18.92,65
107690,Isha Kumar,ME,3,8.5,94.42,95
107691,Ananya Joshi,EEE,5,6.0,77.09,65
107692,Ananya Sharma,EEE,6,8.0,56.39,95
107693,Diya Joshi,CSE,2,9.0,79.9,85
107694,Diya Patel,ECE,2,6.0,88.88,65
107695,Priya Patel,ECE,1,8.5,18.97,65
107696,Diya Kumar,ME,4,9.0,19.55,95
107697,Diya Jha,CSE,8,8.5,1.26,65
107698,Diya Singh,ECE,5,8.0,77.52,50
107699,Aarav Sharma,EEE,2,6.0,96.58,65
107700,Priya Verma,CE,4,8.0,29.34,65
107701,Aarav Joshi,CE,3,7.5,48.01,75
107702,Diya Sharma,CE,2,6.0,8.36,75
107703,Sneha Jha,EEE,7,6.0,98.47,75
107704,Rohan Patel,CSE,3,9.0,16.28,50
107705,Kabir Rao,ME,3,6.0,44.07,65
107706,Diya Verma,ME,3,9.0,54.04,50
107707,Ananya Rao,CE,8,9.0,35.68,50
107708,Vikram Kumar,CSE,2,9.0,4.83,50
107709,Kabir Patel,CSE,3,7.5,38.99,85
107710,Rohan Singh,CSE,7,9.0,84.36,85
107711,Ananya Sharma,CSE,1,7.5,86.03,75
107712,Aditya Kumar,CE,5,6.0,77.87,85
107713,Priya Joshi,ME,8,8.0,81.7,65
107714,Aditya Patel,ME,2,7.5,22.69,85
107715,Rohan Verma,ECE,2,8.0,19.2,75
107716,Isha Gupta,ME,2,9.0,59.58,95
107717,Aarav Singh,CSE,1,8.0,15.29,50
107718,Aarav Kumar,CSE,7,6.0,67.34,50
107719,Rohan Kumar,ECE,3,6.0,32.6,65
107720,Sneha Patel,CE,7,6.0,7.69,50
107721,Ananya Patel,ME,6,7.5,95.22,65
107722,Priya Reddy,ME,4,8.0,74.79,50
107723,Rohan Singh,CE,3,8.5,25.56,95
107724,Isha Reddy,ECE,3,6.0,69.8,75
107725,Ananya Jha,ME,8,7.5,27.75,85
107726,Sneha Gupta,ECE,5,8.5,17.07,65
107727,Sneha Rao,CE,5,7.5,14.73,85
107728,Diya Jha,EEE,1,8.0,22.94,95
107729,Diya Reddy,CSE,4,7.5,75.07,75
107730,Diya Jha,ECE,2,9.0,4.64,85
107731,Vikram Kumar,ECE,6,8.0,9.19,75
107732,Sneha Patel,ECE,5,7.5,34.73,75
107733,Kabir Singh,CE,1,8.0,41.59,95
107734,Aarav Joshi,EEE,4,8.5,71.83,95
107735,Sneha Joshi,ECE,7,8.5,26.29,95
107736,Isha Kumar,EEE,8,9.0,77.19,85
107737,Isha Patel,ECE,6,7.5,92.2,65
107738,Diya Sharma,ME,4,7.5,16.76,95
107739,Sneha Reddy,EEE,5,8.5,49.47,85
107740,Aditya Kumar,CSE,8,8.0,64.09,65
107741,Isha Gupta,ME,4,9.0,51.16,85
107742,Aditya Sharma,EEE,7,8.0,52.24,65
107743,Diya Patel,ME,2,7.5,95.42,75
107744,Priya Gupta,ME,7,8.0,64.57,50
107745,Diya Rao,EEE,3,8.5,17.11,75
107746,Ananya Sharma,CSE,3,7.5,62.27,95
107747,Diya Reddy,ECE,6,8.5,76.64,85
107748,Sneha Jha,CSE,6,8.5,18.11,75
107749,Priya Reddy,CSE,4,7.5,2.01,85
107750,Kabir Reddy,ME,2,7.5,48.24,50
107751,Diya Patel,CSE,1,6.0,49.31,65
107752,Aarav Reddy,EEE,4,8.5,73.0,65
107753,Aditya Rao,ME,1,8.0,9.14,95
107754,Priya Sharma,ECE,8,6.0,45.99,50
107755,Kabir Reddy,CE,1,8.5,47.61,95
107756,Priya Jha,ECE,2,6.0,80.2,65
107757,Isha Kumar,EEE,3,8.0,41.38,85
107758,Ananya Sharma,CSE,7,8.0,91.21,85
107759,Isha Patel,CSE,1,8.5,46.19,50
107760,Aditya Singh,ECE,6,8.5,68.91,85
107761,Vikram Verma,EEE,1,6.0,0.32,65
107762,Priya Jha,CSE,1,6.0,82.93,75
107763,Aarav Gupta,ECE,3,8.5,16.93,75
107764,Aditya Singh,EEE,1,8.0,84.49,75
107765,Ananya Verma,EEE,2,6.0,56.63,50
107766,Diya Verma,CSE,7,8.0,43.64,95
107767,Isha Verma,CSE,2,7.5,30.49,65
107768,Vikram Singh,ECE,3,8.0,36.28,85
107769,Vikram Patel,ECE,6,9.0,38.61,95
107770,Isha Gupta,CSE,2,7.5,48.47,50
107771,Rohan Kumar,ME,5,9.0,59.51,75
107772,Sneha Sharma,ECE,5,8.0,15.67,85
107773,Ananya Joshi,ECE,6,8.0,26.34,75
107774,Aarav Kumar,CE,6,7.5,97.09,50
107775,Rohan Patel,ECE,5,8.5,13.83,50
107776,Priya Kumar,ECE,4,8.5,46.29,85
107777,Kabir Joshi,CE,8,9.0,84.39,65
107778,Rohan Sharma,ECE,1,8.5,69.02,85
107779,Rohan Sharma,ECE,2,8.5,41.53,50
107780,Isha Patel,ME,3,8.5,74.56,95
107781,Aarav Jha,ECE,1,8.5,83.41,95
107782,Diya Reddy,ECE,1,8.5,91.45,95
107783,Vikram Jha,CE,3,9.0,3.16,65
107784,Diya Reddy,ME,2,9.0,63.74,85
107785,Isha Verma,CE,5,7.5,59.54,50
107786,Sneha Joshi,ME,5,9.0,34.42,65
107787,Ananya Singh,CE,2,8.0,25.47,65
107788,Aditya Rao,ECE,3,9.0,84.89,50
107789,Priya Gupta,ECE,8,6.0,42.62,75
107790,Kabir Joshi,ME,3,8.0,30.51,65
107791,Kabir Reddy,ME,6,6.0,64.76,85
107792,Aarav Sharma,ECE,2,8.5,23.37,50
107793,Sneha Rao,ME,6,8.0,20.12,50
107794,Rohan Singh,ECE,4,8.0,95.64,95
107795,Priya Singh,ME,7,7.5,80.91,65
107796,Aditya Rao,CE,6,7.5,67.08,75
107797,Diya Gupta,CSE,4,6.0,61.47,85
107798,Ananya Singh,ECE,8,8.5,7.32,85
107799,Ananya Kumar,CE,8,6.0,9.93,85
107800,Ananya Verma,CSE,6,8.0,52.83,50
107801,Vikram Gupta,ECE,2,8.5,60.96,75
107802,Aditya Verma,CSE,6,8.5,87.53,65
107803,Sneha Sharma,EEE,2,8.5,89.84,95
107804,Sneha Sharma,ME,8,9.0,60.55,85
107805,Rohan Verma,ME,2,8.5,93.85,65
107806,Ananya Sharma,CSE,5,9.0,1.51,50
107807,Isha Jha,ECE,3,6.0,67.73,65
107808,Vikram Rao,ME,3,7.5,41.31,50
107809,Aditya Sharma,EEE,3,7.5,19.77,85
107810,Vikram Jha,CE,4,8.0,10.05,95
107811,Priya Verma,CSE,8,8.5,85.95,95
107812,Isha Verma,ME,2,6.0,97.68,85
107813,Vikram Patel,ECE,4,8.5,37.64,85
107814,Vikram Verma,ME,4,8.5,20.18,85
107815,Aditya Verma,CE,8,8.0,72.42,95
107816,Aditya Rao,ME,5,7.5,35.58,50
107817,Isha Patel,ECE,5,7.5,33.6,50
107818,Diya Jha,ECE,5,7.5,60.71,95
107819,Aditya Rao,EEE,3,8.5,79.76,95
107820,Sneha Patel,CSE,5,8.0,2.13,75
107821,Kabir Rao,EEE,7,7.5,76.11,95
107822,Isha Joshi,ME,5,8.5,56.59,75
107823,Aarav Kumar,CE,7,9.0,12.81,95
107824,Vikram Rao,ECE,4,7.5,33.84,95
107825,Aarav Sharma,ECE,6,9.0,94.23,95
107826,Sneha Gupta,ME,7,8.5,45.44,50
107827,Priya Verma,ECE,6,6.0,36.22,65
107828,Isha Sharma,CSE,4,9.0,73.81,75
107829,Ananya Jha,ME,2,8.0,66.7,75
107830,Aditya Singh,CE,3,7.5,83.23,75
107831,Rohan Verma,ME,2,6.0,57.91,75
107832,Priya Joshi,CE,8,8.0,93.18,50
107833,Sneha Rao,ECE,6,8.5,66.9,65
107834,Diya Verma,CSE,6,8.0,27.86,75
107835,Rohan Kumar,CE,3,9.0,48.39,50
107836,Vikram Patel,ECE,4,9.0,43.05,50
107837,Rohan Sharma,EEE,3,8.5,42.07,95
107838,Isha Joshi,ME,3,8.5,47.21,95
107839,Ananya Kumar,ECE,7,8.5,79.02,85
107840,Diya Jha,ME,1,7.5,37.55,95
107841,Ananya Gupta,EEE,6,9.0,73.82,85
107842,Sneha Rao,ME,5,7.5,28.56,85
107843,Priya Singh,CSE,2,6.0,38.15,75
107844,Aditya Kumar,ME,1,6.0,74.85,50
107845,Ananya Joshi,CSE,7,6.0,65.63,65
107846,Priya Reddy,ECE,3,8.0,36.93,65
107847,Aditya Kumar,ECE,3,8.0,8.9,95
107848,Vikram Verma,ECE,1,7.5,73.47,95
107849,Diya Joshi,CE,2,9.0,29.1,75
107850,Sneha Patel,ME,4,7.5,46.42,75
107851,Sneha Jha,CE,8,9.0,12.11,50
107852,Vikram Kumar,CSE,4,6.0,24.45,50
107853,Rohan Kumar,ECE,4,9.0,19.69,85
107854,Isha Kumar,CE,7,7.5,5.58,50
107855,Rohan Kumar,CSE,8,9.0,38.18,50
107856,Aarav Reddy,EEE,6,6.0,93.65,95
107857,Rohan Reddy,CSE,1,9.0,61.63,85
107858,Sneha Singh,ECE,7,7.5,25.46,65
107859,Ananya Patel,CSE,3,6.0,1.4,85
107860,Kabir Singh,EEE,7,8.5,51.48,75
107861,Sneha Rao,CE,1,9.0,88.19,65
107862,Rohan Sharma,EEE,8,8.5,63.22,65
107863,Aditya Verma,EEE,4,8.0,58.17,50
107864,Rohan Jha,CSE,2,6.0,57.57,50
107865,Aditya Verma,EEE,8,7.5,12.86,95
107866,Sneha Sharma,CSE,2,6.0,36.2,50
107867,Aarav Verma,EEE,1,8.5,43.1,50
107868,Sneha Gupta,ECE,7,9.0,59.71,75
107869,Sneha Gupta,EEE,4,9.0,10.74,85
107870,Vikram Kumar,CSE,8,7.5,20.09,50
107871,Ananya Rao,CE,5,6.0,11.57,95
107872,Rohan Jha,CE,3,7.5,34.46,75
107873,Priya Jha,CE,6,8.0,86.14,50
107874,Sneha Reddy,CE,6,9.0,21.45,95
107875,Isha Gupta,CE,2,7.5,25.18,65
107876,Priya Reddy,ECE,2,8.0,98.69,95
107877,Kabir Verma,ECE,6,7.5,20.17,65
107878,Aarav Jha,ME,7,7.5,96.12,75
107879,Sneha Jha,ME,5,8.5,31.53,50
107880,Kabir Joshi,ECE,2,8.0,88.89,75
107881,Priya Rao,EEE,3,6.0,12.71,75
107882,Sneha Joshi,EEE,8,6.0,27.95,75
107883,Sneha Sharma,ECE,2,7.5,20.8,95
107884,Vikram Kumar,CSE,7,8.0,41.81,75
107885,Vikram Singh,EEE,8,9.0,29.32,95
107886,Ananya Singh,ME,2,8.0,74.43,95
107887,Aditya Singh,ME,2,9.0,36.86,85
107888,Rohan Rao,EEE,8,6.0,38.24,50
107889,Rohan Sharma,CE,8,9.0,86.7,85
107890,Priya Singh,CE,8,9.0,48.7,50
107891,Kabir Verma,CSE,5,7.5,46.91,50
107892,Ananya Joshi,ECE,1,7.5,21.78,95
107893,Aarav Rao,ECE,6,8.5,51.11,95
107894,Ananya Jha,ECE,3,8.5,91.52,50
107895,Ananya Sharma,CE,7,6.0,90.11,95
107896,Sneha Verma,EEE,5,7.5,79.07,95
107897,Diya Jha,EEE,5,8.0,50.06,95
107898,Isha Rao,ME,8,8.5,47.71,75
107899,Kabir Rao,CSE,8,7.5,60.16,85
107900,Vikram Verma,EEE,1,6.0,58.89,65
107901,Priya Rao,ME,2,9.0,86.03,50
107902,Priya Gupta,CE,7,8.0,85.66,65
107903,Diya Rao,EEE,5,8.0,2.09,50
107904,Vikram Kumar,CSE,4,9.0,87.82,65
107905,Kabir Verma,CSE,5,8.5,3.93,75
107906,Vikram Kumar,CSE,4,8.5,17.78,50
107907,Kabir Rao,ME,8,9.0,24.87,95
107908,Diya Reddy,CSE,1,6.0,78.66,85
107909,Diya Gupta,EEE,8,8.0,77.28,75
107910,Aditya Reddy,EEE,8,7.5,14.35,65
107911,Diya Jha,CE,8,8.5,11.35,65
107912,Priya Kumar,ME,6,6.0,6.82,95
107913,Priya Verma,ME,4,6.0,91.61,50
107914,Priya Patel,EEE,6,9.0,92.98,50
107915,Aarav Sharma,EEE,6,8.5,4.25,65
107916,Aarav Gupta,ME,2,9.0,45.12,95
107917,Vikram Patel,ECE,4,6.0,72.28,65
107918,Ananya Singh,ME,3,9.0,29.24,50
107919,Isha Verma,EEE,8,8.0,39.35,50
107920,Isha Jha,EEE,5,6.0,96.18,75
107921,Diya Gupta,CSE,1,6.0,49.5,85
107922,Kabir Joshi,ECE,2,7.5,89.34,65
107923,Sneha Sharma,CE,7,6.0,22.49,75
107924,Aarav Patel,EEE,7,8.5,62.23,85
107925,Sneha Verma,EEE,7,8.5,48.14,65
107926,Sneha Jha,CSE,7,6.0,69.01,50
107927,Vikram Joshi,CE,3,9.0,92.31,50
107928,Isha Joshi,ME,8,8.5,67.61,75
107929,Ananya Gupta,CSE,4,8.5,65.57,50
107930,Ananya Jha,CE,8,9.0,86.27,50
107931,Aarav Sharma,ECE,3,8.0,57.74,95
107932,Rohan Patel,ME,6,8.0,50.58,65
107933,Priya Sharma,CSE,4,6.0,49.7,95
107934,Aarav Reddy,ME,7,9.0,34.05,85
107935,Kabir Rao,CSE,7,8.5,73.26,75
107936,Diya Joshi,CE,5,8.5,19.34,65
107937,Aarav Singh,EEE,3,6.0,55.29,95
107938,Aditya Jha,CSE,4,8.0,37.22,75
107939,Isha Joshi,ME,5,7.5,70.52,65
107940,Sneha Singh,CSE,3,8.5,95.33,65
107941,Priya Sharma,EEE,2,6.0,15.01,95
107942,Isha Kumar,CSE,5,6.0,16.36,65
107943,Kabir Singh,ME,1,8.5,83.83,50
107944,Sneha Jha,ECE,2,8.5,57.01,75
107945,Vikram Reddy,ECE,3,8.0,25.32,65
107946,Vikram Sharma,ECE,3,9.0,96.68,75
107947,Isha Verma,CSE,1,8.0,31.61,50
107948,Aditya Reddy,ME,2,7.5,65.52,85
107949,Diya Rao,CE,8,7.5,65.8,65
107950,Priya Rao,ECE,4,8.5,72.44,65
107951,Isha Reddy,EEE,4,7.5,79.65,85
107952,Diya Joshi,ECE,6,8.5,95.96,65
107953,Aditya Reddy,EEE,2,8.0,37.89,75
107954,Rohan Singh,ME,1,9.0,82.79,85
107955,Diya Singh,CE,8,7.5,63.18,85
107956,Ananya Rao,EEE,1,7.5,51.64,75
107957,Vikram Sharma,ECE,4,7.5,17.65,75
107958,Diya Kumar,CSE,7,7.5,99.76,65
107959,Vikram Reddy,ECE,2,8.5,44.95,85
107960,Isha Jha,EEE,7,8.0,67.07,95
107961,Diya Jha,CSE,2,6.0,4.54,85
107962,Diya Jha,ME,7,8.5,78.73,85
107963,Priya Singh,CSE,6,8.5,48.59,50
107964,Vikram Gupta,ME,3,9.0,5.53,85
107965,Priya Gupta,ME,8,8.0,38.95,75
107966,Aditya Joshi,ME,2,8.0,82.38,95
107967,Vikram Verma,ECE,3,7.5,2.14,75
107968,Sneha Jha,ECE,5,8.0,84.85,75
107969,Aditya Kumar,CE,3,9.0,66.05,75
107970,Sneha Sharma,CSE,8,6.0,92.87,85
107971,Kabir Singh,EEE,6,8.5,87.31,75
107972,Aarav Rao,EEE,7,7.5,68.68,75
107973,Diya Gupta,ME,6,9.0,92.98,65
107974,Kabir Rao,CSE,5,7.5,46.72,85
107975,Sneha Rao,CE,6,7.5,83.63,95
107976,Priya Reddy,ME,7,8.0,6.15,95
107977,Diya Rao,CE,8,9.0,16.07,85
107978,Vikram Patel,CE,2,8.5,32.38,50
107979,Priya Sharma,CSE,3,6.0,13.58,50
107980,Sneha Sharma,CE,7,8.0,98.36,95
107981,Isha Reddy,EEE,4,8.0,69.19,95
107982,Ananya Patel,ME,4,7.5,37.73,85
107983,Aarav Verma,CE,2,6.0,95.66,85
107984,Isha Kumar,CSE,1,9.0,61.19,50
107985,Diya Verma,ME,6,9.0,92.73,85
107986,Priya Rao,ECE,3,6.0,25.61,65
107987,Vikram Kumar,ECE,4,6.0,9.59,95
107988,Aditya Rao,ME,5,8.5,18.95,65
107989,Diya Rao,ME,2,9.0,40.2,75
107990,Priya Singh,CSE,4,9.0,31.68,50
107991,Sneha Rao,CSE,8,7.5,73.8,50
107992,Vikram Rao,ME,2,9.0,43.14,65
107993,Vikram Verma,CSE,3,6.0,48.47,85
107994,Aditya Verma,CSE,8,8.0,98.15,85
107995,Vikram Rao,EEE,4,6.0,14.53,65
107996,Sneha Gupta,EEE,8,9.0,80.54,95
107997,Diya Rao,EEE,7,7.5,57.63,85
107998,Aarav Gupta,EEE,5,9.0,14.45,75
107999,Sneha Sharma,ME,7,8.5,55.96,95
108000,Ananya Rao,CSE,3,8.5,5.34,50
108001,Aditya Kumar,EEE,7,6.0,61.33,75
108002,Ananya Joshi,ME,5,9.0,59.42,50
108003,Aditya Reddy,ME,5,8.0,62.22,65
108004,Isha Sharma,ME,5,9.0,30.61,65
108005,Aarav Kumar,CE,7,9.0,2.74,95
108006,Aarav Kumar,CE,1,9.0,99.93,50
108007,Vikram Verma,ME,1,9.0,13.85,85
108008,Priya Kumar,CSE,7,9.0,37.5,85
108009,Vikram Sharma,ME,1,8.5,61.76,75
108010,Sneha Kumar,CE,7,6.0,53.78,75
108011,Priya Jha,EEE,4,8.0,92.67,85
108012,Isha Patel,ECE,8,8.0,56.7,65
108013,Aarav Singh,ME,3,6.0,79.07,85
108014,Diya Reddy,CSE,2,8.5,45.56,65
108015,Kabir Jha,CSE,5,6.0,67.56,85
108016,Rohan Verma,CSE,2,9.0,58.09,50
108017,Vikram Reddy,ECE,4,7.5,19.21,95
108018,Aditya Verma,ECE,4,7.5,90.62,85
108019,Priya Verma,ME,6,7.5,24.99,95
108020,Aarav Singh,ME,7,9.0,19.61,50
108021,Aditya Jha,ME,3,9.0,41.68,95
108022,Aditya Reddy,CE,1,9.0,95.84,95
108023,Aarav Sharma,CSE,6,9.0,57.58,75
108024,Priya Joshi,CSE,6,7.5,37.25,85
108025,Ananya Kumar,ME,4,8.5,98.75,75
108026,Sneha Jha,EEE,2,8.5,4.93,85
108027,Isha Rao,ME,2,9.0,87.99,65
108028,Ananya Kumar,CSE,5,6.0,40.63,75
108029,Diya Kumar,ME,2,8.0,3.55,50
108030,Sneha Reddy,ECE,7,6.0,53.63,75
108031,Kabir Kumar,ME,4,9.0,63.38,65
108032,Priya Jha,CE,7,8.5,60.45,95
108033,Diya Rao,CSE,3,8.0,27.55,95
108034,Rohan Singh,EEE,2,9.0,18.1,85
108035,Vikram Patel,EEE,5,6.0,10.77,50
108036,Vikram Verma,ME,7,8.0,54.87,75
108037,Vikram Singh,ME,1,7.5,75.19,75
108038,Ananya Kumar,CSE,4,6.0,97.85,95
108039,Vikram Verma,CSE,8,9.0,16.39,85
108040,Kabir Jha,ECE,5,9.0,97.8,95
108041,Priya Jha,ECE,3,6.0,62.06,75
108042,Ananya Jha,CE,2,8.0,97.2,50
108043,Aditya Gupta,ECE,6,8.5,34.11,85
108044,Kabir Singh,CSE,4,9.0,75.13,95
108045,Isha Patel,CSE,8,8.0,27.39,65
108046,Priya Rao,CE,3,9.0,41.99,95
108047,Isha Kumar,CE,6,8.0,58.98,50
108048,Vikram Verma,EEE,4,9.0,26.25,50
108049,Ananya Verma,EEE,1,9.0,26.07,50
108050,Ananya Rao,ECE,5,8.0,92.19,95
108051,Vikram Singh,ME,5,9.0,96.28,65
108052,Ananya Jha,CSE,7,8.0,91.01,50
108053,Kabir Kumar,ECE,4,7.5,96.04,85
108054,Aarav Verma,ME,7,8.0,27.61,65
108055,Ananya Reddy,ME,2,9.0,47.4,85
108056,Isha Reddy,EEE,5,9.0,61.91,50
108057,Kabir Verma,CE,2,8.0,0.58,95
108058,Diya Kumar,CE,2,8.5,29.91,65
108059,Ananya Patel,EEE,6,6.0,58.24,85
108060,Sneha Kumar,EEE,4,8.5,85.75,85
108061,Aditya Sharma,CE,3,9.0,42.63,50
108062,Aditya Sharma,EEE,5,6.0,52.05,95
108063,Vikram Joshi,ME,3,9.0,71.35,50
108064,Aarav Rao,EEE,1,7.5,1.75,50
108065,Vikram Patel,ME,6,8.0,2.19,85
108066,Vikram Sharma,ME,6,8.0,12.44,75
108067,Diya Sharma,EEE,2,6.0,47.94,50
108068,Aarav Sharma,ECE,8,6.0,37.76,65
108069,Rohan Jha,ECE,3,6.0,49.62,85
108070,Diya Kumar,CSE,5,9.0,14.61,95
108071,Vikram Sharma,ME,1,8.5,23.38,65
108072,Sneha Gupta,ECE,7,6.0,65.69,65
108073,Kabir Rao,ECE,1,9.0,81.62,65
108074,Priya Rao,CE,4,7.5,84.35,95
108075,Priya Kumar,EEE,7,6.0,42.08,85
108076,Vikram Sharma,CSE,8,8.0,25.53,50
108077,Sneha Verma,ME,4,8.0,85.25,65
108078,Ananya Verma,EEE,2,8.0,43.42,65
108079,Kabir Sharma,ECE,6,7.5,88.52,95
108080,Vikram Sharma,CSE,7,8.0,75.25,65
108081,Rohan Gupta,ECE,5,9.0,85.09,65
108082,Diya Singh,EEE,6,9.0,30.06,75
108083,Diya Gupta,ECE,6,6.0,48.26,85
108084,Sneha Gupta,EEE,5,8.0,45.84,75
108085,Sneha Kumar,CSE,3,7.5,77.69,65
108086,Diya Kumar,CE,4,9.0,42.82,75
108087,Vikram Kumar,CE,1,8.0,73.52,65
108088,Rohan Gupta,CSE,4,8.0,76.02,85
108089,Aditya Jha,ME,4,9.0,68.03,95
108090,Rohan Verma,ME,5,8.0,21.45,50
108091,Kabir Kumar,CE,5,9.0,52.64,85
108092,Priya Rao,CE,4,7.5,12.72,75
108093,Sneha Patel,ECE,1,8.5,19.23,50
108094,Priya Kumar,ECE,2,9.0,49.02,95
108095,Kabir Reddy,CE,1,7.5,43.26,95
108096,Diya Rao,ECE,5,8.0,96.25,65
108097,Sneha Reddy,CSE,1,7.5,66.45,65
108098,Aarav Singh,CSE,3,7.5,10.26,50
108099,Priya Rao,ME,6,9.0,9.65,75
108100,Diya Joshi,ECE,3,6.0,55.55,65
108101,Ananya Patel,ECE,3,6.0,23.07,75
108102,Vikram Gupta,CSE,5,8.0,20.29,95
108103,Ananya Kumar,CSE,5,8.5,83.47,95
108104,Isha Joshi,CE,8,9.0,80.98,85
108105,Ananya Verma,ME,2,6.0,42.27,95
108106,Rohan Singh,ECE,7,8.5,35.53,75
108107,Vikram Rao,CSE,4,8.5,38.69,85
108108,Diya Singh,CSE,1,8.0,85.28,50
108109,Ananya Rao,CE,4,9.0,70.32,50
108110,Sneha Patel,ME,6,8.5,96.7,50
108111,Isha Reddy,ECE,7,8.0,18.22,65
108112,Sneha Reddy,ME,1,8.0,58.33,85
108113,Diya Rao,EEE,7,7.5,97.82,50
108114,Sneha Sharma,CE,7,6.0,56.9,95
108115,Diya Rao,EEE,4,7.5,95.07,65
108116,Ananya Rao,ME,8,7.5,11.77,50
108117,Ananya Rao,CSE,1,6.0,9.1,50
108118,Ananya Jha,ME,7,8.0,89.86,50
108119,Priya Kumar,ECE,4,9.0,47.35,65
108120,Aditya Rao,EEE,7,8.0,43.45,95
108121,Aditya Kumar,EEE,5,8.5,8.89,50
108122,Ananya Sharma,CE,6,6.0,75.45,75
108123,Diya Patel,CE,4,6.0,93.49,85
108124,Sneha Patel,ECE,2,7.5,35.37,75
108125,Ananya Sharma,ECE,1,8.0,77.25,75
108126,Sneha Rao,CE,1,8.5,62.96,95
108127,Sneha Joshi,CE,8,9.0,98.87,75
108128,Kabir Singh,ME,3,6.0,26.17,75
108129,Sneha Gupta,CSE,3,8.0,86.98,85
108130,Vikram Sharma,CE,3,8.0,76.13,85
108131,Diya Joshi,CSE,1,7.5,4.78,75
108132,Diya Rao,CSE,6,8.0,96.41,95
108133,Ananya Patel,CSE,6,8.5,55.84,95
108134,Ananya Singh,ME,8,8.0,71.52,85
108135,Vikram Singh,CE,5,8.5,18.26,85
108136,Kabir Jha,ECE,6,6.0,68.93,85
108137,Diya Gupta,ME,6,7.5,92.82,75
108138,Aarav Patel,ECE,5,8.0,95.44,85
108139,Kabir Patel,ECE,6,8.5,92.91,95
108140,Vikram Joshi,ME,3,9.0,81.31,85
108141,Aditya Gupta,CSE,2,7.5,54.89,65
108142,Rohan Patel,CE,7,6.0,25.97,50
108143,Aditya Sharma,EEE,8,9.0,0.8,85
108144,Isha Rao,CSE,7,8.0,35.79,85
108145,Sneha Rao,CSE,2,8.0,64.94,65
108146,Ananya Jha,CSE,3,6.0,35.03,75
108147,Priya Jha,EEE,8,8.0,38.93,65
108148,Priya Jha,CE,6,8.5,18.01,50
108149,Priya Jha,CSE,8,8.5,68.47,75
108150,Priya Singh,ECE,1,8.5,92.5,50
108151,Sneha Reddy,EEE,7,7.5,76.35,50
108152,Priya Singh,CSE,2,8.0,59.48,65
108153,Priya Rao,ME,5,9.0,41.23,85
108154,Priya Verma,ME,5,9.0,1.76,65
108155,Aarav Singh,ME,2,8.5,35.58,50
108156,Sneha Singh,CE,7,9.0,20.72,65
108157,Vikram Singh,ME,2,9.0,30.15,65
108158,Rohan Joshi,ECE,4,8.5,32.51,95
108159,Kabir Joshi,ME,3,7.5,59.56,50
108160,Diya Rao,ECE,5,8.5,40.63,75
108161,Isha Kumar,EEE,4,6.0,22.12,75
108162,Ananya Rao,CE,1,8.5,38.76,75
108163,Vikram Patel,CSE,3,8.5,69.21,50
108164,Ananya Kumar,ME,1,9.0,26.13,85
108165,Aditya Singh,CSE,8,8.0,1.45,50
108166,Priya Gupta,CE,1,8.0,65.07,50
108167,Ananya Patel,CSE,1,8.5,12.54,75
108168,Vikram Singh,CE,5,8.0,93.26,50
108169,Ananya Gupta,CE,5,6.0,94.11,50
108170,Vikram Jha,CE,8,8.0,43.35,95
108171,Kabir Reddy,CE,3,8.0,51.38,95
108172,Priya Sharma,CSE,4,7.5,13.26,50
108173,Aditya Joshi,ECE,2,9.0,0.12,75
108174,Vikram Jha,CSE,7,8.5,85.67,50
108175,Diya Verma,EEE,6,9.0,73.47,85
108176,Vikram Verma,CE,1,8.0,54.47,50
108177,Sneha Gupta,CE,1,8.5,51.54,75
108178,Rohan Joshi,CE,6,8.0,7.16,85
108179,Ananya Sharma,EEE,7,9.0,67.24,75
108180,Diya Gupta,EEE,4,9.0,33.73,95
108181,Aditya Rao,CSE,6,8.0,4.33,75
108182,Aarav Singh,CSE,4,7.5,74.84,95
108183,Ananya Verma,ECE,1,8.5,21.26,85
108184,Rohan Singh,EEE,6,7.5,83.24,50
108185,Ananya Gupta,EEE,3,6.0,3.52,95
108186,Rohan Singh,CSE,4,9.0,73.6,85
108187,Priya Singh,EEE,6,8.0,69.87,95
108188,Diya Rao,CE,8,8.0,24.36,75
108189,Isha Rao,ECE,8,7.5,46.78,50
108190,Aditya Gupta,ECE,7,9.0,55.14,75
108191,Rohan Gupta,EEE,7,9.0,75.8,50
108192,Sneha Verma,ME,5,7.5,79.62,95
108193,Sneha Jha,ME,4,8.0,40.29,50
108194,Vikram Joshi,CSE,5,9.0,97.36,50
108195,Kabir Rao,EEE,2,8.0,70.3,85
108196,Aarav Gupta,EEE,2,8.5,1.01,50
108197,Aditya Patel,ECE,4,9.0,99.97,85
108198,Diya Joshi,CSE,2,8.5,63.3,65
108199,Vikram Singh,ECE,1,6.0,99.57,95
108200,Kabir Rao,ME,1,8.0,28.29,85
108201,Isha Verma,EEE,3,7.5,88.68,85
108202,Rohan Joshi,ME,5,7.5,11.15,65
108203,Vikram Verma,CE,4,9.0,96.16,65
108204,Kabir Sharma,EEE,6,8.0,11.47,50
108205,Vikram Singh,ECE,4,8.0,19.58,50
108206,Sneha Jha,ME,2,7.5,47.58,75
108207,Rohan Reddy,ME,5,6.0,32.63,50
108208,Aditya Singh,EEE,6,8.5,43.16,75
108209,Isha Joshi,CSE,2,9.0,78.74,85
108210,Vikram Reddy,EEE,5,6.0,10.64,65
108211,Rohan Rao,CSE,2,8.5,88.74,75
108212,Ananya Kumar,EEE,6,6.0,83.91,65
108213,Sneha Joshi,CSE,2,8.0,5.32,75
108214,Vikram Sharma,ECE,4,6.0,37.07,95
108215,Diya Reddy,EEE,3,9.0,1.47,75
108216,Kabir Sharma,EEE,2,6.0,69.32,95
108217,Vikram Singh,CSE,7,6.0,38.25,85
108218,Rohan Jha,CSE,7,8.0,18.01,95
108219,Aditya Joshi,ME,8,8.5,68.64,85
108220,Ananya Joshi,CSE,4,7.5,53.18,95
108221,Isha Jha,CSE,6,8.5,1.26,95
108222,Kabir Jha,ECE,1,8.5,55.48,75
108223,Aditya Gupta,CSE,4,6.0,7.86,85
108224,Aditya Gupta,ME,2,9.0,30.09,65
108225,Aarav Patel,ME,5,9.0,46.44,75
108226,Diya Patel,ECE,6,7.5,22.11,75
108227,Aarav Sharma,CSE,8,7.5,72.01,85
108228,Priya Singh,ME,6,8.0,25.83,85
108229,Sneha Verma,CSE,4,6.0,21.45,75
108230,Vikram Reddy,CSE,8,8.5,70.28,75
108231,Vikram Reddy,EEE,5,8.5,31.08,50
108232,Aditya Gupta,CSE,8,8.5,30.95,65
108233,Ananya Joshi,CSE,7,8.5,60.44,85
108234,Kabir Patel,ME,1,6.0,43.99,75
108235,Isha Jha,ECE,2,8.5,78.05,95
108236,Priya Reddy,ECE,1,8.5,58.29,65
108237,Aarav Patel,EEE,5,9.0,47.71,65
108238,Rohan Singh,CSE,1,6.0,5.59,85
108239,Vikram Joshi,CE,4,6.0,13.42,95
108240,Aditya Kumar,EEE,4,9.0,51.36,95
108241,Aarav Patel,CE,1,6.0,92.82,95
108242,Isha Verma,ECE,7,7.5,96.14,50
108243,Kabir Verma,CE,6,9.0,41.96,65
108244,Sneha Jha,CSE,2,9.0,14.03,65
108245,Aarav Verma,EEE,1,9.0,62.6,85
108246,Diya Singh,ME,7,7.5,58.97,75
108247,Vikram Gupta,ME,6,8.0,46.04,65
108248,Sneha Sharma,ECE,4,7.5,82.48,75
108249,Aditya Patel,EEE,1,9.0,41.78,85
108250,Vikram Joshi,ECE,1,9.0,20.42,95
108251,Rohan Rao,EEE,8,8.5,21.69,50
108252,Aarav Verma,ECE,4,7.5,54.41,65
108253,Aarav Rao,CSE,5,6.0,24.73,65
108254,Sneha Joshi,ME,1,8.0,30.4,75
108255,Vikram Kumar,CSE,3,8.5,45.01,75
108256,Aarav Rao,CSE,6,6.0,14.3,85
108257,Diya Rao,CSE,5,6.0,39.49,85
108258,Diya Rao,CSE,4,8.5,42.0,95
108259,Aditya Joshi,ECE,7,8.0,58.68,75
108260,Ananya Reddy,ECE,7,9.0,67.18,75
108261,Ananya Jha,CE,6,9.0,41.1,65
108262,Diya Patel,ECE,7,6.0,35.75,85
108263,Aditya Rao,CE,2,8.0,26.48,50
108264,Rohan Patel,ME,3,7.5,75.22,95
108265,Aarav Kumar,CSE,8,9.0,33.8,50
108266,Vikram Gupta,ME,5,8.0,53.43,75
108267,Aditya Joshi,CE,8,8.0,59.17,65
108268,Aarav Verma,ECE,2,7.5,20.09,95
108269,Aarav Jha,ME,2,9.0,16.82,85
108270,Priya Patel,EEE,5,8.0,98.49,65
108271,Rohan Joshi,CSE,5,8.0,39.04,85
108272,Isha Joshi,CE,4,8.5,84.07,65
108273,Rohan Singh,CE,3,9.0,22.72,85
108274,Aditya Rao,CSE,4,6.0,77.66,50
108275,Vikram Joshi,ME,4,8.5,17.86,50
108276,Aarav Rao,ME,5,7.5,38.7,95
108277,Ananya Jha,CE,4,8.5,90.26,50
108278,Aarav Rao,EEE,2,9.0,72.11,65
108279,Aditya Patel,CE,8,9.0,46.54,95
108280,Diya Kumar,CSE,2,7.5,21.54,50
108281,Vikram Gupta,ME,8,8.5,13.3,85
108282,Diya Sharma,ECE,1,7.5,75.81,65
108283,Sneha Kumar,CSE,1,8.0,76.52,50
108284,Kabir Verma,ME,7,8.5,83.34,75
108285,Priya Sharma,ME,8,8.5,49.69,85
108286,Rohan Gupta,CSE,3,7.5,31.93,95
108287,Rohan Joshi,ECE,1,8.5,45.95,95
108288,Priya Jha,CE,1,6.0,66.5,75
108289,Aarav Singh,ECE,5,8.5,60.78,50
108290,Rohan Singh,CE,8,6.0,42.04,85
108291,Diya Patel,CE,7,7.5,32.52,50
108292,Kabir Verma,ME,5,8.5,64.95,75
108293,Diya Joshi,EEE,1,8.5,44.13,65
108294,Kabir Reddy,ME,6,8.5,43.9,95
108295,Vikram Patel,ME,2,7.5,58.18,65
108296,Rohan Jha,EEE,4,7.5,53.82,95
108297,Diya Joshi,ME,2,7.5,14.44,65
108298,Aditya Jha,ECE,6,6.0,55.08,65
108299,Aditya Reddy,ECE,5,8.0,6.8,85
108300,Aditya Jha,CE,8,8.5,94.08,85
108301,Priya Rao,CE,2,8.5,99.77,85
108302,Ananya Joshi,EEE,8,7.5,99.79,85
108303,Isha Jha,EEE,7,9.0,87.49,95
108304,Aditya Joshi,EEE,7,9.0,71.46,95
108305,Rohan Sharma,ME,1,6.0,84.14,50
108306,Aditya Patel,CE,3,9.0,6.97,75
108307,Kabir Reddy,ME,2,7.5,40.47,95
108308,Ananya Kumar,ECE,2,8.0,29.31,95
108309,Priya Joshi,ECE,8,8.0,53.16,50
108310,Vikram Joshi,CE,6,8.0,92.07,95
108311,Vikram Reddy,CSE,2,8.5,79.99,95
108312,Sneha Rao,ECE,7,9.0,10.7,50
108313,Sneha Kumar,ECE,3,7.5,7.78,65
108314,Kabir Reddy,ME,6,7.5,65.81,50
108315,Diya Kumar,CE,8,7.5,96.81,75
108316,Sneha Verma,CE,4,9.0,94.07,75
108317,Rohan Jha,CSE,2,8.0,8.07,65
108318,Aarav Gupta,CSE,5,7.5,5.15,95
108319,Aditya Patel,CE,6,9.0,33.29,50
108320,Isha Singh,ME,4,7.5,18.05,65
108321,Ananya Singh,ECE,2,8.0,82.33,65
108322,Vikram Reddy,EEE,5,8.5,24.9,50
108323,Aditya Sharma,EEE,5,8.0,51.59,75
108324,Isha Singh,ECE,8,7.5,51.05,95
108325,Sneha Reddy,ECE,8,6.0,64.78,75
108326,Aarav Gupta,ME,5,6.0,61.02,75
108327,Sneha Rao,EEE,1,9.0,37.96,95
108328,Diya Patel,CE,4,8.0,81.64,65
108329,Vikram Patel,CE,6,8.5,53.19,85
108330,Diya Joshi,CE,3,9.0,26.79,65
108331,Vikram Singh,CSE,3,8.0,68.43,50
108332,Aarav Rao,ECE,8,8.0,24.57,85
108333,Aarav Rao,EEE,2,8.5,14.32,75
108334,Rohan Verma,ME,2,6.0,64.54,75
108335,Sneha Verma,ECE,7,8.5,3.2,65
108336,Ananya Reddy,ME,3,9.0,48.86,65
108337,Aditya Jha,CE,8,9.0,61.45,65
108338,Aarav Singh,ECE,3,7.5,43.09,65
108339,Priya Patel,CE,5,8.5,42.62,85
108340,Aditya Patel,CE,5,9.0,21.92,50
108341,Aarav Singh,ECE,4,9.0,54.48,85
108342,Sneha Patel,ECE,8,8.5,95.86,65
108343,Priya Sharma,ME,6,6.0,7.72,75
108344,Kabir Kumar,EEE,7,7.5,13.86,85
108345,Ananya Gupta,CSE,3,6.0,98.04,85
108346,Aditya Rao,EEE,4,8.5,16.84,85
108347,Aarav Jha,EEE,2,8.5,12.76,75
108348,Sneha Jha,CSE,7,8.5,5.85,85
108349,Diya Gupta,ME,5,7.5,81.81,50
108350,Isha Kumar,EEE,8,7.5,23.06,75
108351,Sneha Reddy,EEE,8,8.5,67.38,85
108352,Kabir Gupta,CE,5,6.0,72.52,95
108353,Priya Rao,ME,7,8.0,37.12,75
108354,Ananya Sharma,EEE,1,8.5,34.62,95
108355,Sneha Joshi,CE,3,8.5,68.13,95
108356,Isha Kumar,CSE,3,9.0,7.09,75
108357,Vikram Patel,ECE,2,8.0,17.3,50
108358,Isha Gupta,EEE,1,6.0,43.47,75
108359,Kabir Rao,CE,1,8.5,62.5,95
108360,Diya Rao,CSE,2,8.5,40.47,65
108361,Kabir Singh,ECE,6,8.5,18.89,65
108362,Aarav Gupta,CSE,2,8.0,88.27,85
108363,Isha Sharma,CSE,1,9.0,87.2,95
108364,Rohan Sharma,ME,4,8.5,16.68,85
108365,Diya Singh,EEE,6,6.0,76.63,85
108366,Diya Joshi,CSE,5,9.0,7.09,65
108367,Ananya Sharma,CSE,5,9.0,53.65,85
108368,Isha Kumar,EEE,2,9.0,90.46,95
108369,Diya Sharma,CE,7,9.0,73.62,50
108370,Aditya Joshi,ME,8,9.0,77.88,65
108371,Isha Singh,CSE,7,9.0,82.92,50
108372,Aarav Gupta,ME,6,6.0,82.23,95
108373,Rohan Jha,CSE,6,8.5,90.76,50
108374,Vikram Rao,ME,6,8.5,29.98,85
108375,Vikram Reddy,CE,7,9.0,93.24,65
108376,Kabir Reddy,EEE,2,6.0,71.43,75
108377,Aarav Sharma,CSE,1,8.5,10.97,75
108378,Isha Patel,ECE,8,9.0,48.91,95
108379,Aarav Jha,ECE,3,8.5,18.04,95
108380,Aditya Singh,ECE,8,6.0,77.06,65
108381,Rohan Singh,ECE,5,7.5,11.56,85
108382,Ananya Jha,CE,7,7.5,53.9,75
108383,Vikram Verma,CSE,1,8.5,88.72,50
108384,Ananya Verma,EEE,7,8.0,73.17,50
108385,Diya Singh,EEE,4,6.0,20.61,65
108386,Aditya Rao,CSE,5,8.5,39.48,65
108387,Vikram Singh,CSE,6,6.0,34.76,85
108388,Aditya Sharma,CSE,8,8.5,77.23,85
108389,Sneha Verma,ECE,2,7.5,76.23,85
108390,Aditya Gupta,ECE,8,6.0,74.2,50
108391,Kabir Patel,CE,6,9.0,66.76,65
108392,Aditya Verma,ECE,6,8.0,90.58,85
108393,Ananya Joshi,ME,3,9.0,16.08,75
108394,Kabir Kumar,CE,1,6.0,86.18,85
108395,Priya Singh,CE,1,6.0,42.22,95
108396,Vikram Sharma,ME,5,8.5,82.62,50
108397,Ananya Gupta,CE,4,6.0,3.81,75
108398,Vikram Gupta,CE,8,8.0,84.93,50
108399,Diya Rao,EEE,1,8.5,2.2,75
108400,Aditya Reddy,EEE,7,9.0,96.96,50
108401,Vikram Verma,CSE,3,8.0,12.97,85
108402,Aarav Jha,ME,7,9.0,36.1,75
108403,Aarav Rao,CE,6,8.5,19.82,75
108404,Priya Verma,ME,3,8.0,59.17,75
108405,Ananya Joshi,CE,2,7.5,31.98,85
108406,Aditya Reddy,ECE,5,8.5,65.96,85
108407,Vikram Patel,ECE,3,8.5,80.92,75
108408,Diya Rao,ECE,6,6.0,52.87,75
108409,Aarav Sharma,ECE,6,8.0,66.39,85
108410,Aditya Jha,ME,7,6.0,95.4,95
108411,Kabir Rao,CSE,1,9.0,34.8,50
108412,Kabir Joshi,EEE,4,9.0,89.37,50
108413,Rohan Jha,ECE,8,8.5,81.01,95
108414,Aditya Singh,ME,1,9.0,83.53,75
108415,Priya Gupta,EEE,2,8.0,8.89,50
108416,Isha Verma,CE,8,8.5,11.92,75
108417,Kabir Sharma,ECE,1,7.5,49.14,95
108418,Vikram Verma,CE,5,9.0,75.69,50
108419,Ananya Jha,EEE,2,9.0,63.88,50
108420,Aarav Sharma,CSE,1,8.0,9.02,50
108421,Aarav Gupta,CSE,5,6.0,58.88,95
108422,Aarav Verma,CSE,4,8.0,77.08,85
108423,Rohan Verma,ME,2,7.5,46.61,95
108424,Rohan Patel,ME,4,8.0,71.07,75
108425,Sneha Reddy,CSE,5,8.0,57.34,65
108426,Sneha Joshi,ECE,4,7.5,94.4,65
108427,Isha Patel,CE,1,6.0,62.95,85
108428,Ananya Patel,EEE,8,9.0,68.76,75
108429,Rohan Rao,CSE,4,6.0,52.22,75
108430,Vikram Kumar,CE,2,6.0,53.47,85
108431,Diya Reddy,EEE,2,8.5,40.32,50
108432,Diya Rao,CSE,7,8.5,57.41,75
108433,Rohan Jha,CE,1,9.0,50.24,85
108434,Vikram Reddy,ME,8,7.5,79.13,50
108435,Vikram Kumar,EEE,8,7.5,95.35,85
108436,Isha Jha,CE,8,8.0,66.54,65
108437,Aditya Sharma,CSE,8,9.0,73.24,85
108438,Aditya Gupta,ECE,4,7.5,23.5,50
108439,Diya Singh,ME,8,9.0,69.12,85
108440,Rohan Reddy,CE,7,8.5,44.88,75
108441,Priya Joshi,ME,5,6.0,0.3,65
108442,Sneha Gupta,CSE,8,9.0,93.89,65
108443,Ananya Singh,ECE,1,7.5,51.4,85
108444,Aditya Rao,ECE,1,7.5,98.32,85
108445,Rohan Rao,ME,6,8.0,87.06,50
108446,Vikram Rao,ECE,1,8.0,53.75,65
108447,Aarav Jha,EEE,2,6.0,67.23,75
108448,Aarav Reddy,ECE,4,8.0,64.92,75
108449,Kabir Singh,ME,5,8.5,56.3,95
108450,Kabir Jha,CSE,5,6.0,39.7,85
108451,Ananya Jha,ECE,5,9.0,63.12,95
108452,Vikram Singh,ME,4,8.5,83.04,75
108453,Aarav Rao,ME,2,8.0,14.13,65
108454,Vikram Jha,ECE,5,6.0,60.69,95
108455,Aditya Jha,CSE,2,8.5,24.66,65
108456,Sneha Reddy,CE,8,6.0,67.69,85
108457,Ananya Joshi,CE,2,8.5,0.73,85
108458,Sneha Rao,EEE,3,9.0,4.51,75
108459,Aditya Rao,EEE,1,7.5,7.88,50
108460,Aditya Rao,CE,1,8.5,19.08,50
108461,Vikram Verma,CSE,8,6.0,8.99,50
108462,Kabir Verma,ME,7,6.0,34.55,95
108463,Sneha Verma,ECE,4,9.0,93.36,95
108464,Sneha Rao,CSE,7,8.0,75.5,85
108465,Diya Verma,ME,7,8.0,2.35,85
108466,Vikram Singh,ECE,7,9.0,50.9,85
108467,Aarav Sharma,CE,5,7.5,32.56,50
108468,Aarav Verma,EEE,2,9.0,23.1,50
108469,Isha Sharma,CE,7,9.0,84.42,50
108470,Isha Jha,EEE,2,8.5,20.8,65
108471,Kabir Kumar,ECE,5,8.5,27.55,50
108472,Kabir Rao,CSE,6,7.5,91.74,50
108473,Aarav Patel,ECE,6,9.0,7.59,85
108474,Kabir Sharma,CE,4,7.5,60.1,95
108475,Vikram Kumar,CSE,4,8.5,45.58,95
108476,Aarav Patel,EEE,2,8.5,42.93,50
108477,Kabir Singh,EEE,5,8.0,71.13,75
108478,Diya Joshi,CSE,3,6.0,36.24,95
108479,Ananya Reddy,ECE,4,9.0,73.45,95
108480,Priya Reddy,ECE,6,8.5,22.0,75
108481,Vikram Kumar,CE,2,8.5,69.44,50
108482,Rohan Patel,EEE,2,8.5,76.93,50
108483,Priya Sharma,CSE,7,9.0,23.9,75
108484,Ananya Joshi,ECE,3,6.0,11.59,85
108485,Diya Verma,CE,8,9.0,68.2,95
108486,Vikram Sharma,CE,2,8.5,14.06,65
108487,Priya Singh,ME,2,6.0,20.96,75
108488,Ananya Kumar,ECE,6,7.5,71.18,85
108489,Isha Gupta,ME,6,9.0,63.37,95
108490,Kabir Sharma,EEE,5,6.0,79.34,75
108491,Isha Verma,CE,3,9.0,60.99,50
108492,Ananya Joshi,ECE,5,8.0,54.74,50
108493,Vikram Singh,CE,3,6.0,0.39,95
108494,Vikram Patel,CE,4,9.0,71.66,65
108495,Rohan Gupta,ME,3,8.5,20.0,75
108496,Priya Reddy,EEE,2,7.5,25.14,75
108497,Sneha Gupta,EEE,8,8.5,54.15,75
108498,Sneha Rao,CSE,5,8.5,28.3,95
108499,Isha Reddy,ME,4,6.0,7.8,85
108500,Isha Rao,ME,1,9.0,32.17,65
108501,Sneha Singh,ECE,4,7.5,26.81,95
108502,Aditya Singh,ME,6,8.0,95.05,75
108503,Sneha Sharma,EEE,8,9.0,92.21,50
108504,Isha Gupta,EEE,2,8.0,66.88,95
108505,Vikram Reddy,ECE,6,8.5,0.05,65
108506,Vikram Gupta,ECE,1,8.0,65.94,50
108507,Isha Verma,ME,5,8.0,47.59,85
108508,Aditya Patel,EEE,3,6.0,34.85,85
108509,Priya Sharma,ME,7,9.0,72.81,95
108510,Aarav Joshi,ECE,1,8.0,64.14,85
108511,Diya Joshi,EEE,3,8.0,3.6,65
108512,Sneha Gupta,CSE,1,9.0,80.15,75
108513,Rohan Singh,ME,5,8.5,8.2,65
108514,Rohan Jha,EEE,3,8.0,95.93,65
108515,Rohan Kumar,CSE,1,6.0,67.26,75
108516,Rohan Jha,EEE,3,7.5,83.75,50
108517,Diya Joshi,EEE,4,9.0,61.24,65
108518,Kabir Singh,ECE,7,8.0,23.2,95
108519,Kabir Sharma,EEE,1,6.0,46.78,65
108520,Aarav Sharma,ECE,8,9.0,10.41,95
108521,Sneha Sharma,CE,6,7.5,38.12,75
108522,Aditya Joshi,EEE,6,6.0,16.17,85
108523,Aarav Joshi,ME,2,7.5,8.43,95
108524,Rohan Joshi,CE,7,6.0,2.15,85
108525,Diya Rao,CE,5,8.5,91.83,65
108526,Isha Verma,ME,1,8.5,29.57,95
108527,Isha Singh,CE,3,8.5,61.37,85
108528,Aarav Verma,ECE,6,8.0,42.61,50
108529,Aditya Singh,ME,4,6.0,98.58,50
108530,Isha Joshi,CE,8,6.0,31.22,65
108531,Rohan Rao,ME,6,9.0,8.17,65
108532,Kabir Jha,CE,1,8.0,98.49,75
108533,Ananya Sharma,ECE,6,9.0,40.16,65
108534,Sneha Rao,ECE,2,6.0,47.02,85
108535,Kabir Sharma,ME,2,7.5,53.31,50
108536,Aditya Reddy,CE,4,6.0,11.02,95
108537,Kabir Singh,EEE,8,7.5,10.99,85
108538,Kabir Gupta,CSE,2,6.0,69.68,95
108539,Aditya Rao,ME,5,9.0,89.45,50
108540,Rohan Reddy,ME,6,8.0,20.53,65
108541,Vikram Reddy,ME,2,8.5,8.82,85
108542,Isha Patel,CSE,1,9.0,56.68,95
108543,Ananya Verma,CSE,7,9.0,16.46,75
108544,Kabir Singh,ECE,7,6.0,26.55,95
108545,Sneha Verma,EEE,2,8.5,48.71,75
108546,Sneha Kumar,CSE,8,7.5,34.64,95
108547,Vikram Rao,EEE,1,8.0,89.82,75
108548,Sneha Rao,ME,4,8.0,99.54,75
108549,Kabir Sharma,EEE,1,6.0,6.95,85
108550,Vikram Rao,ME,7,8.0,9.34,95
108551,Priya Singh,ECE,2,8.5,58.91,85
108552,Rohan Reddy,CE,5,8.5,91.55,95
108553,Priya Sharma,CE,6,9.0,56.39,85
108554,Diya Sharma,CE,5,9.0,11.53,95
108555,Isha Verma,CSE,2,6.0,37.58,65
108556,Aarav Kumar,EEE,3,7.5,2.55,65
108557,Sneha Singh,CE,5,9.0,35.39,75
108558,Aditya Singh,EEE,4,9.0,36.43,50
108559,Vikram Reddy,ME,5,9.0,96.46,75
108560,Isha Joshi,CSE,3,6.0,41.03,50
108561,Aditya Verma,CSE,8,6.0,79.73,50
108562,Aditya Reddy,ECE,3,8.0,59.82,95
108563,Priya Sharma,CE,2,8.5,42.38,95
108564,Rohan Kumar,ME,2,7.5,74.06,75
108565,Ananya Gupta,CE,8,8.0,88.27,50
108566,Aditya Sharma,CE,5,9.0,26.33,95
108567,Vikram Sharma,CSE,5,9.0,94.28,65
108568,Diya Jha,CE,6,7.5,18.36,50
108569,Kabir Kumar,EEE,5,9.0,44.04,95
108570,Sneha Verma,EEE,7,9.0,57.36,95
108571,Aarav Verma,ME,1,7.5,58.75,85
108572,Sneha Patel,ME,5,8.0,42.28,95
108573,Sneha Gupta,CSE,7,8.0,55.17,75
108574,Isha Singh,EEE,1,7.5,40.37,65
108575,Vikram Jha,ME,3,8.5,64.43,85
108576,Aarav Singh,CSE,6,7.5,59.37,85
108577,Vikram Kumar,EEE,2,8.0,13.1,65
108578,Aarav Jha,CE,4,8.5,32.73,85
108579,Diya Reddy,EEE,1,6.0,56.88,75
108580,Isha Verma,CE,7,8.5,85.65,95
108581,Priya Kumar,ECE,7,9.0,46.11,95
108582,Isha Gupta,CE,6,7.5,6.73,85
108583,Rohan Reddy,CSE,4,6.0,79.42,65
108584,Isha Sharma,CSE,3,9.0,64.61,85
108585,Aarav Sharma,ECE,6,7.5,68.41,85
108586,Kabir Reddy,CE,5,7.5,45.32,50
108587,Sneha Singh,ECE,2,8.5,34.01,95
108588,Aditya Singh,ME,7,9.0,84.04,65
108589,Aditya Jha,ME,4,9.0,77.66,65
108590,Aditya Singh,ECE,7,6.0,15.07,75
108591,Rohan Rao,CE,5,8.0,52.09,95
108592,Ananya Reddy,CE,4,8.5,20.92,95
108593,Priya Gupta,ECE,2,8.0,98.21,85
108594,Aditya Sharma,CE,1,8.5,15.59,95
108595,Sneha Kumar,CE,5,7.5,82.34,65
108596,Rohan Kumar,CSE,3,8.0,54.61,85
108597,Priya Patel,CSE,2,7.5,71.33,85
108598,Kabir Patel,ME,6,6.0,89.55,75
108599,Vikram Rao,CE,3,8.0,41.1,95
108600,Ananya Jha,CSE,3,6.0,30.51,95
108601,Isha Patel,CSE,8,7.5,34.45,75
108602,Rohan Singh,CSE,1,7.5,18.49,65
108603,Rohan Singh,CE,2,9.0,38.51,50
108604,Priya Singh,ME,2,7.5,62.26,95
108605,Rohan Verma,CSE,2,6.0,95.86,95
108606,Rohan Jha,CSE,4,9.0,42.17,95
108607,Vikram Patel,ECE,1,6.0,71.4,65
108608,Ananya Verma,CE,4,8.0,7.78,65
108609,Ananya Sharma,ME,7,8.0,82.07,65
108610,Aarav Patel,EEE,6,7.5,89.85,75
108611,Vikram Kumar,CSE,1,9.0,84.19,75
108612,Priya Jha,ECE,3,8.5,70.6,50
108613,Priya Rao,ECE,1,7.5,78.92,75
108614,Kabir Patel,EEE,1,8.0,99.74,95
108615,Vikram Kumar,CE,8,8.5,31.45,85
108616,Diya Kumar,EEE,3,9.0,10.0,85
108617,Priya Verma,ECE,5,7.5,23.65,85
108618,Kabir Rao,CSE,2,9.0,72.71,75
108619,Isha Joshi,CSE,3,8.5,21.35,75
108620,Kabir Patel,EEE,5,8.0,78.9,50
108621,Kabir Joshi,ME,6,8.0,39.51,65
108622,Kabir Patel,ME,2,9.0,17.71,75
108623,Sneha Jha,ECE,2,7.5,37.94,50
108624,Isha Verma,ECE,4,8.0,8.53,75
108625,Aditya Gupta,CE,7,7.5,66.31,75
108626,Rohan Singh,EEE,6,7.5,36.69,75
108627,Rohan Kumar,EEE,2,8.5,44.15,75
108628,Vikram Jha,CE,4,8.0,62.02,65
108629,Isha Joshi,CSE,4,7.5,61.19,50
108630,Kabir Reddy,EEE,7,7.5,71.44,95
108631,Priya Rao,CSE,2,8.0,78.32,95
108632,Priya Joshi,ECE,2,6.0,72.12,75
108633,Sneha Sharma,CE,4,7.5,30.34,65
108634,Sneha Kumar,CSE,6,6.0,50.94,95
108635,Ananya Verma,ME,7,8.0,96.92,75
108636,Vikram Reddy,ECE,2,7.5,93.84,85
108637,Vikram Gupta,CE,3,9.0,81.8,65
108638,Kabir Patel,ME,7,8.5,98.64,65
108639,Kabir Rao,EEE,8,8.0,65.02,95
108640,Kabir Patel,CE,4,8.0,26.16,75
108641,Kabir Kumar,CSE,2,9.0,14.23,65
108642,Diya Joshi,EEE,5,9.0,20.45,75
108643,Aarav Kumar,EEE,4,7.5,57.39,50
108644,Priya Sharma,EEE,3,8.0,18.53,95
108645,Aarav Gupta,ME,2,8.0,42.67,85
108646,Diya Jha,CSE,7,9.0,20.13,75
108647,Rohan Joshi,ECE,7,8.5,44.84,85
108648,Aarav Sharma,EEE,8,8.5,32.77,85
108649,Diya Reddy,ECE,6,6.0,59.77,65
108650,Aarav Verma,ECE,2,8.0,33.24,75
108651,Aarav Verma,ECE,6,6.0,68.46,50
108652,Vikram Patel,CE,7,6.0,46.5,75
108653,Isha Kumar,CE,5,7.5,21.05,65
108654,Kabir Joshi,ECE,3,6.0,61.96,75
108655,Sneha Jha,ECE,1,8.0,34.7,95
108656,Priya Gupta,CSE,7,9.0,93.71,50
108657,Aditya Kumar,ME,6,7.5,38.75,85
108658,Kabir Kumar,CSE,6,7.5,81.64,50
108659,Vikram Sharma,CE,3,8.5,56.05,95
108660,Diya Rao,ECE,3,9.0,82.64,85
108661,Aditya Reddy,CE,1,9.0,39.99,75
108662,Sneha Gupta,EEE,6,8.0,31.16,50
108663,Aarav Kumar,ECE,4,8.0,42.52,50
108664,Ananya Reddy,ECE,8,8.0,63.8,85
108665,Kabir Gupta,CSE,1,9.0,65.88,65
108666,Sneha Sharma,ECE,5,9.0,0.47,85
108667,Diya Rao,ECE,8,6.0,56.09,85
108668,Aarav Patel,EEE,6,8.0,93.83,95
108669,Diya Sharma,ME,5,8.0,82.42,65
108670,Isha Joshi,ME,1,9.0,76.77,95
108671,Ananya Patel,CSE,8,8.5,57.64,85
108672,Ananya Kumar,CE,3,8.0,11.46,75
108673,Priya Jha,EEE,1,8.0,39.8,65
108674,Kabir Sharma,ME,8,7.5,68.96,95
108675,Aarav Rao,EEE,5,7.5,64.11,95
108676,Kabir Verma,ME,3,7.5,89.01,75
108677,Rohan Jha,CE,8,8.5,45.67,65
108678,Vikram Kumar,ECE,8,6.0,40.81,95
108679,Isha Joshi,ME,7,6.0,44.33,85
108680,Kabir Singh,CE,2,7.5,70.59,85
108681,Vikram Joshi,ME,6,8.0,13.83,75
108682,Isha Verma,CE,8,7.5,54.76,75
108683,Vikram Singh,ME,4,9.0,8.78,95
108684,Ananya Sharma,ECE,4,7.5,78.49,95
108685,Ananya Patel,CSE,1,8.0,74.15,65
108686,Ananya Jha,ME,8,8.0,56.01,95
108687,Isha Rao,CE,2,8.5,86.98,65
108688,Rohan Singh,EEE,1,7.5,6.77,85
108689,Sneha Joshi,ECE,5,8.0,47.78,50
108690,Aditya Sharma,CE,1,6.0,46.13,50
108691,Sneha Jha,ME,4,7.5,28.81,50
108692,Kabir Gupta,ME,8,7.5,17.22,95
108693,Ananya Kumar,ME,7,8.0,60.66,50
108694,Aarav Jha,ECE,8,6.0,78.37,85
108695,Priya Verma,EEE,8,8.5,50.88,65
108696,Priya Singh,ME,5,8.5,58.22,75
108697,Aarav Joshi,ECE,1,9.0,95.44,85
108698,Sneha Reddy,EEE,1,8.5,55.71,65
108699,Aarav Gupta,CE,4,7.5,13.19,50
108700,Aditya Patel,EEE,5,7.5,87.54,50
108701,Isha Rao,CSE,5,8.0,32.63,75
108702,Priya Jha,EEE,3,8.0,63.8,65
108703,Vikram Sharma,EEE,3,7.5,51.76,95
108704,Aarav Sharma,ECE,8,9.0,42.12,95
108705,Aditya Gupta,ME,7,7.5,31.35,75
108706,Diya Gupta,ECE,3,8.5,12.09,75
108707,Aditya Verma,CE,1,9.0,95.13,75
108708,Priya Gupta,ECE,4,7.5,14.36,85
108709,Kabir Gupta,ME,2,8.0,88.09,50
108710,Aditya Singh,EEE,2,7.5,54.33,85
108711,Diya Patel,EEE,3,9.0,16.41,50
108712,Priya Gupta,ECE,5,8.5,85.78,65
108713,Ananya Rao,EEE,8,6.0,50.83,95
108714,Aditya Reddy,ECE,3,7.5,90.7,65
108715,Priya Jha,ME,3,8.5,26.0,75
108716,Sneha Patel,ME,8,6.0,47.81,75
108717,Aarav Patel,EEE,8,9.0,77.23,95
108718,Rohan Kumar,EEE,8,8.0,21.84,75
108719,Aditya Kumar,CSE,4,7.5,43.79,65
108720,Priya Gupta,CSE,1,6.0,0.44,75
108721,Aditya Singh,CSE,8,8.0,95.49,50
108722,Vikram Jha,ME,6,8.0,44.18,65
108723,Ananya Kumar,CE,4,8.0,33.24,85
108724,Aditya Singh,CE,1,9.0,53.42,85
108725,Diya Patel,CSE,6,7.5,73.14,85
108726,Isha Reddy,CSE,3,6.0,73.84,50
108727,Ananya Gupta,CSE,8,9.0,40.08,95
108728,Aditya Sharma,EEE,6,9.0,26.22,85
108729,Isha Kumar,CE,2,8.0,71.66,50
108730,Rohan Sharma,CSE,8,7.5,69.33,75
108731,Ananya Verma,CE,6,9.0,33.29,75
108732,Isha Jha,ME,8,8.5,11.19,95
108733,Isha Patel,ME,5,9.0,78.95,50
108734,Diya Sharma,CE,2,9.0,48.82,50
108735,Aditya Joshi,CSE,4,6.0,16.57,50
108736,Diya Gupta,ECE,1,7.5,0.97,95
108737,Priya Patel,CSE,8,6.0,12.04,95
108738,Sneha Sharma,ECE,4,8.5,84.02,75
108739,Aarav Singh,ME,5,7.5,82.69,85
108740,Isha Singh,CSE,3,9.0,57.12,75
108741,Aarav Patel,EEE,2,6.0,54.11,50
108742,Sneha Rao,EEE,8,6.0,69.42,85
108743,Diya Gupta,CE,1,7.5,14.33,65
108744,Priya Rao,EEE,7,8.0,57.8,85
108745,Aarav Reddy,ECE,1,8.5,42.89,50
108746,Aditya Reddy,ECE,1,7.5,54.28,95
108747,Diya Verma,EEE,5,6.0,47.97,95
108748,Vikram Rao,EEE,7,6.0,81.93,50
108749,Kabir Rao,CSE,2,7.5,8.19,50
108750,Sneha Patel,ECE,8,8.5,17.53,50
108751,Isha Singh,CSE,2,9.0,74.69,85
108752,Isha Gupta,ME,5,6.0,22.43,95
108753,Rohan Jha,ECE,8,6.0,83.14,65
108754,Ananya Kumar,ECE,8,8.5,72.97,65
108755,Rohan Singh,CSE,2,6.0,22.16,65
108756,Vikram Reddy,ECE,3,8.0,43.91,85
108757,Diya Jha,ECE,8,9.0,10.96,65
108758,Aditya Patel,CE,1,6.0,70.25,95
108759,Vikram Kumar,CE,5,6.0,75.18,65
108760,Vikram Joshi,ECE,5,7.5,53.4,95
108761,Diya Joshi,CE,2,8.5,29.03,50
108762,Rohan Rao,ECE,2,8.5,48.03,50
108763,Vikram Sharma,ME,4,9.0,59.7,75
108764,Ananya Verma,CSE,1,8.5,84.96,50
108765,Aditya Singh,CSE,3,8.5,20.34,85
108766,Kabir Verma,EEE,8,6.0,4.77,75
108767,Rohan Kumar,CSE,2,9.0,23.09,95
108768,Rohan Gupta,CE,5,9.0,87.36,50
108769,Sneha Patel,ME,8,8.0,44.37,65
108770,Diya Gupta,ME,5,7.5,81.64,50
108771,Isha Verma,CE,5,6.0,92.54,50
108772,Vikram Jha,EEE,5,8.5,0.57,65
108773,Vikram Verma,ECE,8,8.0,97.37,75
108774,Priya Jha,CE,2,9.0,13.09,65
108775,Diya Singh,CSE,8,6.0,77.14,50
108776,Aarav Rao,CSE,3,8.5,7.67,65
108777,Rohan Reddy,ECE,6,6.0,96.4,65
108778,Aditya Verma,ME,7,9.0,3.36,95
108779,Rohan Gupta,ME,2,9.0,19.2,50
108780,Rohan Joshi,ME,5,8.5,67.24,95
108781,Rohan Joshi,ME,1,8.0,9.93,50
108782,Sneha Gupta,CSE,1,8.0,18.62,95
108783,Ananya Joshi,ECE,2,8.5,48.15,65
108784,Vikram Reddy,CE,8,8.5,2.6,75
108785,Isha Gupta,EEE,5,6.0,60.94,95
108786,Sneha Verma,ECE,8,9.0,89.05,65
108787,Kabir Joshi,CSE,5,9.0,10.17,50
108788,Vikram Jha,EEE,2,7.5,81.32,50
108789,Diya Gupta,CSE,5,6.0,74.93,95
108790,Priya Joshi,ME,2,8.5,26.24,50
108791,Vikram Joshi,ME,6,9.0,91.34,50
108792,Kabir Sharma,CSE,1,9.0,36.36,50
108793,Aditya Jha,EEE,8,8.5,86.37,85
108794,Isha Kumar,CSE,3,8.5,33.63,85
108795,Ananya Gupta,ECE,8,8.0,26.91,50
108796,Diya Kumar,ME,1,9.0,1.34,75
108797,Sneha Joshi,ECE,6,8.5,42.79,65
108798,Rohan Singh,EEE,7,8.0,48.49,75
108799,Diya Sharma,CE,6,8.0,40.71,75
108800,Aarav Reddy,CE,3,7.5,48.28,95
108801,Aarav Rao,EEE,1,6.0,46.67,50
108802,Rohan Rao,CSE,8,9.0,53.28,50
108803,Vikram Verma,ME,6,8.0,2.54,65
108804,Rohan Rao,CSE,6,9.0,1.93,95
108805,Aditya Patel,EEE,5,8.0,63.92,85
108806,Rohan Gupta,EEE,4,8.0,71.31,95
108807,Rohan Gupta,EEE,4,8.0,90.26,50
108808,Isha Patel,EEE,7,7.5,62.16,85
108809,Aarav Kumar,EEE,5,9.0,3.33,85
108810,Kabir Singh,ME,2,7.5,60.62,85
108811,Isha Gupta,CE,2,8.0,3.34,75
108812,Kabir Kumar,CE,4,8.0,7.64,95
108813,Isha Rao,CE,2,6.0,42.18,75
108814,Aditya Joshi,EEE,8,7.5,33.5,50
108815,Priya Jha,EEE,8,7.5,93.31,65
108816,Vikram Reddy,EEE,1,8.0,33.0,75
108817,Diya Joshi,EEE,8,9.0,30.27,95
108818,Priya Gupta,CSE,8,9.0,99.41,65
108819,Sneha Patel,ME,8,8.5,47.7,75
108820,Isha Sharma,CE,1,8.5,63.77,85
108821,Sneha Joshi,EEE,4,7.5,79.13,50
108822,Kabir Singh,ECE,8,8.5,30.82,85
108823,Sneha Reddy,ME,3,9.0,5.13,75
108824,Sneha Reddy,ECE,7,8.0,75.64,75
108825,Aditya Verma,EEE,1,8.5,12.58,85
108826,Rohan Sharma,CSE,6,6.0,23.82,75
108827,Vikram Patel,CE,1,9.0,68.62,85
108828,Kabir Rao,ECE,3,9.0,33.47,95
108829,Aditya Singh,EEE,4,6.0,22.49,85
108830,Ananya Patel,EEE,4,8.5,35.77,65
108831,Aditya Kumar,EEE,3,9.0,93.59,50
108832,Rohan Sharma,CE,7,7.5,20.76,95
108833,Diya Jha,CSE,1,8.5,2.14,75
108834,Ananya Sharma,CSE,1,6.0,16.78,95
108835,Vikram Reddy,CSE,8,7.5,50.81,50
108836,Vikram Patel,ME,2,9.0,97.39,75
108837,Isha Reddy,ME,1,9.0,73.23,75
108838,Kabir Gupta,ME,1,9.0,15.41,50
108839,Ananya Kumar,ECE,6,8.5,32.77,75
108840,Rohan Jha,CSE,8,8.0,74.53,95
108841,Vikram Gupta,ME,3,9.0,78.66,85
108842,Aditya Sharma,CSE,1,7.5,47.44,50
108843,Aarav Verma,CE,8,9.0,90.66,95
108844,Vikram Sharma,EEE,4,8.5,55.91,50
108845,Kabir Rao,CSE,8,9.0,0.95,85
108846,Priya Verma,ECE,4,9.0,85.68,95
108847,Priya Patel,EEE,8,9.0,10.31,65
108848,Kabir Verma,CSE,4,7.5,10.46,75
108849,Vikram Patel,EEE,7,6.0,52.83,95
108850,Aditya Gupta,ECE,8,8.5,87.81,50
108851,Rohan Jha,EEE,7,9.0,81.22,75
108852,Diya Reddy,ECE,6,9.0,35.58,85
108853,Aarav Verma,ECE,2,6.0,67.08,75
108854,Ananya Patel,EEE,6,6.0,19.13,75
108855,Diya Kumar,ECE,1,8.0,57.24,95
108856,Kabir Rao,CE,1,6.0,96.31,75
108857,Kabir Kumar,EEE,2,8.5,14.78,95
108858,Aarav Gupta,CSE,4,6.0,66.62,65
108859,Isha Verma,ECE,7,7.5,28.8,75
108860,Ananya Gupta,CSE,1,6.0,40.72,75
108861,Diya Jha,ME,3,8.5,89.79,75
108862,Kabir Joshi,CE,6,7.5,34.71,95
108863,Vikram Joshi,CE,3,6.0,61.73,95
108864,Sneha Patel,ME,2,6.0,1.77,75
108865,Isha Singh,EEE,3,9.0,69.8,95
108866,Vikram Rao,CSE,8,8.0,83.32,95
108867,Aditya Jha,ECE,4,6.0,52.45,65
108868,Priya Joshi,EEE,6,9.0,87.65,95
108869,Rohan Sharma,ME,8,6.0,3.98,50
108870,Priya Sharma,CE,7,8.0,87.53,50
108871,Sneha Kumar,ECE,3,6.0,72.98,50
108872,Aditya Singh,ECE,7,9.0,16.13,85
108873,Sneha Sharma,CE,4,9.0,21.09,65
108874,Rohan Singh,CSE,2,9.0,94.89,65
108875,Vikram Jha,ME,1,8.5,5.62,65
108876,Sneha Patel,CSE,6,8.0,6.17,95
108877,Isha Verma,CSE,2,8.0,1.96,50
108878,Kabir Singh,ECE,1,8.0,4.32,50
108879,Aarav Rao,EEE,4,9.0,4.1,65
108880,Vikram Sharma,CSE,8,7.5,40.42,85
108881,Aditya Reddy,ME,6,7.5,30.32,65
108882,Sneha Gupta,CE,8,8.5,35.17,50
108883,Sneha Reddy,ME,5,9.0,58.13,50
108884,Isha Kumar,CSE,2,9.0,14.64,65
108885,Rohan Reddy,CE,5,9.0,13.76,85
108886,Rohan Verma,CE,7,7.5,96.09,65
108887,Rohan Singh,EEE,2,9.0,60.91,95
108888,Ananya Patel,ECE,1,8.0,70.04,85
108889,Sneha Jha,CE,8,8.0,12.02,85
108890,Aarav Patel,EEE,4,8.5,71.12,75
108891,Vikram Gupta,ECE,2,8.0,33.79,95
108892,Priya Singh,CE,4,8.5,91.29,65
108893,Vikram Singh,CSE,7,6.0,53.63,65
108894,Rohan Jha,CE,6,8.5,81.06,65
108895,Diya Rao,CSE,6,8.5,88.04,95
108896,Isha Singh,CSE,4,8.0,75.32,95
108897,Aditya Verma,ME,5,6.0,12.69,50
108898,Aditya Singh,CE,8,6.0,62.41,75
108899,Sneha Sharma,ME,7,9.0,92.97,95
108900,Sneha Kumar,CSE,1,6.0,29.9,85
108901,Aditya Verma,EEE,7,9.0,60.58,75
108902,Ananya Verma,ME,1,9.0,7.19,75
108903,Isha Gupta,EEE,8,6.0,82.37,85
108904,Rohan Reddy,EEE,4,8.0,35.61,50
108905,Rohan Patel,ECE,1,6.0,37.43,85
108906,Ananya Reddy,EEE,8,7.5,1.05,95
108907,Priya Kumar,ECE,7,9.0,78.72,65
108908,Ananya Rao,ME,8,6.0,73.43,95
108909,Rohan Singh,ECE,8,8.5,3.22,65
108910,Isha Singh,ECE,6,7.5,36.55,50
108911,Ananya Gupta,ECE,1,9.0,20.28,85
108912,Aditya Rao,EEE,1,9.0,71.28,95
108913,Ananya Jha,ECE,2,7.5,64.6,95
108914,Vikram Singh,CSE,2,8.5,38.63,85
108915,Isha Sharma,CSE,8,8.5,85.09,50
108916,Aarav Kumar,ME,5,8.0,18.96,65
108917,Ananya Singh,CSE,3,8.0,90.21,50
108918,Diya Rao,CE,4,9.0,10.33,95
108919,Aarav Kumar,ME,1,8.0,85.42,65
108920,Isha Verma,EEE,7,9.0,62.99,50
108921,Priya Reddy,EEE,2,7.5,29.56,50
108922,Priya Rao,ME,1,8.5,83.07,95
108923,Aarav Jha,EEE,5,8.0,34.67,85
108924,Kabir Kumar,EEE,5,9.0,13.22,75
108925,Isha Reddy,CSE,3,8.0,98.35,95
108926,Vikram Jha,ECE,6,8.5,59.06,75
108927,Kabir Patel,ME,6,6.0,12.29,75
108928,Aarav Reddy,CE,8,8.0,14.37,50
108929,Aarav Joshi,ECE,1,9.0,72.38,85
108930,Priya Jha,CSE,1,7.5,51.88,85
108931,Sneha Jha,ME,5,8.0,22.91,50
108932,Sneha Singh,ME,8,8.0,31.15,95
108933,Vikram Joshi,EEE,4,8.0,89.78,75
108934,Priya Kumar,CSE,3,7.5,18.19,75
108935,Kabir Reddy,EEE,1,8.0,51.78,95
108936,Ananya Singh,CE,1,7.5,88.17,50
108937,Isha Kumar,ECE,3,7.5,8.25,50
108938,Rohan Sharma,CSE,5,7.5,15.03,75
108939,Kabir Gupta,CSE,4,9.0,82.75,65
108940,Priya Joshi,ME,6,6.0,84.34,65
108941,Aarav Sharma,ECE,2,8.0,72.76,85
108942,Aditya Singh,CE,7,7.5,27.98,65
108943,Priya Reddy,ME,7,9.0,92.03,65
108944,Ananya Rao,EEE,8,7.5,87.51,95
108945,Ananya Singh,ME,5,6.0,72.58,65
108946,Rohan Rao,CE,8,9.0,49.16,85
108947,Diya Patel,ECE,4,7.5,64.73,75
108948,Vikram Verma,CE,7,7.5,24.39,95
108949,Rohan Joshi,CSE,2,8.0,25.96,50
108950,Vikram Joshi,ECE,5,6.0,46.44,85
108951,Sneha Patel,EEE,2,7.5,67.46,85
108952,Kabir Sharma,CE,6,6.0,98.75,85
108953,Sneha Verma,ECE,7,9.0,64.05,75
108954,Kabir Rao,CSE,8,8.0,22.56,95
108955,Priya Joshi,ECE,5,8.5,41.32,75
108956,Priya Singh,ME,6,9.0,33.07,85
108957,Aditya Gupta,ECE,4,7.5,59.39,95
108958,Isha Reddy,CSE,6,8.0,44.75,85
108959,Sneha Reddy,CSE,3,8.0,91.54,65
108960,Priya Singh,ME,5,7.5,38.19,50
108961,Vikram Rao,ECE,3,6.0,16.5,85
108962,Ananya Patel,EEE,4,8.0,95.57,85
108963,Sneha Gupta,EEE,1,9.0,22.47,95
108964,Ananya Reddy,EEE,7,8.5,26.39,50
108965,Isha Joshi,CE,8,6.0,0.32,75
108966,Aditya Verma,CSE,7,7.5,25.1,85
108967,Aditya Gupta,CE,8,6.0,66.93,85
108968,Isha Sharma,CSE,6,8.0,57.15,65
108969,Isha Patel,CSE,6,7.5,7.72,95
108970,Diya Rao,EEE,5,9.0,69.83,95
108971,Sneha Verma,CSE,8,9.0,39.05,95
108972,Rohan Gupta,CE,5,6.0,35.79,95
108973,Rohan Joshi,ME,4,6.0,3.0,85
108974,Aarav Singh,ME,8,8.0,22.38,50
108975,Aditya Rao,CSE,1,8.0,64.6,65
108976,Rohan Patel,CE,1,7.5,12.05,50
108977,Aditya Kumar,ME,8,8.0,40.03,95
108978,Ananya Kumar,CSE,2,9.0,43.48,95
108979,Aarav Patel,ECE,6,9.0,44.9,95
108980,Priya Kumar,ME,1,8.5,38.74,50
108981,Aditya Gupta,ECE,6,8.0,50.09,85
108982,Aditya Jha,CE,2,7.5,80.0,95
108983,Aditya Patel,CSE,3,6.0,23.79,75
108984,Vikram Sharma,ME,4,9.0,4.23,65
108985,Rohan Jha,ECE,4,7.5,39.14,85
108986,Priya Reddy,CSE,2,9.0,95.37,95
108987,Aditya Jha,CSE,6,7.5,89.54,50
108988,Rohan Rao,EEE,5,6.0,37.37,50
108989,Aditya Jha,CSE,1,8.5,25.5,50
108990,Kabir Reddy,EEE,5,8.5,98.4,75
108991,Sneha Reddy,CSE,2,6.0,42.27,85
108992,Aditya Reddy,CE,8,8.5,33.29,95
108993,Rohan Patel,EEE,8,6.0,79.89,65
108994,Priya Sharma,ECE,7,8.0,87.45,85
108995,Diya Singh,ECE,7,8.5,24.79,65
108996,Vikram Verma,ME,8,6.0,79.38,50
108997,Rohan Singh,CE,4,9.0,52.45,85
108998,Priya Jha,CSE,8,9.0,43.33,65
108999,Aditya Sharma,CE,5,6.0,78.29,95
109000,Rohan Sharma,ME,7,7.5,32.66,50
109001,Vikram Reddy,ECE,7,8.5,20.98,50
109002,Aditya Verma,ECE,3,9.0,81.09,95
109003,Priya Sharma,ME,3,8.5,23.09,75
109004,Diya Joshi,ECE,1,8.0,53.71,65
109005,Priya Jha,CSE,2,8.0,20.09,50
109006,Isha Rao,ECE,8,9.0,70.83,85
109007,Diya Sharma,CSE,3,9.0,58.97,85
109008,Diya Gupta,EEE,3,7.5,6.79,95
109009,Isha Sharma,ME,6,8.0,88.23,95
109010,Aarav Joshi,ME,1,8.0,93.69,85
109011,Kabir Rao,CSE,2,8.5,60.4,65
109012,Rohan Singh,CE,7,8.5,62.32,85
109013,Rohan Reddy,EEE,4,9.0,54.88,75
109014,Aarav Singh,ECE,4,6.0,91.78,65
109015,Isha Singh,CE,2,8.0,94.21,75
109016,Isha Reddy,CSE,5,9.0,88.88,95
109017,Ananya Kumar,EEE,2,9.0,64.52,50
109018,Vikram Rao,EEE,5,8.0,15.11,65
109019,Rohan Gupta,ECE,2,7.5,49.04,65
109020,Diya Kumar,EEE,4,8.0,14.72,75
109021,Aarav Joshi,EEE,2,8.5,48.08,75
109022,Rohan Gupta,CE,5,9.0,43.98,85
109023,Aarav Verma,EEE,5,8.0,0.59,95
109024,Priya Patel,ME,5,9.0,24.82,85
109025,Rohan Patel,EEE,5,8.5,49.59,95
109026,Aditya Patel,CE,8,8.5,21.51,50
109027,Aditya Singh,CSE,1,8.0,37.42,65
109028,Diya Verma,CSE,5,7.5,73.89,50
109029,Diya Gupta,ECE,5,7.5,2.81,75
109030,Rohan Patel,ECE,6,8.0,60.69,75
109031,Priya Verma,CSE,7,9.0,42.38,95
109032,Kabir Patel,CSE,8,6.0,46.8,65
109033,Aditya Rao,CE,2,7.5,92.63,85
109034,Aditya Jha,ECE,7,6.0,86.88,65
109035,Rohan Rao,CE,6,8.0,54.61,50
109036,Aarav Verma,ME,2,7.5,2.91,75
109037,Rohan Kumar,EEE,3,6.0,38.69,95
109038,Ananya Jha,CE,3,8.5,32.5,95
109039,Sneha Gupta,EEE,1,9.0,31.0,85
109040,Aarav Kumar,ME,7,9.0,37.34,75
109041,Aditya Patel,EEE,6,9.0,8.71,65
109042,Aarav Patel,ECE,1,9.0,47.94,85
109043,Aditya Jha,EEE,8,9.0,12.69,85
109044,Rohan Gupta,EEE,5,8.5,23.29,50
109045,Priya Kumar,EEE,1,8.0,68.33,95
109046,Aarav Singh,CE,8,6.0,14.2,85
109047,Sneha Joshi,ECE,4,9.0,85.87,85
109048,Vikram Gupta,CE,5,9.0,74.16,50
109049,Sneha Jha,CSE,4,6.0,99.53,75
109050,Kabir Verma,CE,2,9.0,34.17,95
109051,Priya Patel,EEE,2,9.0,64.78,75
109052,Diya Gupta,ME,6,6.0,45.26,50
109053,Vikram Patel,ECE,4,6.0,5.65,50
109054,Priya Sharma,ME,2,9.0,36.03,75
109055,Sneha Singh,ME,1,7.5,42.98,75
109056,Rohan Kumar,EEE,1,7.5,59.65,85
109057,Kabir Rao,CSE,5,8.0,44.32,50
109058,Priya Singh,CSE,3,8.0,83.47,50
109059,Aditya Reddy,ME,6,8.5,55.14,95
109060,Aarav Gupta,ECE,1,8.0,1.8,95
109061,Aditya Patel,CE,3,9.0,36.96,65
109062,Rohan Patel,CE,6,6.0,18.89,95
109063,Diya Verma,ME,7,6.0,16.72,85
109064,Kabir Sharma,CE,4,8.0,0.55,95
109065,Ananya Reddy,CSE,2,8.0,56.16,65
109066,Priya Verma,CE,4,6.0,60.69,75
109067,Vikram Singh,ECE,2,8.5,22.16,65
109068,Priya Rao,CE,6,6.0,49.43,95
109069,Rohan Joshi,CE,2,8.5,93.53,75
109070,Kabir Sharma,CSE,1,9.0,57.39,50
109071,Sneha Joshi,CSE,4,8.5,63.9,85
109072,Rohan Joshi,CE,5,8.5,67.1,85
109073,Isha Kumar,CE,5,8.0,91.53,50
109074,Ananya Joshi,CSE,3,6.0,31.08,85
109075,Kabir Rao,ECE,5,7.5,72.19,50
109076,Kabir Patel,CE,8,7.5,93.0,65
109077,Diya Reddy,EEE,4,7.5,85.85,75
109078,Aarav Kumar,ME,2,9.0,80.08,75
109079,Isha Sharma,ME,6,8.5,18.87,65
109080,Priya Sharma,ME,4,9.0,27.25,65
109081,Sneha Rao,EEE,3,9.0,51.65,75
109082,Kabir Singh,ECE,8,9.0,20.63,85
109083,Aarav Gupta,EEE,1,6.0,2.01,65
109084,Ananya Sharma,ECE,2,6.0,64.29,75
109085,Isha Kumar,ME,8,8.5,43.69,95
109086,Vikram Singh,ME,5,8.0,94.46,75
109087,Aarav Kumar,ECE,5,6.0,93.13,75
109088,Isha Kumar,ME,1,9.0,14.78,85
109089,Aditya Gupta,EEE,2,9.0,8.02,50
109090,Ananya Rao,ME,1,8.0,79.12,95
109091,Isha Verma,ME,7,9.0,34.32,85
109092,Aditya Patel,CE,7,8.0,91.19,50
109093,Aditya Jha,ECE,1,9.0,86.63,75
109094,Aditya Singh,ECE,3,7.5,31.22,50
109095,Priya Gupta,CE,5,8.5,37.98,95
109096,Aditya Kumar,EEE,3,7.5,55.97,50
109097,Rohan Singh,ECE,2,8.5,9.94,85
109098,Kabir Joshi,CSE,6,8.5,78.71,85
109099,Priya Joshi,EEE,3,9.0,48.81,85
109100,Kabir Rao,CSE,5,8.5,49.74,50
109101,Aditya Verma,ECE,3,8.5,3.82,75
109102,Ananya Patel,CE,2,9.0,35.11,65
109103,Priya Singh,CE,1,6.0,76.76,50
109104,Sneha Reddy,ECE,5,8.5,11.97,50
109105,Ananya Kumar,CE,8,8.5,99.46,85
109106,Isha Patel,EEE,3,9.0,66.18,95
109107,Diya Reddy,CE,6,8.0,63.42,75
109108,Ananya Patel,CSE,1,8.0,84.37,75
109109,Isha Patel,ME,8,6.0,41.15,85
109110,Diya Gupta,ME,1,6.0,87.07,65
109111,Isha Singh,CE,5,6.0,20.12,65
109112,Priya Jha,CSE,3,8.5,39.41,95
109113,Isha Sharma,CSE,6,8.5,80.58,65
109114,Rohan Joshi,CE,4,7.5,6.62,95
109115,Vikram Kumar,ME,8,6.0,26.42,50
109116,Diya Singh,CE,7,8.0,32.57,95
109117,Ananya Reddy,CSE,4,8.0,16.7,65
109118,Diya Jha,ME,1,6.0,76.47,50
109119,Diya Singh,ME,7,7.5,80.51,50
109120,Priya Kumar,ECE,6,7.5,16.38,75
109121,Sneha Patel,ECE,7,9.0,41.37,85
109122,Aditya Joshi,EEE,3,8.0,73.46,65
109123,Ananya Singh,CE,2,7.5,41.24,85
109124,Priya Gupta,ECE,2,8.0,64.29,95
109125,Isha Kumar,EEE,5,9.0,29.85,65
109126,Isha Gupta,CSE,5,8.0,89.19,65
109127,Vikram Rao,CE,2,8.0,13.76,50
109128,Rohan Patel,ECE,7,8.0,5.0,65
109129,Priya Sharma,CSE,8,9.0,94.8,95
109130,Priya Singh,EEE,2,8.0,49.06,50
109131,Sneha Reddy,ECE,3,6.0,50.36,50
109132,Aditya Verma,CE,3,8.0,96.76,95
109133,Aditya Jha,CE,4,9.0,67.22,50
109134,Sneha Rao,CE,4,8.5,78.08,75
109135,Aditya Kumar,CSE,1,8.0,44.83,95
109136,Kabir Jha,EEE,3,9.0,85.3,50
109137,Ananya Reddy,CE,3,6.0,70.23,95
109138,Aarav Joshi,CE,3,7.5,53.97,85
109139,Priya Reddy,CE,8,8.5,23.07,65
109140,Vikram Singh,ME,3,8.5,40.3,95
109141,Isha Kumar,ME,1,8.5,65.11,65
109142,Ananya Singh,EEE,4,9.0,57.37,65
109143,Ananya Jha,ME,3,8.0,64.57,50
109144,Isha Rao,CSE,8,9.0,64.14,95
109145,Aditya Joshi,CE,2,8.0,17.42,65
109146,Ananya Reddy,CE,5,8.0,17.11,50
109147,Aarav Gupta,EEE,1,8.0,90.58,75
109148,Kabir Patel,CE,7,7.5,69.66,95
109149,Ananya Jha,ME,7,9.0,99.28,95
109150,Sneha Jha,CSE,5,9.0,54.45,50
109151,Priya Singh,EEE,3,8.0,96.9,65
109152,Aditya Patel,CSE,2,6.0,39.54,50
109153,Ananya Jha,CE,5,8.0,36.53,50
109154,Kabir Gupta,CE,4,8.5,56.79,65
109155,Aarav Jha,CSE,6,9.0,15.44,95
109156,Diya Gupta,CE,5,8.5,38.84,95
109157,Rohan Rao,CE,8,9.0,82.25,75
109158,Ananya Joshi,EEE,2,8.5,40.98,75
109159,Isha Singh,CSE,1,9.0,7.92,75
109160,Diya Jha,CE,7,6.0,66.86,95
109161,Rohan Gupta,CSE,1,8.5,25.0,75
109162,Vikram Patel,ECE,4,8.5,13.65,50
109163,Sneha Gupta,ECE,1,8.0,10.14,50
109164,Sneha Reddy,ECE,2,7.5,88.24,75
109165,Rohan Kumar,ME,1,8.0,10.59,75
109166,Diya Reddy,ME,5,6.0,32.93,85
109167,Ananya Jha,CE,6,6.0,61.34,50
109168,Vikram Patel,EEE,6,8.0,59.94,65
109169,Vikram Gupta,EEE,8,7.5,97.27,75
109170,Aarav Singh,CSE,5,9.0,85.52,95
109171,Ananya Patel,ECE,3,8.5,94.72,75
109172,Diya Rao,ME,8,9.0,65.89,85
109173,Vikram Rao,EEE,2,9.0,12.86,85
109174,Isha Verma,CSE,5,6.0,5.88,65
109175,Ananya Singh,CE,5,6.0,95.63,50
109176,Vikram Joshi,EEE,8,8.5,53.89,95
109177,Priya Rao,CSE,3,9.0,46.06,65
109178,Diya Sharma,ME,4,8.0,54.14,85
109179,Sneha Verma,EEE,6,8.5,76.07,65
109180,Diya Jha,CSE,4,9.0,90.21,85
109181,Isha Singh,ECE,1,9.0,25.28,65
109182,Kabir Singh,ECE,7,8.0,64.5,50
109183,Kabir Patel,CSE,1,7.5,76.56,85
109184,Rohan Sharma,CSE,7,6.0,37.51,95
109185,Priya Singh,ME,8,7.5,61.55,75
109186,Rohan Verma,CSE,5,8.0,28.27,85
109187,Sneha Jha,ECE,3,7.5,8.46,50
109188,Kabir Verma,ME,7,8.5,92.92,50
109189,Rohan Patel,ECE,3,6.0,58.12,50
109190,Rohan Patel,CE,7,7.5,46.25,75
109191,Priya Kumar,ECE,1,7.5,33.22,95
109192,Aditya Patel,CSE,8,8.5,21.03,75
109193,Vikram Rao,CE,6,8.5,22.72,65
109194,Rohan Reddy,ECE,1,9.0,85.89,85
109195,Sneha Sharma,EEE,3,7.5,50.44,65
109196,Diya Gupta,ECE,2,8.0,20.69,50
109197,Aarav Patel,ME,1,8.5,99.8,65
109198,Aarav Jha,ECE,5,6.0,41.02,75
109199,Isha Singh,ME,6,6.0,57.35,75
109200,Diya Jha,ECE,6,8.5,38.36,75
109201,Priya Verma,CE,1,8.5,15.44,95
109202,Vikram Singh,ME,8,8.0,77.82,85
109203,Vikram Verma,ECE,1,8.5,93.44,85
109204,Sneha Kumar,ECE,2,7.5,69.66,85
109205,Sneha Singh,CSE,7,6.0,33.42,65
109206,Isha Joshi,ME,8,6.0,21.1,65
109207,Ananya Gupta,EEE,3,8.0,68.47,50
109208,Ananya Sharma,ME,3,6.0,55.1,65
109209,Sneha Gupta,ME,8,7.5,31.95,85
109210,Kabir Kumar,CSE,6,8.0,54.07,65
109211,Diya Joshi,CSE,7,8.5,30.59,65
109212,Aditya Jha,EEE,5,7.5,83.27,95
109213,Kabir Sharma,CE,1,8.5,38.82,95
109214,Aarav Rao,ME,5,8.0,67.96,50
109215,Ananya Rao,EEE,1,7.5,0.09,85
109216,Isha Jha,CE,4,8.0,95.56,65
109217,Ananya Kumar,ECE,1,7.5,57.99,65
109218,Priya Reddy,CE,8,8.0,14.11,75
109219,Diya Gupta,ME,4,8.0,10.11,95
109220,Rohan Jha,EEE,2,9.0,14.34,65
109221,Priya Gupta,ME,5,6.0,78.04,95
109222,Aarav Patel,CSE,7,8.5,27.53,85
109223,Ananya Gupta,CSE,2,8.0,76.28,50
109224,Kabir Patel,ME,6,6.0,67.73,95
109225,Vikram Verma,CSE,2,7.5,53.41,65
109226,Isha Verma,ECE,8,8.0,58.06,75
109227,Isha Singh,CSE,6,7.5,70.56,85
109228,Vikram Sharma,CE,4,8.0,17.19,95
109229,Aarav Singh,ECE,5,6.0,30.34,75
109230,Ananya Gupta,CSE,8,7.5,95.47,65
109231,Priya Patel,ECE,7,8.5,33.71,85
109232,Ananya Gupta,EEE,1,7.5,8.29,95
109233,Aditya Reddy,EEE,7,8.0,43.86,85
109234,Kabir Reddy,EEE,4,9.0,20.63,75
109235,Aarav Rao,ME,2,6.0,83.91,75
109236,Ananya Rao,EEE,1,7.5,47.21,65
109237,Ananya Patel,CE,2,8.5,46.96,50
109238,Rohan Jha,ECE,3,8.0,38.99,95
109239,Priya Verma,ME,7,8.0,33.39,75
109240,Aditya Joshi,ECE,4,6.0,26.48,65
109241,Diya Reddy,EEE,7,6.0,72.25,65
109242,Isha Jha,ECE,3,9.0,15.7,75
109243,Rohan Rao,ECE,2,7.5,13.82,85
109244,Vikram Verma,EEE,7,8.5,64.57,50
109245,Aarav Kumar,CE,3,6.0,25.23,65
109246,Aarav Kumar,CE,6,8.0,16.79,95
109247,Vikram Rao,CSE,4,9.0,22.25,95
109248,Aditya Verma,ECE,6,8.0,4.7,75
109249,Vikram Gupta,CSE,8,8.5,43.58,85
109250,Kabir Sharma,ME,3,8.0,28.86,50
109251,Vikram Kumar,CE,3,7.5,87.09,95
109252,Kabir Reddy,ME,4,8.5,71.92,75
109253,Rohan Patel,CE,7,9.0,97.18,95
109254,Sneha Singh,CSE,4,9.0,48.07,95
109255,Priya Jha,ME,8,6.0,79.32,50
109256,Priya Jha,CE,8,6.0,18.54,50
109257,Rohan Patel,ECE,8,6.0,78.26,95
109258,Rohan Joshi,CE,7,6.0,96.81,95
109259,Rohan Joshi,ECE,7,8.0,15.95,50
109260,Diya Rao,EEE,8,8.0,56.72,65
109261,Aditya Verma,EEE,5,9.0,3.72,75
109262,Aditya Verma,ECE,8,9.0,96.37,95
109263,Aarav Patel,CSE,7,7.5,98.45,50
109264,Sneha Joshi,CE,5,9.0,3.02,65
109265,Kabir Jha,CSE,7,6.0,39.16,50
109266,Aditya Reddy,ME,2,8.5,2.56,95
109267,Ananya Kumar,ECE,1,6.0,50.12,50
109268,Kabir Jha,CE,1,9.0,94.58,85
109269,Rohan Sharma,ECE,4,8.5,12.55,95
109270,Vikram Kumar,ECE,2,9.0,47.22,50
109271,Sneha Reddy,ECE,4,9.0,86.27,85
109272,Ananya Gupta,EEE,1,8.0,54.49,75
109273,Vikram Singh,EEE,6,8.5,92.82,65
109274,Kabir Sharma,ME,1,8.0,82.77,85
109275,Ananya Sharma,CE,7,7.5,1.27,85
109276,Aditya Sharma,EEE,6,7.5,64.13,95
109277,Diya Joshi,CSE,6,7.5,62.6,50
109278,Rohan Gupta,ME,8,6.0,11.07,95
109279,Aditya Reddy,CE,1,7.5,53.9,50
109280,Rohan Joshi,CSE,5,8.5,60.6,65
109281,Vikram Rao,CSE,8,7.5,95.47,95
109282,Kabir Joshi,ECE,7,8.5,74.04,50
109283,Sneha Singh,EEE,4,8.5,37.79,50
109284,Kabir Patel,EEE,4,7.5,70.09,65
109285,Aarav Singh,ME,3,7.5,94.28,85
109286,Kabir Kumar,CE,7,8.0,86.66,65
109287,Sneha Kumar,CE,2,6.0,92.0,85
109288,Vikram Patel,CSE,6,9.0,49.34,65
109289,Vikram Sharma,CSE,8,8.5,15.76,85
109290,Vikram Verma,ME,8,6.0,45.25,50
109291,Aarav Gupta,CE,8,8.0,69.99,50
109292,Priya Sharma,CSE,7,6.0,86.84,95
109293,Vikram Kumar,ECE,2,7.5,87.48,65
109294,Vikram Kumar,EEE,5,8.0,55.3,75
109295,Kabir Patel,ECE,1,6.0,88.27,65
109296,Ananya Patel,ME,8,6.0,35.37,65
109297,Isha Singh,EEE,2,9.0,42.41,65
109298,Diya Rao,CE,3,6.0,34.38,95
109299,Ananya Singh,CSE,3,7.5,62.71,65
109300,Isha Reddy,ECE,2,9.0,63.17,65
109301,Kabir Rao,CE,4,7.5,82.22,75
109302,Vikram Joshi,CE,7,8.5,90.75,65
109303,Isha Verma,EEE,2,7.5,48.24,85
109304,Kabir Sharma,EEE,7,8.0,63.36,65
109305,Diya Jha,ME,2,8.0,48.54,50
109306,Priya Patel,ME,1,6.0,15.24,50
109307,Diya Verma,CE,3,8.5,41.53,75
109308,Isha Gupta,CE,4,7.5,80.96,75
109309,Vikram Singh,CE,4,9.0,41.3,50
109310,Rohan Patel,ECE,7,8.0,94.57,75
109311,Rohan Sharma,CSE,7,8.5,68.84,65
109312,Rohan Reddy,CE,2,9.0,96.51,65
109313,Ananya Patel,CE,1,7.5,61.87,65
109314,Priya Rao,ME,6,8.5,87.85,85
109315,Kabir Reddy,CSE,8,6.0,35.12,85
109316,Vikram Reddy,ME,3,8.5,90.47,65
109317,Aarav Patel,ME,6,9.0,65.36,50
109318,Aditya Kumar,EEE,3,9.0,86.23,95
109319,Aarav Sharma,CE,6,8.0,62.4,85
109320,Isha Patel,CSE,5,6.0,63.85,75
109321,Aditya Sharma,ECE,5,7.5,0.13,75
109322,Aditya Jha,ECE,2,8.0,2.74,50
109323,Vikram Reddy,EEE,8,9.0,2.75,75
109324,Aditya Verma,CE,7,8.5,8.06,85
109325,Isha Verma,ECE,4,6.0,38.96,50
109326,Aditya Singh,CE,6,6.0,53.94,65
109327,Ananya Reddy,CE,6,8.5,68.38,75
109328,Vikram Reddy,ECE,3,8.5,15.31,95
109329,Aditya Reddy,CSE,1,9.0,23.76,95
109330,Sneha Sharma,EEE,7,8.5,60.23,95
109331,Isha Joshi,ECE,5,8.5,7.18,85
109332,Vikram Sharma,EEE,3,9.0,44.39,50
109333,Isha Rao,ME,4,6.0,28.51,85
109334,Isha Kumar,CE,7,8.0,8.93,95
109335,Vikram Gupta,CSE,4,6.0,97.75,65
109336,Rohan Rao,ME,1,8.0,67.57,95
109337,Isha Reddy,CSE,1,7.5,13.46,95
109338,Vikram Kumar,EEE,1,9.0,45.95,85
109339,Isha Sharma,ME,2,8.5,62.0,75
109340,Aditya Singh,CSE,1,7.5,62.67,85
109341,Vikram Jha,ECE,2,8.5,24.31,85
109342,Rohan Sharma,CSE,6,7.5,77.18,50
109343,Isha Singh,CSE,2,8.5,43.85,65
109344,Sneha Reddy,CE,3,9.0,10.75,85
109345,Vikram Kumar,CSE,4,7.5,51.63,85
109346,Aarav Verma,EEE,6,8.0,58.1,85
109347,Rohan Gupta,ECE,5,7.5,69.06,50
109348,Kabir Patel,CSE,7,9.0,90.44,65
109349,Sneha Rao,ECE,3,9.0,87.57,50
109350,Vikram Patel,EEE,7,7.5,18.81,50
109351,Rohan Kumar,ME,2,7.5,17.65,65
109352,Ananya Jha,ECE,5,9.0,73.6,85
109353,Sneha Verma,EEE,3,6.0,63.85,85
109354,Vikram Verma,CE,1,9.0,91.85,65
109355,Sneha Singh,EEE,5,8.5,19.62,75
109356,Rohan Sharma,ME,8,8.5,22.33,65
109357,Diya Kumar,EEE,3,7.5,2.57,65
109358,Rohan Jha,EEE,3,7.5,69.97,75
109359,Vikram Rao,EEE,2,8.0,88.86,75
109360,Isha Gupta,CSE,4,8.5,18.11,65
109361,Ananya Reddy,CE,2,9.0,69.03,85
109362,Isha Sharma,ECE,3,7.5,7.93,95
109363,Rohan Reddy,ECE,2,7.5,20.65,85
109364,Priya Gupta,CSE,2,8.5,22.64,95
109365,Diya Singh,EEE,5,6.0,78.21,95
109366,Ananya Verma,EEE,3,8.5,48.18,85
109367,Ananya Singh,EEE,8,9.0,54.1,85
109368,Rohan Joshi,CE,8,7.5,91.45,65
109369,Aarav Patel,ECE,4,6.0,67.06,65
109370,Aarav Rao,CSE,1,8.0,48.41,50
109371,Isha Rao,CE,5,8.0,46.06,95
109372,Aarav Rao,CE,6,9.0,24.59,75
109373,Diya Rao,CSE,4,8.0,32.26,95
109374,Ananya Singh,CSE,8,8.5,26.12,85
109375,Sneha Verma,EEE,6,9.0,94.55,75
109376,Priya Singh,ME,5,9.0,37.3,75
109377,Aditya Kumar,ME,2,8.5,52.5,50
109378,Ananya Jha,CSE,1,8.5,66.44,85
109379,Aditya Kumar,ECE,2,8.0,83.51,85
109380,Diya Reddy,ME,7,9.0,55.91,75
109381,Rohan Kumar,ME,8,9.0,97.33,75
109382,Priya Joshi,EEE,2,8.5,79.39,75
109383,Priya Kumar,ECE,3,9.0,52.4,65
109384,Ananya Sharma,CSE,7,6.0,97.45,95
109385,Diya Jha,ME,5,9.0,76.82,95
109386,Ananya Reddy,EEE,2,9.0,87.18,50
109387,Sneha Verma,CE,5,9.0,71.33,50
109388,Isha Sharma,ME,5,8.0,59.93,75
109389,Kabir Rao,ECE,4,6.0,38.04,85
109390,Ananya Rao,CSE,2,8.0,27.17,50
109391,Kabir Gupta,ME,3,7.5,40.91,65
109392,Ananya Rao,ECE,1,8.0,91.35,85
109393,Kabir Jha,ECE,1,7.5,47.93,85
109394,Sneha Joshi,EEE,4,8.0,27.32,50
109395,Sneha Rao,ME,2,9.0,22.64,75
109396,Vikram Rao,ME,5,9.0,24.47,75
109397,Vikram Rao,ECE,6,8.0,41.84,50
109398,Aditya Joshi,ECE,8,8.0,47.36,95
109399,Aarav Patel,ECE,8,8.0,50.2,85
109400,Kabir Gupta,CE,2,7.5,72.44,65
109401,Sneha Reddy,ME,6,9.0,21.8,50
109402,Rohan Joshi,ME,1,8.5,94.44,50
109403,Vikram Rao,CE,5,8.0,69.37,95
109404,Aarav Reddy,CE,5,8.5,21.68,50
109405,Priya Reddy,EEE,4,8.0,62.58,65
109406,Aarav Verma,CSE,8,8.5,65.08,85
109407,Aditya Singh,CSE,3,6.0,2.92,85
109408,Vikram Kumar,CE,3,9.0,53.69,85
109409,Ananya Reddy,CSE,2,8.5,42.96,95
109410,Ananya Singh,CE,5,6.0,69.03,95
109411,Sneha Joshi,CSE,6,8.5,7.53,85
109412,Aarav Patel,CE,8,8.5,3.58,65
109413,Aditya Joshi,ME,8,6.0,6.4,75
109414,Rohan Gupta,EEE,6,9.0,85.73,50
109415,Priya Reddy,CE,1,7.5,87.66,75
109416,Sneha Gupta,CSE,8,8.5,65.76,95
109417,Ananya Joshi,ECE,2,8.0,81.27,85
109418,Ananya Sharma,ECE,8,6.0,1.76,75
109419,Aditya Verma,ME,8,6.0,62.52,65
109420,Aarav Kumar,CE,3,6.0,90.25,85
109421,Diya Patel,CE,8,8.0,51.52,50
109422,Kabir Singh,ME,7,8.0,82.85,85
109423,Aditya Gupta,EEE,6,7.5,83.95,50
109424,Priya Singh,ECE,1,7.5,72.85,75
109425,Isha Verma,CE,7,6.0,15.16,95
109426,Rohan Kumar,ECE,1,6.0,90.88,75
109427,Aditya Verma,EEE,5,7.5,0.39,85
109428,Rohan Rao,ME,3,7.5,66.38,85
109429,Ananya Joshi,CE,5,7.5,38.64,95
109430,Vikram Singh,CE,1,8.5,63.17,65
109431,Priya Jha,ECE,8,9.0,8.11,75
109432,Sneha Singh,ME,6,8.5,42.8,95
109433,Rohan Gupta,EEE,5,6.0,92.41,75
109434,Aarav Sharma,EEE,8,7.5,90.69,85
109435,Diya Sharma,EEE,2,7.5,38.06,75
109436,Priya Kumar,EEE,2,8.5,29.75,85
109437,Sneha Rao,ME,1,8.0,95.36,75
109438,Vikram Kumar,CE,1,9.0,38.66,50
109439,Kabir Patel,EEE,6,9.0,74.43,50
109440,Isha Jha,ME,6,6.0,87.79,50
109441,Rohan Singh,ME,1,8.5,8.19,50
109442,Sneha Gupta,ECE,1,8.5,2.54,95
109443,Sneha Sharma,CE,7,7.5,71.82,50
109444,Rohan Sharma,CSE,3,6.0,45.9,85
109445,Rohan Sharma,EEE,5,8.5,17.41,75
109446,Aditya Gupta,ME,2,7.5,54.76,95
109447,Isha Jha,EEE,8,9.0,11.04,85
109448,Priya Jha,ECE,4,6.0,70.29,85
109449,Sneha Jha,CSE,4,8.5,6.87,75
109450,Isha Patel,EEE,8,7.5,84.63,75
109451,Priya Kumar,ECE,6,8.5,86.83,75
109452,Sneha Rao,EEE,6,6.0,27.03,85
109453,Priya Reddy,CSE,5,6.0,49.31,65
109454,Priya Sharma,EEE,5,9.0,40.44,85
109455,Vikram Patel,CSE,5,7.5,15.42,75
109456,Aarav Rao,CE,4,9.0,49.69,95
109457,Isha Rao,CSE,2,8.5,35.55,50
109458,Aditya Joshi,CSE,7,7.5,33.98,65
109459,Sneha Patel,ME,1,7.5,89.7,95
109460,Rohan Rao,CE,6,8.5,4.59,75
109461,Isha Reddy,EEE,1,8.0,35.41,65
109462,Aditya Singh,ME,1,9.0,82.41,95
109463,Kabir Patel,CSE,3,6.0,36.28,50
109464,Isha Sharma,CSE,5,8.0,91.88,85
109465,Aarav Singh,ECE,7,8.5,38.08,75
109466,Kabir Sharma,ECE,2,6.0,26.88,95
109467,Diya Joshi,CSE,5,7.5,39.46,95
109468,Kabir Rao,ECE,1,8.0,41.08,65
109469,Priya Patel,EEE,2,6.0,86.6,75
109470,Sneha Jha,CE,4,6.0,57.5,75
109471,Sneha Kumar,ME,4,8.0,18.62,95
109472,Priya Verma,EEE,4,7.5,15.55,95
109473,Aarav Joshi,CSE,2,6.0,99.85,85
109474,Aditya Jha,CE,4,7.5,96.68,50
109475,Aarav Sharma,CE,8,6.0,55.9,95
109476,Aditya Verma,EEE,7,8.5,92.37,75
109477,Vikram Reddy,CE,5,8.5,82.28,95
109478,Vikram Kumar,CSE,4,8.5,53.24,95
109479,Rohan Jha,ECE,5,8.5,4.46,50
109480,Aarav Kumar,ME,4,8.0,23.02,50
109481,Diya Joshi,EEE,5,8.0,24.52,85
109482,Priya Rao,ME,4,8.0,17.79,65
109483,Aditya Sharma,CSE,6,9.0,66.62,95
109484,Aditya Patel,EEE,7,8.0,1.77,65
109485,Rohan Singh,CSE,3,7.5,91.28,50
109486,Rohan Reddy,EEE,7,8.0,11.05,95
109487,Aditya Kumar,ME,6,8.5,4.93,85
109488,Aditya Verma,CE,7,9.0,9.17,65
109489,Vikram Reddy,ECE,5,9.0,41.19,65
109490,Aarav Patel,CSE,2,8.5,4.03,65
109491,Rohan Reddy,ME,2,6.0,32.16,85
109492,Isha Patel,EEE,6,7.5,26.59,95
109493,Rohan Jha,ME,4,7.5,48.83,85
109494,Ananya Sharma,ME,4,6.0,99.15,85
109495,Sneha Reddy,ECE,4,7.5,95.52,75
109496,Kabir Joshi,EEE,2,9.0,2.52,75
109497,Aarav Sharma,ECE,5,8.5,91.37,85
109498,Rohan Jha,CE,7,8.0,38.91,95
109499,Rohan Kumar,EEE,6,8.0,47.09,95
109500,Kabir Patel,CSE,2,9.0,50.29,50
109501,Kabir Gupta,CSE,8,6.0,17.54,95
109502,Kabir Gupta,CSE,5,8.5,74.16,75
109503,Isha Joshi,EEE,2,9.0,47.99,95
109504,Ananya Reddy,EEE,5,7.5,66.84,85
109505,Diya Rao,CSE,3,8.0,23.55,85
109506,Rohan Jha,EEE,5,9.0,35.04,65
109507,Aarav Rao,CE,4,8.5,21.1,50
109508,Diya Joshi,CE,1,9.0,92.11,75
109509,Kabir Gupta,EEE,6,8.0,49.62,65
109510,Diya Jha,ECE,5,6.0,30.58,85
109511,Priya Patel,CE,5,8.5,56.93,75
109512,Diya Verma,ECE,2,6.0,7.03,75
109513,Sneha Gupta,ECE,2,7.5,62.5,75
109514,Sneha Rao,ME,2,8.0,42.56,95
109515,Aditya Joshi,CE,7,8.0,65.72,85
109516,Priya Gupta,ECE,6,8.5,24.64,50
109517,Sneha Gupta,ECE,6,6.0,57.54,85
109518,Sneha Jha,CSE,4,8.5,40.21,50
109519,Ananya Sharma,CSE,4,8.5,27.82,65
109520,Isha Singh,CSE,2,7.5,27.74,50
109521,Isha Kumar,CE,5,7.5,68.06,75
109522,Sneha Verma,CE,4,9.0,19.38,65
109523,Vikram Kumar,ME,8,9.0,44.87,95
109524,Sneha Rao,CSE,7,6.0,97.25,65
109525,Sneha Kumar,CSE,8,7.5,55.77,50
109526,Rohan Verma,ECE,7,7.5,11.37,85
109527,Kabir Jha,ECE,3,7.5,12.55,75
109528,Kabir Kumar,ECE,2,8.5,70.62,75
109529,Ananya Reddy,ME,5,7.5,9.85,65
109530,Aarav Kumar,ME,1,8.5,32.52,65
109531,Aditya Sharma,EEE,5,8.0,1.9,75
109532,Diya Reddy,CSE,1,8.0,61.56,95
109533,Aditya Rao,CE,6,7.5,69.54,50
109534,Ananya Verma,EEE,8,8.0,84.64,65
109535,Isha Joshi,CSE,6,7.5,26.09,95
109536,Ananya Reddy,CE,2,7.5,32.06,50
109537,Aarav Rao,EEE,7,6.0,81.21,50
109538,Aditya Kumar,CSE,7,8.5,2.31,95
109539,Sneha Gupta,EEE,6,8.5,29.89,95
109540,Ananya Kumar,ME,2,8.0,94.02,50
109541,Aditya Rao,EEE,6,8.0,54.32,75
109542,Ananya Verma,CE,8,6.0,53.51,95
109543,Kabir Joshi,CSE,6,8.0,25.24,75
109544,Vikram Jha,ME,8,9.0,69.58,50
109545,Diya Kumar,ME,1,7.5,9.39,75
109546,Priya Patel,ECE,7,9.0,61.3,85
109547,Vikram Rao,EEE,6,8.5,96.56,95
109548,Diya Kumar,CE,1,6.0,42.24,50
109549,Sneha Verma,ECE,3,6.0,88.45,75
109550,Rohan Singh,EEE,8,8.5,53.6,65
109551,Priya Sharma,ECE,2,6.0,73.05,75
109552,Aarav Patel,CSE,7,7.5,87.67,85
109553,Vikram Gupta,EEE,3,8.5,78.07,50
109554,Sneha Singh,CE,7,6.0,85.73,75
109555,Diya Joshi,ME,4,7.5,44.49,95
109556,Rohan Sharma,CE,7,9.0,97.02,65
109557,Aarav Kumar,EEE,8,6.0,1.65,75
109558,Sneha Singh,CE,5,8.0,78.84,85
109559,Aarav Joshi,EEE,4,7.5,40.07,75
109560,Diya Patel,EEE,2,9.0,92.31,75
109561,Kabir Rao,CE,8,7.5,29.86,50
109562,Diya Verma,EEE,2,6.0,94.74,50
109563,Isha Rao,EEE,1,6.0,75.51,85
109564,Rohan Sharma,ECE,3,9.0,57.83,95
109565,Isha Sharma,EEE,8,7.5,86.16,50
109566,Rohan Patel,ECE,5,8.5,8.73,85
109567,Diya Rao,ECE,3,6.0,89.53,75
109568,Isha Patel,CSE,1,8.5,99.9,85
109569,Kabir Gupta,CE,1,7.5,51.49,95
109570,Aditya Verma,EEE,1,8.5,27.86,75
109571,Isha Verma,ME,4,7.5,93.24,65
109572,Kabir Kumar,CSE,3,7.5,63.69,75
109573,Diya Joshi,CE,6,8.5,9.68,75
109574,Kabir Joshi,EEE,5,8.5,43.93,65
109575,Rohan Gupta,ECE,3,7.5,39.86,95
109576,Rohan Kumar,CSE,5,8.0,95.98,85
109577,Isha Patel,ECE,7,6.0,81.82,50
109578,Kabir Sharma,CE,7,7.5,91.23,95
109579,Sneha Sharma,CSE,2,9.0,3.78,75
109580,Rohan Patel,CSE,2,8.0,40.94,65
109581,Vikram Gupta,CSE,1,9.0,81.58,85
109582,Rohan Reddy,ECE,2,9.0,27.12,65
109583,Aarav Gupta,CSE,7,7.5,78.37,95
109584,Aarav Rao,ECE,5,9.0,18.2,75
109585,Kabir Sharma,ME,7,8.5,70.2,65
109586,Rohan Rao,CE,2,8.5,49.16,95
109587,Kabir Jha,ECE,8,8.5,6.83,50
109588,Diya Jha,CSE,7,8.5,30.87,65
109589,Rohan Sharma,ECE,8,8.5,28.8,95
109590,Isha Verma,EEE,2,6.0,67.98,95
109591,Kabir Gupta,CSE,5,8.5,9.15,65
109592,Aarav Jha,EEE,2,7.5,96.56,65
109593,Vikram Patel,EEE,3,9.0,1.0,50
109594,Priya Joshi,ECE,5,8.5,11.45,95
109595,Priya Patel,ECE,5,8.5,41.61,75
109596,Diya Gupta,ECE,3,6.0,44.51,85
109597,Ananya Reddy,ME,1,9.0,28.02,65
109598,Diya Kumar,ECE,5,9.0,22.21,95
109599,Sneha Reddy,ME,7,8.5,21.82,75
109600,Ananya Joshi,CSE,2,8.0,92.04,95
109601,Priya Singh,ME,8,9.0,57.83,95
109602,Isha Rao,ME,8,6.0,40.48,65
109603,Vikram Patel,CE,7,8.0,39.68,75
109604,Kabir Rao,CSE,4,8.5,51.04,85
109605,Diya Patel,CSE,4,8.0,77.88,65
109606,Ananya Reddy,ME,6,7.5,13.58,95
109607,Kabir Patel,ECE,2,9.0,9.51,85
109608,Kabir Rao,EEE,4,8.0,62.09,65
109609,Sneha Joshi,CSE,4,7.5,7.55,95
109610,Vikram Rao,CSE,6,8.5,8.56,95
109611,Isha Reddy,ME,4,9.0,57.67,85
109612,Aarav Kumar,CE,4,6.0,9.12,50
109613,Aarav Jha,ME,1,6.0,59.04,65
109614,Priya Kumar,ME,6,8.0,91.08,85
109615,Aarav Gupta,EEE,5,9.0,72.81,95
109616,Aarav Joshi,ME,6,7.5,19.12,95
109617,Rohan Verma,ME,6,9.0,35.68,85
109618,Sneha Rao,ECE,5,8.5,69.45,95
109619,Vikram Reddy,ME,6,9.0,21.67,85
109620,Ananya Joshi,CSE,2,6.0,76.71,75
109621,Rohan Joshi,CSE,4,8.5,35.51,95
109622,Priya Reddy,CSE,5,9.0,82.65,95
109623,Diya Verma,CE,3,9.0,65.43,85
109624,Ananya Patel,EEE,2,7.5,9.95,65
109625,Vikram Joshi,CE,3,8.5,11.82,85
109626,Isha Sharma,ECE,2,8.0,54.51,75
109627,Kabir Kumar,CSE,4,6.0,62.71,75
109628,Vikram Jha,ECE,2,8.0,10.73,75
109629,Priya Verma,ECE,5,6.0,70.84,95
109630,Vikram Reddy,ECE,2,7.5,92.21,75
109631,Rohan Verma,ME,4,9.0,95.44,75
109632,Aarav Reddy,CSE,2,6.0,29.14,65
109633,Ananya Gupta,CSE,6,8.5,55.32,65
109634,Aditya Patel,ME,8,9.0,61.91,95
109635,Aarav Sharma,CE,5,9.0,92.14,75
109636,Priya Kumar,ECE,4,8.0,24.46,75
109637,Diya Patel,CSE,8,8.0,50.14,75
109638,Aarav Jha,ME,7,8.5,14.2,95
109639,Kabir Joshi,ECE,7,7.5,97.06,95
109640,Ananya Gupta,ECE,6,9.0,48.65,85
109641,Sneha Sharma,CE,4,6.0,73.76,95
109642,Isha Gupta,EEE,5,7.5,67.28,85
109643,Vikram Singh,CE,7,9.0,19.38,95
109644,Diya Reddy,ECE,7,9.0,54.48,50
109645,Sneha Patel,CE,1,7.5,7.94,50
109646,Kabir Singh,ME,4,6.0,22.73,95
109647,Rohan Jha,ECE,3,8.0,53.26,95
109648,Ananya Kumar,CE,6,9.0,75.96,75
109649,Aarav Patel,CSE,3,7.5,46.47,65
109650,Isha Jha,CSE,7,9.0,7.87,65
109651,Sneha Jha,EEE,3,9.0,58.89,75
109652,Kabir Patel,ECE,4,8.5,77.46,95
109653,Aditya Joshi,ME,4,8.5,24.78,75
109654,Diya Reddy,CSE,7,6.0,87.22,95
109655,Aditya Gupta,ECE,2,8.0,58.53,65
109656,Aditya Jha,ME,6,8.0,80.47,85
109657,Aarav Singh,CSE,7,7.5,82.55,50
109658,Diya Gupta,CE,5,9.0,11.4,50
109659,Rohan Rao,CE,5,6.0,90.94,50
109660,Rohan Jha,CE,2,6.0,72.7,65
109661,Ananya Verma,EEE,5,9.0,72.36,50
109662,Kabir Patel,CE,8,6.0,9.65,85
109663,Aditya Patel,ME,1,8.0,11.63,50
109664,Isha Sharma,EEE,3,7.5,8.8,85
109665,Vikram Verma,CE,3,6.0,85.59,50
109666,Aditya Patel,ME,3,9.0,97.29,50
109667,Aditya Sharma,ME,6,6.0,93.52,65
109668,Aditya Rao,EEE,6,6.0,10.92,65
109669,Isha Patel,ME,8,9.0,95.79,50
109670,Priya Reddy,ME,2,8.5,21.77,65
109671,Isha Sharma,ME,8,9.0,16.4,95
109672,Ananya Gupta,ME,1,8.0,50.96,75
109673,Rohan Sharma,ECE,6,8.5,78.05,75
109674,Diya Jha,EEE,6,8.5,79.36,65
109675,Vikram Gupta,ME,6,7.5,3.13,85
109676,Aditya Rao,CE,3,9.0,76.54,85
109677,Ananya Rao,EEE,6,8.0,35.81,50
109678,Diya Gupta,EEE,8,8.5,3.33,85
109679,Diya Joshi,ME,6,7.5,31.97,95
109680,Kabir Gupta,ECE,1,8.5,72.87,65
109681,Isha Gupta,EEE,2,6.0,50.4,95
109682,Diya Reddy,CE,4,8.5,36.61,65
109683,Priya Jha,CSE,7,8.0,14.61,75
109684,Aarav Verma,CE,2,8.0,85.95,75
109685,Sneha Jha,CE,4,8.0,88.39,85
109686,Ananya Reddy,CE,3,6.0,34.79,85
109687,Isha Patel,EEE,7,6.0,28.27,85
109688,Aarav Singh,CSE,4,9.0,24.33,50
109689,Vikram Sharma,ECE,7,8.0,45.5,75
109690,Isha Kumar,EEE,5,6.0,1.99,85
109691,Ananya Joshi,EEE,7,6.0,32.58,65
109692,Aditya Joshi,CE,7,9.0,44.61,95
109693,Kabir Reddy,CSE,1,9.0,29.41,95
109694,Sneha Joshi,EEE,3,8.5,45.1,95
109695,Sneha Verma,CE,2,6.0,26.92,50
109696,Diya Jha,ME,6,6.0,96.4,85
109697,Diya Jha,CSE,7,8.5,66.1,65
109698,Aarav Jha,CSE,3,6.0,22.87,75
109699,Vikram Verma,CSE,6,9.0,32.86,95
109700,Rohan Patel,CSE,3,8.5,56.01,65
109701,Rohan Sharma,CSE,6,6.0,11.45,75
109702,Aditya Singh,EEE,6,8.0,7.46,50
109703,Diya Kumar,CSE,6,7.5,14.69,65
109704,Priya Patel,ME,1,6.0,55.05,75
109705,Aarav Jha,CSE,4,7.5,95.24,65
109706,Vikram Jha,CSE,1,8.0,1.0,65
109707,Sneha Sharma,CE,5,8.0,9.55,65
109708,Priya Gupta,EEE,5,7.5,69.77,65
109709,Kabir Patel,CSE,8,6.0,27.34,95
109710,Diya Singh,ME,4,6.0,19.01,65
109711,Kabir Reddy,CSE,6,8.5,35.83,75
109712,Kabir Verma,CSE,4,9.0,7.89,95
109713,Ananya Gupta,CE,3,7.5,38.47,95
109714,Priya Kumar,ECE,8,6.0,20.47,95
109715,Diya Reddy,EEE,6,6.0,71.59,50
109716,Diya Patel,ME,7,6.0,84.79,50
109717,Aarav Rao,ECE,2,7.5,49.16,95
109718,Diya Reddy,ME,2,8.0,63.21,50
109719,Kabir Patel,EEE,5,6.0,0.49,85
109720,Aditya Patel,ME,8,7.5,50.22,65
109721,Diya Sharma,ECE,4,8.0,81.66,75
109722,Ananya Patel,CE,6,8.5,3.16,85
109723,Rohan Joshi,CE,1,8.5,99.85,95
109724,Priya Jha,CE,2,8.0,7.27,65
109725,Diya Joshi,CSE,4,8.5,5.5,95
109726,Aarav Patel,CE,1,9.0,64.34,50
109727,Kabir Patel,ME,4,9.0,84.31,65
109728,Sneha Reddy,CE,3,8.5,82.74,95
109729,Ananya Rao,ME,2,6.0,8.65,75
109730,Kabir Kumar,ECE,7,8.0,75.64,65
109731,Rohan Verma,CE,6,7.5,30.0,95
109732,Rohan Sharma,CSE,1,7.5,51.24,95
109733,Aditya Jha,CE,5,6.0,10.68,95
109734,Isha Jha,ECE,3,8.5,36.87,95
109735,Diya Singh,CSE,5,9.0,35.5,95
109736,Aditya Verma,CSE,8,6.0,46.34,75
109737,Ananya Rao,EEE,1,9.0,95.74,50
109738,Priya Verma,CSE,1,9.0,81.81,95
109739,Priya Jha,ME,4,6.0,93.94,85
109740,Ananya Kumar,CSE,5,6.0,3.93,50
109741,Isha Patel,CE,8,6.0,58.76,75
109742,Diya Joshi,EEE,2,9.0,96.84,50
109743,Ananya Sharma,CE,7,9.0,76.33,85
109744,Sneha Rao,ME,6,8.5,63.36,50
109745,Isha Sharma,ME,3,8.5,69.23,75
109746,Vikram Rao,CE,8,8.0,13.1,65
109747,Kabir Rao,CE,7,8.0,81.87,85
109748,Aarav Gupta,EEE,8,9.0,75.25,65
109749,Rohan Singh,EEE,1,6.0,11.68,85
109750,Ananya Reddy,CE,3,7.5,67.21,95
109751,Aditya Gupta,CE,4,9.0,52.35,50
109752,Kabir Gupta,CE,6,8.0,29.12,75
109753,Aarav Reddy,EEE,6,8.0,97.17,50
109754,Priya Gupta,CSE,2,8.0,81.27,85
109755,Priya Sharma,ME,5,8.0,47.84,65
109756,Priya Patel,EEE,6,6.0,87.0,65
109757,Aarav Patel,ME,7,8.0,2.48,75
109758,Kabir Patel,CSE,7,8.5,9.17,75
109759,Vikram Patel,CSE,8,7.5,6.24,95
109760,Isha Rao,CSE,5,8.0,88.27,95
109761,Rohan Verma,ECE,1,8.0,87.36,65
109762,Aarav Kumar,EEE,1,8.0,53.54,65
109763,Vikram Rao,CSE,3,9.0,66.67,65
109764,Isha Sharma,EEE,1,8.0,14.07,65
109765,Aarav Jha,ME,4,6.0,75.51,95
109766,Isha Jha,ECE,3,6.0,59.86,75
109767,Vikram Jha,ECE,5,7.5,88.99,75
109768,Vikram Sharma,CSE,6,9.0,4.48,75
109769,Aditya Kumar,ME,2,7.5,68.98,65
109770,Ananya Reddy,CE,3,9.0,14.3,95
109771,Diya Kumar,ECE,7,6.0,12.26,65
109772,Isha Sharma,EEE,7,8.5,85.81,95
109773,Isha Gupta,CSE,2,6.0,25.53,85
109774,Sneha Patel,CE,2,8.5,13.41,65
109775,Aditya Verma,EEE,7,7.5,55.44,75
109776,Priya Sharma,CSE,5,8.0,96.07,50
109777,Rohan Kumar,CE,2,8.0,24.58,85
109778,Diya Singh,CSE,6,7.5,95.3,65
109779,Isha Reddy,ECE,5,7.5,92.25,85
109780,Ananya Sharma,CSE,1,9.0,68.64,95
109781,Ananya Rao,ME,2,8.0,9.16,75
109782,Priya Gupta,EEE,7,9.0,99.75,65
109783,Ananya Patel,ME,1,6.0,55.34,75
109784,Isha Joshi,ME,1,6.0,81.45,85
109785,Priya Reddy,CSE,3,9.0,28.49,95
109786,Vikram Verma,EEE,2,9.0,6.34,85
109787,Rohan Verma,ECE,2,8.0,79.02,95
109788,Priya Singh,EEE,8,8.0,4.51,65
109789,Aarav Singh,ECE,8,8.0,96.43,85
109790,Isha Singh,CE,8,7.5,95.0,75
109791,Kabir Verma,CSE,5,9.0,3.15,65
109792,Sneha Rao,ME,1,8.0,38.53,95
109793,Kabir Verma,ECE,4,9.0,93.46,85
109794,Kabir Kumar,ME,3,8.5,13.51,75
109795,Sneha Patel,EEE,5,6.0,16.91,50
109796,Ananya Patel,CSE,4,8.5,73.64,95
109797,Sneha Kumar,EEE,7,8.5,23.52,75
109798,Priya Singh,CSE,6,8.5,80.71,95
109799,Priya Verma,CSE,2,6.0,69.95,50
109800,Rohan Singh,CE,8,8.5,62.05,75
109801,Rohan Verma,ECE,6,8.0,17.59,65
109802,Ananya Verma,CSE,2,7.5,3.0,85
109803,Aditya Singh,CSE,8,6.0,21.33,50
109804,Priya Sharma,EEE,2,8.0,80.54,50
109805,Ananya Rao,EEE,7,8.0,2.1,75
109806,Aditya Gupta,EEE,7,6.0,66.39,50
109807,Ananya Joshi,CSE,5,8.0,76.44,50
109808,Aditya Reddy,ECE,4,8.5,36.93,85
109809,Aditya Sharma,ME,8,8.0,95.12,85
109810,Vikram Joshi,CSE,8,9.0,49.49,85
109811,Rohan Patel,ME,7,6.0,15.85,65
109812,Sneha Rao,EEE,7,7.5,27.33,75
109813,Diya Gupta,CE,1,9.0,57.68,85
109814,Sneha Patel,ECE,3,8.5,64.05,85
109815,Diya Joshi,CSE,2,7.5,38.69,85
109816,Aditya Singh,CE,4,9.0,60.68,50
109817,Sneha Rao,CE,6,9.0,37.52,50
109818,Aditya Verma,ME,1,6.0,83.49,95
109819,Kabir Kumar,ME,6,8.5,45.47,65
109820,Rohan Reddy,ECE,4,7.5,68.24,65
109821,Aditya Verma,CSE,8,8.5,83.23,65
109822,Vikram Reddy,CSE,5,8.0,42.39,65
109823,Aditya Patel,EEE,1,8.5,60.66,95
109824,Sneha Jha,CSE,1,8.5,38.41,65
109825,Kabir Sharma,ECE,3,6.0,82.63,85
109826,Diya Reddy,CSE,7,6.0,52.1,50
109827,Rohan Gupta,EEE,6,7.5,67.17,50
109828,Priya Reddy,CSE,5,8.5,81.18,95
109829,Aditya Reddy,CSE,2,9.0,32.31,95
109830,Sneha Jha,CE,3,8.5,21.36,95
109831,Diya Sharma,CSE,8,6.0,95.2,65
109832,Aarav Singh,CE,6,7.5,69.99,65
109833,Aarav Jha,CE,5,7.5,80.95,50
109834,Priya Singh,ME,1,8.5,68.21,75
109835,Sneha Kumar,ME,1,9.0,97.45,75
109836,Priya Singh,ME,4,9.0,98.17,85
109837,Rohan Jha,ME,7,8.0,9.66,95
109838,Sneha Singh,ME,1,6.0,39.12,85
109839,Aarav Verma,ME,6,6.0,15.22,75
109840,Rohan Singh,CSE,1,9.0,95.68,50
109841,Sneha Jha,CE,5,7.5,96.63,50
109842,Kabir Gupta,CSE,2,8.5,41.95,50
109843,Rohan Jha,ECE,7,8.0,30.34,85
109844,Aditya Joshi,CSE,5,6.0,81.05,50
109845,Kabir Verma,EEE,2,6.0,68.87,95
109846,Isha Verma,ME,2,9.0,75.01,75
109847,Kabir Joshi,ECE,3,9.0,69.86,85
109848,Priya Rao,ME,7,7.5,44.67,75
109849,Aditya Joshi,CE,4,8.0,28.01,50
109850,Isha Patel,ME,8,6.0,83.4,50
109851,Rohan Jha,ME,8,7.5,20.21,95
109852,Diya Joshi,CSE,8,8.5,24.78,65
109853,Isha Joshi,CSE,3,6.0,33.16,65
109854,Rohan Singh,CE,4,6.0,59.16,50
109855,Aarav Patel,CSE,5,8.0,33.62,50
109856,Aditya Reddy,CSE,4,9.0,19.47,85
109857,Sneha Rao,CSE,7,9.0,88.98,50
109858,Isha Kumar,ME,5,8.0,50.1,85
109859,Aarav Patel,ECE,2,9.0,97.65,50
109860,Diya Rao,CE,6,6.0,71.0,85
109861,Diya Reddy,CE,7,8.5,57.23,75
109862,Diya Gupta,CE,4,7.5,71.47,65
109863,Isha Rao,EEE,1,8.5,56.7,65
109864,Aditya Rao,ECE,1,6.0,90.49,75
109865,Aditya Singh,ECE,2,7.5,10.81,75
109866,Priya Reddy,ECE,5,7.5,74.32,95
109867,Diya Kumar,ECE,7,7.5,39.53,65
109868,Kabir Kumar,CE,4,8.0,83.97,75
109869,Sneha Sharma,ME,5,7.5,46.61,95
109870,Aditya Patel,EEE,1,8.0,89.46,50
109871,Sneha Patel,CE,5,8.0,2.84,65
109872,Diya Gupta,ECE,5,9.0,22.09,75
109873,Ananya Patel,ECE,5,6.0,50.33,50
109874,Aarav Verma,ECE,8,7.5,17.81,75
109875,Diya Gupta,EEE,5,6.0,78.25,95
109876,Vikram Rao,CE,6,8.5,52.89,75
109877,Priya Jha,ME,2,7.5,15.1,85
109878,Rohan Verma,ME,1,6.0,0.55,85
109879,Rohan Patel,CE,1,8.5,64.09,75
109880,Ananya Singh,ECE,8,8.0,88.79,65
109881,Vikram Joshi,ME,1,6.0,40.9,50
109882,Diya Singh,EEE,6,7.5,3.93,50
109883,Diya Singh,ECE,1,9.0,70.76,85
109884,Rohan Gupta,ME,5,7.5,71.85,85
109885,Priya Sharma,CE,2,8.5,37.1,75
109886,Isha Sharma,ME,2,6.0,40.76,50
109887,Vikram Patel,CSE,6,9.0,96.83,75
109888,Aditya Gupta,ECE,3,7.5,22.43,65
109889,Rohan Rao,ME,1,9.0,12.71,75
109890,Priya Gupta,CSE,4,7.5,63.75,65
109891,Aditya Kumar,EEE,2,6.0,18.66,75
109892,Sneha Sharma,ECE,3,7.5,26.88,65
109893,Ananya Reddy,CSE,1,6.0,8.44,50
109894,Sneha Singh,ECE,2,8.5,61.07,65
109895,Kabir Gupta,EEE,2,7.5,93.22,50
109896,Sneha Verma,EEE,5,8.0,12.22,50
109897,Isha Rao,EEE,2,8.0,24.16,85
109898,Ananya Rao,CSE,2,9.0,80.19,65
109899,Ananya Reddy,CE,1,8.5,29.24,85
109900,Kabir Joshi,EEE,3,7.5,40.64,75
109901,Sneha Reddy,ECE,1,8.0,61.62,85
109902,Rohan Jha,ECE,7,7.5,14.51,75
109903,Diya Singh,EEE,8,8.5,98.62,75
109904,Rohan Sharma,ME,7,7.5,68.77,85
109905,Diya Verma,CE,8,8.5,7.17,75
109906,Isha Rao,ME,5,9.0,9.69,95
109907,Sneha Rao,CE,3,9.0,20.21,95
109908,Rohan Patel,EEE,8,7.5,45.82,75
109909,Aarav Reddy,EEE,7,6.0,50.96,95
109910,Vikram Verma,EEE,3,9.0,82.54,50
109911,Rohan Gupta,EEE,6,8.5,26.81,85
109912,Vikram Verma,CE,7,7.5,51.99,85
109913,Sneha Sharma,CSE,6,8.5,74.85,85
109914,Rohan Kumar,EEE,5,6.0,62.29,85
109915,Vikram Sharma,ME,6,7.5,74.84,75
109916,Rohan Jha,EEE,2,9.0,47.38,65
109917,Sneha Reddy,ME,8,8.5,84.34,85
109918,Diya Verma,ECE,7,7.5,9.52,75
109919,Priya Patel,ME,4,8.0,29.78,85
109920,Aarav Rao,ECE,7,8.0,50.51,75
109921,Priya Singh,CSE,1,6.0,17.63,75
109922,Aarav Joshi,ME,3,7.5,36.32,95
109923,Sneha Rao,EEE,1,8.5,25.82,85
109924,Sneha Joshi,ME,7,6.0,61.61,95
109925,Ananya Rao,CE,5,8.5,77.63,50
109926,Sneha Sharma,ME,5,8.0,99.66,95
109927,Kabir Rao,ECE,1,9.0,28.0,95
109928,Kabir Rao,CSE,3,8.0,21.08,50
109929,Isha Rao,ME,5,6.0,90.93,95
109930,Aditya Singh,ECE,6,8.0,89.02,50
109931,Rohan Jha,EEE,7,8.0,0.35,95
109932,Diya Kumar,ME,1,8.5,79.1,95
109933,Isha Joshi,CE,5,8.5,43.43,65
109934,Aditya Gupta,EEE,2,8.5,72.11,95
109935,Diya Gupta,ME,2,9.0,12.02,75
109936,Diya Patel,CE,3,8.0,10.53,85
109937,Vikram Reddy,ME,6,6.0,89.1,95
109938,Priya Sharma,CSE,5,9.0,81.25,50
109939,Sneha Rao,CSE,2,7.5,82.2,75
109940,Isha Kumar,ME,7,9.0,84.93,65
109941,Vikram Jha,ECE,6,6.0,97.92,85
109942,Aditya Singh,EEE,7,8.5,36.85,75
109943,Isha Patel,CSE,7,8.0,81.92,50
109944,Sneha Reddy,CE,6,7.5,40.2,50
109945,Vikram Singh,ECE,7,6.0,50.88,95
109946,Isha Verma,CSE,1,7.5,82.36,95
109947,Diya Reddy,EEE,4,9.0,96.93,95
109948,Diya Reddy,ECE,4,7.5,20.09,95
109949,Rohan Joshi,ME,2,8.0,18.56,85
109950,Priya Jha,EEE,5,7.5,63.08,85
109951,Isha Singh,ECE,4,9.0,94.07,85
109952,Aarav Jha,EEE,7,7.5,77.25,85
109953,Sneha Singh,ME,6,8.5,32.82,95
109954,Ananya Reddy,ME,5,9.0,88.65,95
109955,Aarav Reddy,CSE,5,9.0,55.42,50
109956,Vikram Sharma,EEE,6,6.0,90.17,95
109957,Vikram Sharma,ECE,7,8.5,20.27,65
109958,Kabir Gupta,EEE,7,7.5,14.36,65
109959,Diya Gupta,CSE,8,6.0,38.73,75
109960,Vikram Reddy,CE,4,7.5,5.59,50
109961,Aarav Jha,ECE,8,6.0,75.78,65
109962,Priya Reddy,ME,8,8.0,94.26,65
109963,Vikram Reddy,ME,8,8.0,41.67,50
109964,Rohan Gupta,CE,2,8.0,65.92,75
109965,Priya Patel,EEE,5,8.0,33.94,75
109966,Rohan Patel,ME,2,6.0,27.09,85
109967,Rohan Reddy,CSE,5,7.5,63.63,50
109968,Diya Rao,ME,8,6.0,7.1,50
109969,Priya Singh,EEE,1,7.5,1.26,75
109970,Priya Verma,ME,7,9.0,96.94,85
109971,Sneha Singh,ECE,1,8.5,32.82,85
109972,Aditya Singh,EEE,7,9.0,56.87,75
109973,Rohan Patel,EEE,6,8.5,57.2,50
109974,Aarav Singh,CSE,8,6.0,52.79,65
109975,Aditya Sharma,ME,1,9.0,76.98,65
109976,Vikram Verma,CE,7,8.0,98.62,65
109977,Priya Sharma,CE,4,6.0,52.62,50
109978,Diya Reddy,CSE,1,9.0,51.49,65
109979,Aditya Joshi,CSE,6,8.5,47.85,65
109980,Diya Joshi,CE,6,7.5,99.46,95
109981,Aarav Gupta,ME,4,8.0,6.66,95
109982,Aditya Rao,EEE,3,8.5,68.84,75
109983,Kabir Patel,ME,6,8.5,54.14,85
109984,Diya Sharma,ME,8,9.0,20.22,95
109985,Ananya Rao,EEE,6,8.5,7.49,85
109986,Sneha Jha,EEE,3,8.5,36.78,50
109987,Vikram Reddy,ECE,7,7.5,35.87,85
109988,Aditya Verma,CE,4,8.5,61.73,75
109989,Priya Verma,CE,4,6.0,92.6,75
109990,Sneha Reddy,EEE,4,9.0,76.41,65
109991,Isha Sharma,CSE,2,8.0,3.39,50
109992,Priya Patel,ECE,2,6.0,42.84,50
109993,Rohan Singh,ME,7,9.0,85.3,85
109994,Priya Singh,ME,8,9.0,79.65,50
109995,Sneha Jha,ME,3,6.0,21.92,75
109996,Vikram Sharma,CE,3,6.0,45.08,95
109997,Aditya Jha,CSE,3,6.0,37.0,65
109998,Sneha Singh,CSE,1,8.5,63.92,85
109999,Aarav Jha,CSE,1,7.5,67.35,50
110000,Aarav Joshi,EEE,7,8.5,26.39,85
